variety_wise_statistics,unnamed_1,unnamed_2,unnamed_3,unnamed_4,unnamed_5,unnamed_6
Crop Group: All Crop Groups,,,,,,
,From Notification Year,To Notification Year,Search Keyword,,,
,ALL,ALL,,,,
S.NO.,Crop Name,Variety Name,Recommended States,Yield Range (Quintal/Ha),Disease Resistant,Maturity Type
1,PADDY (DHAN),DRR Dhan- 80 (IET- 30757),"KARNATAKA, TELANGANA",50 - 60 Qt/Ha,Yes,Medium
2,PADDY (DHAN),DRR Dhan- 73 (IET- 30242),"KARNATAKA, ODISHA, TELANGANA",38 - 40 Qt/Ha,Yes,Early
3,PADDY (DHAN),27P38(IET-29734)(PHI-21104),"UTTAR PRADESH, BIHAR, JHARKHAND, ODISHA, WEST BENGAL, MAHARASHTRA, MADHYA PRADESH, CHHATTISGARH, TELANGANA, TAMIL NADU, ANDHRA PRADESH, KERALA, KARNATAKA, PUDUCHERRY",65 - 66 Qt/Ha,Yes,Medium
4,WHEAT,HD-3437,DELHI,53 - 55 Qt/Ha,Yes,Late
5,PADDY (DHAN),DRR Dhan- 75 (IET-30107),"TELANGANA, ANDHRA PRADESH, TAMIL NADU, KARNATAKA, ODISHA, JHARKHAND, BIHAR, GUJARAT, MAHARASHTRA",59 - 60 Qt/Ha,Yes,Medium
6,COTTON,Ajeet 909-2 BG-II (ACH 909-2 BG-II)),"ANDHRA PRADESH, TELANGANA, KARNATAKA, TAMIL NADU",23 - 25 Qt/Ha,Yes,Medium
7,PADDY (DHAN),DRR Dhan- 76 (IET-29808),"ODISHA, WEST BENGAL, ANDHRA PRADESH, KERALA, PUDUCHERRY",60 - 65 Qt/Ha,Yes,Medium
8,MAIZE (MAKKA),Pusa Shalimar Maize Hybrid- 1 (AH-7154),"JAMMU AND KASHMIR, JAMMU",78 - 84 Qt/Ha,Yes,Medium
9,BARLEY,DWRB-219,"PUNJAB, HARYANA, DELHI, UTTAR PRADESH, RAJASTHAN",54 - 55 Qt/Ha,Yes,Medium
10,COTTON,Ajeet 559-2 BG-II (ACH 559-2 BG-II),"PUNJAB, HARYANA, RAJASTHAN",26 - 28 Qt/Ha,Yes,
11,FABA BEAN,HFB-3 (HB 14-21),"HARYANA, DELHI, PUNJAB, UTTAR PRADESH, CHHATTISGARH",23 - 25 Qt/Ha,Yes,Medium
12,PADDY (DHAN),27P34 (IET-29726) (PHI- 21103),"UTTAR PRADESH, WEST BENGAL, ODISHA, JHARKHAND, BIHAR, ANDHRA PRADESH, TAMIL NADU, TELANGANA, PUDUCHERRY, KARNATAKA, KERALA",64 - 65 Qt/Ha,Yes,Medium
13,PADDY (DHAN),P 34407 (PM-21111 L),"PUNJAB, HARYANA, UTTARAKHAND, DELHI, RAJASTHAN, GUJARAT, CHHATTISGARH",90 - 91 Qt/Ha,Yes,Late
14,COTTON,RCH 999 BG-II,"MAHARASHTRA, MADHYA PRADESH, GUJARAT, RAJASTHAN",25 - 26 Qt/Ha,Yes,Medium
15,COTTON,RCH 965 BG-II,"MAHARASHTRA, MADHYA PRADESH, GUJARAT, RAJASTHAN",23 - 25 Qt/Ha,Yes,Medium
16,SUGARCANE (NOBLE CANE),Phule Sugarcane 15012 (MS -17082),MAHARASHTRA,1350 - 1500 Qt/Ha,Yes,Medium
17,COTTON,RCH 997 BG- II,"RAJASTHAN, PUNJAB, HARYANA",25 - 26 Qt/Ha,Yes,Medium
18,COTTON,RCH 983 BG-II,"PUNJAB, HARYANA, RAJASTHAN",29 - 30 Qt/Ha,Yes,Medium
19,COTTON,RCH 981 BG-II,"MAHARASHTRA, MADHYA PRADESH, GUJARAT, RAJASTHAN",21 - 23 Qt/Ha,Yes,Medium
20,COTTON,Ajeet 981-2 BG-II (ACH 981-2 BG-II)),"GUJARAT, MADHYA PRADESH, MAHARASHTRA, KARNATAKA, TAMIL NADU",26 - 28 Qt/Ha,Yes,Medium
21,LUCERNE (ALFALFA),BAIF Lucerne-5,"PUNJAB, RAJASTHAN",9 - 10 Qt/Ha,Yes,Medium
22,COTTON,RCH 1139 BG-II (Rasi Max 039 BG-II),"PUNJAB, HARYANA, RAJASTHAN",25 - 28 Qt/Ha,Yes,Early
23,COTTON,RCH 1101 BG-II (Rasi Max 001 BG- II) (RCH Max 001,"PUNJAB, HARYANA, RAJASTHAN",26 - 28 Qt/Ha,Yes,Early
24,PADDY (DHAN),Karjat- 10,MAHARASHTRA,48 - 53 Qt/Ha,Yes,Late
25,Maize (fodder),Gujarat Fodder Maize 1 (GFM 1:Anand Tall) (AFM 23),GUJARAT,440 - 450 Qt/Ha,Yes,Medium
26,COTTON,RCH 990 BG- II,"ANDHRA PRADESH, TELANGANA, KARNATAKA, TAMIL NADU",17 - 18 Qt/Ha,Yes,Early
27,COTTON,Ajeet 555-2 BG-II (ACH 555-2 BG-II)),"GUJARAT, MADHYA PRADESH, MAHARASHTRA",26 - 28 Qt/Ha,Yes,Medium
28,Greater Yam,GGy-1 (Gujarat Yam-1): Hemlata,GUJARAT,180 - 190 Qt/Ha,Yes,Medium
29,MAIZE (MAKKA),Shalimar Maize Hybrid 4 (H-64)(Hybrid),KASHMIR,55 - 56 Qt/Ha,Yes,Early
30,COTTON,RCH 1099 BG-11 (Rasi Max 006 BG-II),"ANDHRA PRADESH, TELANGANA, KARNATAKA, TAMIL NADU",26 - 28 Qt/Ha,Yes,Early
31,OAT,Shalimar Fodder Oats – 7(SKO-244),"JAMMU AND KASHMIR, HARYANA, PUNJAB",22 - 23 Qt/Ha,Yes,Medium
32,SUGARCANE (NOBLE CANE),CoVC 18061,KARNATAKA,1700 - 1800 Qt/Ha,Yes,Late
33,COTTON,DC 5100 BG-II,"ANDHRA PRADESH, KARNATAKA, TAMIL NADU, TELANGANA, MAHARASHTRA, MADHYA PRADESH, GUJARAT",22 - 27 Qt/Ha,Yes,Medium
34,COTTON,TSH 387 (SVPR 7),"ANDHRA PRADESH, TAMIL NADU, TELANGANA, KARNATAKA",21 - 22 Qt/Ha,Yes,Medium
35,COTTON,Ajeet 999-2 BG-II (ACH 999-2 BG- II),"PUNJAB, HARYANA, RAJASTHAN",35 - 38 Qt/Ha,Yes,Medium
36,PEARL MILLET,Him Palam Forage Oat-1 (PLP-24),"HIMACHAL PRADESH, UTTARAKHAND, JAMMU AND KASHMIR",22 - 23 Qt/Ha,Yes,Medium
37,Maize (fodder),Pant Forage Maize Hybrid 1 (DFH-2),"HARYANA, PUNJAB, RAJASTHAN, UTTARAKHAND, CHHATTISGARH, MADHYA PRADESH, UTTAR PRADESH, MAHARASHTRA",450 - 500 Qt/Ha,Yes,Medium
38,WATERMELON,Gujarat Kalingada 3 (SKNK 1407),"GUJARAT, RAJASTHAN",89 - 90 Qt/Ha,Yes,Medium
39,PADDY (DHAN),TRC 2020-14 (IET 29409),"BIHAR, HARYANA",50 - 60 Qt/Ha,Yes,Medium
40,CASHEW,BPP-11,ANDHRA PRADESH,160 - 170 Qt/Ha,Yes,Early
41,INDIAN SQUASH (TINDA),Kashi Hari (VRM-11-1),UTTAR PRADESH,150 - 160 Qt/Ha,Yes,Early
42,SAFFLOWER,Sunflower COH 4 (CSH 15020),TAMIL NADU,21 - 22 Qt/Ha,Yes,Medium
43,PADDY (DHAN),Indam 300-007 (IET21734),ASSAM,47 - 48 Qt/Ha,Yes,Medium
44,PEARL MILLET,HT 4252 (MH 2577) (HBH 191294)),"RAJASTHAN, GUJARAT, HARYANA, PUNJAB, UTTAR PRADESH, MADHYA PRADESH",41 - 42 Qt/Ha,Yes,Late
45,MAIZE (MAKKA),HT 5110 (HT 519074)(Hybrid),"BIHAR, JHARKHAND, ODISHA, WEST BENGAL, UTTAR PRADESH",80 - 82 Qt/Ha,Yes,Late
46,PEARL MILLET,ADV 955 (16ADV0055),"DELHI, UTTAR PRADESH, UTTARAKHAND, BIHAR, MADHYA PRADESH, MAHARASHTRA",514 - 516 Qt/Ha,Yes,Late
47,LITTLE MILLET,DHLM-28-4 (LMV 513),"ODISHA, JHARKHAND, CHHATTISGARH",17 - 18 Qt/Ha,Yes,Medium
48,CAULIFLOWER,Pusa Cauliflower Hybrid 101 (DCH- 1467),"PUNJAB, BIHAR, UTTAR PRADESH, JHARKHAND",180 - 190 Qt/Ha,Yes,Early
49,PECAN NUT,Jammu Pecan nut (SKJPP25),JAMMU AND KASHMIR,48 - 55 Qt/Ha,Yes,Medium
50,WALNUT,Bhushan (GL0109),JAMMU AND KASHMIR,55 - 60 Qt/Ha,Yes,Medium
51,CHILLIES,Dr. YSRHU- Siri (LCA- 616),ANDHRA PRADESH,317 - 320 Qt/Ha,Yes,Medium
52,TOMATO,Phule Kesari (B-1-1),MAHARASHTRA,59 - 61 Qt/Ha,Yes,Medium
53,COTTON,CICR-A COTTON 56 (CNA 1031),"MAHARASHTRA, MADHYA PRADESH, ODISHA, GUJARAT",4 - 14 Qt/Ha,Yes,Medium
54,COTTON,CICR-A COTTON 58 (CNH 17395),,,No,
55,COTTON,CICR-H COTTON 58 (CNH 17395),"ANDHRA PRADESH, KARNATAKA, TAMIL NADU, TELANGANA",33 - 34 Qt/Ha,Yes,Medium
56,COTTON,CICR-A COTTON 59 (CNA 17522),"MADHYA PRADESH, MAHARASHTRA, GUJARAT",15 - 16 Qt/Ha,Yes,Medium
57,COTTON,VSCH-369 BG II,"TAMIL NADU, TELANGANA, KARNATAKA, ANDHRA PRADESH",2.5 - 2.8 Qt/Ha,Yes,Medium
58,BERSEEM (EGYPTIAN CLOVER),BUNDLE BERSEEM-8 (JHB-18-2),"PUNJAB, HARYANA, RAJASTHAN, JAMMU AND KASHMIR, HIMACHAL PRADESH, UTTARAKHAND, UTTAR PRADESH, MADHYA PRADESH, CHHATTISGARH",823 - 940 Qt/Ha,Yes,Late
59,COTTON,VSCH-234 BG II (Hybrid),"TELANGANA, TAMIL NADU, KERALA, KARNATAKA",18 - 20 Qt/Ha,Yes,Early
60,COTTON,PANCHAGANGA ZCH 1439 BG II PRADHAN,"MAHARASHTRA, MADHYA PRADESH, GUJARAT",20 - 21 Qt/Ha,Yes,Medium
61,COTTON,PBH 115,"PUNJAB, HARYANA, RAJASTHAN",26.58 - 29.32 Qt/Ha,Yes,Medium
62,COTTON,ACH-909-2 BG II (Hybrid),"MAHARASHTRA, GUJARAT, MADHYA PRADESH",18 - 21 Qt/Ha,Yes,Medium
63,COTTON,US 704 BG II,"TELANGANA, TAMIL NADU, KARNATAKA, ANDHRA PRADESH",2.1 - 2.8 Qt/Ha,Yes,Medium
64,COTTON,NBC 2020 BG II(Hybrid),"MADHYA PRADESH, MAHARASHTRA, GUJARAT",11 - 14 Qt/Ha,Yes,Early
65,COTTON,ATCH-118 BG II,,,No,
66,COTTON,SBSG 1-5 (SIMA PLATINUM),"MAHARASHTRA, ODISHA, MADHYA PRADESH, GUJARAT",10 - 11 Qt/Ha,Yes,Early
67,Sweet Flag,APAc-5 (Swarn Swara) (VV-1),"ANDHRA PRADESH, KERALA, KARNATAKA, ASSAM, CHHATTISGARH, WEST BENGAL, HIMACHAL PRADESH, UTTAR PRADESH, ODISHA",27 - 30 Qt/Ha,Yes,Medium
68,TOMATO,Swarna Prakash,JHARKHAND,24 - 25 Qt/Ha,Yes,Early
69,ARECANUT (SUPARI),Swarna Kapoori,ANDHRA PRADESH,53+ Qt/Ha,Yes,Medium
70,COTTON,NEO 1656 BG II,"GUJARAT, MADHYA PRADESH, MAHARASHTRA",1.5 - 1.8 Qt/Ha,Yes,Medium
71,COTTON,CICR H BT COTTON 63 (SAMART BT),"ANDHRA PRADESH, KARNATAKA, TAMIL NADU, TELANGANA",20 - 28 Qt/Ha,Yes,Medium
72,COTTON,INDAM 1634 BG II,,,No,
73,Bajra (Fodder),Milkon (Dev 1)(Hybrid),"ANDHRA PRADESH, TELANGANA, TAMIL NADU, TRIPURA",88 - 90 Qt/Ha,Yes,Late
74,COTTON,CICR-H BT COTTON 60 (YOGANK BT),"MADHYA PRADESH, MAHARASHTRA, GUJARAT",12 - 13 Qt/Ha,Yes,Early
75,COTTON,SHAIV MC5444 BG II,"ANDHRA PRADESH, TELANGANA, TAMIL NADU",22 - 23 Qt/Ha,Yes,Medium
76,COTTON,KCH 9323 BG II (Hybrid),"HARYANA, PUNJAB, RAJASTHAN",35 - 36 Qt/Ha,Yes,
77,PEARS,Pusa Aarushi (GH-2016) (Hybrid),"DELHI, UTTAR PRADESH, UTTARAKHAND, CHHATTISGARH, HIMACHAL PRADESH, MADHYA PRADESH, PUNJAB, RAJASTHAN, WEST BENGAL, ODISHA",39 - 45 Qt/Ha,Yes,Medium
78,LIMA BEAN,PhuleSuvarn (GK-11),MAHARASHTRA,129 - 130 Qt/Ha,Yes,Early
79,COTTON,ARCH 3106 BG II (Hybrid),"MADHYA PRADESH, MAHARASHTRA, GUJARAT",18 - 22 Qt/Ha,Yes,Medium
80,COTTON,CICR-H BT COTTON 61 (TEJAS BT ),"MAHARASHTRA, GUJARAT, MADHYA PRADESH",11 - 13 Qt/Ha,Yes,Early
81,COTTON,CICR-H Bt Cotton 63 (Samrat Bt),"KARNATAKA, TAMIL NADU, ANDHRA PRADESH, TELANGANA",13 - 19 Qt/Ha,Yes,Early
82,BLACK GRAM,GUJARAT ANAND URDBEAN 4 (GAU 4 SHYAMAL),GUJARAT,8 - 10 Qt/Ha,Yes,Medium
83,FINGER MILLET (RAGI),Gossaigaon Marua Dhan (AAU-GSG-Marua Dhan-1),ASSAM,30 - 35 Qt/Ha,Yes,Medium
84,FINGER MILLET (RAGI),Phule Kasari (KOPN 942),MAHARASHTRA,20 - 22 Qt/Ha,Yes,Medium
85,COTTON,60 SS 66 BG II,"ANDHRA PRADESH, TAMIL NADU, TELANGANA, MAHARASHTRA",6 - 7 Qt/Ha,Yes,Medium
86,PADDY (DHAN),Sahyadrikempumukthi,KARNATAKA,60 - 70 Qt/Ha,Yes,Early
87,MAIZE (MAKKA),C.P.333,"MAHARASHTRA, ANDHRA PRADESH, TAMIL NADU, KARNATAKA",65 - 78 Qt/Ha,Yes,Medium
88,COTTON,LHDP COTTON-5,ANDHRA PRADESH,24 - 26 Qt/Ha,Yes,Medium
89,MAIZE (MAKKA),VL QPM Hybrid 61 (Hybrid),UTTARAKHAND,44 - 50 Qt/Ha,Yes,Early
90,PADDY (DHAN),CO 55 (CB 15714) 4,TAMIL NADU,47 - 50 Qt/Ha,Yes,Early
91,COTTON,SP7679BGII,"TELANGANA, ANDHRA PRADESH, KARNATAKA, TAMIL NADU",24 - 27 Qt/Ha,Yes,Medium
92,PADDY (DHAN),Pusa Basmati 1882 (IET 28788),"PUNJAB, HARYANA, DELHI, UTTAR PRADESH, UTTARAKHAND, JAMMU AND KASHMIR",42.5 - 46.9 Qt/Ha,Yes,Medium
93,MAIZE (MAKKA),GK 3303 (Hybrid),"PUNJAB, HARYANA, DELHI, UTTARAKHAND, UTTAR PRADESH",86 - 88 Qt/Ha,Yes,Late
94,MAIZE (MAKKA),IB IBCH 401 (IMHSB 19KB-2) (Hybrid),"ANDHRA PRADESH, MAHARASHTRA, KARNATAKA, TELANGANA, TAMIL NADU, CHHATTISGARH, GUJARAT, MADHYA PRADESH, RAJASTHAN",14 - 16 Qt/Ha,Yes,Medium
95,MAIZE (MAKKA),RC Manichujak-2,MANIPUR,32.2 - 35 Qt/Ha,Yes,Late
96,MAIZE (MAKKA),DHM 206 ((Telangana MAKKA-3) (BH 417206) (Hybrid),"HARYANA, PUNJAB, UTTARAKHAND, UTTAR PRADESH, DELHI, BIHAR, WEST BENGAL, ODISHA",70 - 72 Qt/Ha,Yes,Medium
97,COTTON,PAU Bt 5 (PBH Bt 21),"PUNJAB, HARYANA, RAJASTHAN",24 - 27 Qt/Ha,Yes,Medium
98,MAIZE (MAKKA),VL QPM Hybrid 63(Hybrid),UTTARAKHAND,46 - 55 Qt/Ha,Yes,Early
99,COTTON,Rocky (Hy. Cotton Daftari 3434 BG II),"MAHARASHTRA, MADHYA PRADESH, GUJARAT",19 - 23 Qt/Ha,Yes,Medium
100,COTTON,Ajeet-902-2 BG II (ACH 902-2) (Hybrid),"PUNJAB, HARYANA, RAJASTHAN",29 - 30 Qt/Ha,Yes,Medium
101,MAIZE (MAKKA),QPMH 6 (EDV of PMH 6) (Hybrid),"BIHAR, JHARKHAND, ODISHA, UTTAR PRADESH, WEST BENGAL",64 - 65 Qt/Ha,Yes,Medium
102,COTTON,C 376 BG II (Hybrid),"ANDHRA PRADESH, KARNATAKA, TAMIL NADU, TELANGANA",24 - 25 Qt/Ha,Yes,Medium
103,MAIZE (MAKKA),R 3414 (RMH 3414) (Hybrid),"MAHARASHTRA, TAMIL NADU, TELANGANA, KARNATAKA, ANDHRA PRADESH",98 - 101 Qt/Ha,Yes,Late
104,PADDY (DHAN),Sava 7501 (SHX-468) (IET 28128,"UTTAR PRADESH, RAJASTHAN, PUNJAB, KASHMIR, JAMMU AND KASHMIR",60 - 61 Qt/Ha,Yes,Medium
105,PEARL MILLET,Proagro 9001,"HARYANA, RAJASTHAN",50 - 51 Qt/Ha,Yes,Late
106,PEARL MILLET,Central Pearl Millet Hybrid MPMH 42 (Shree Anna Ba,"GUJARAT, HARYANA, RAJASTHAN",21.13 - 21.13 Qt/Ha,Yes,Early
107,COTTON,SP7674 BG II,"HARYANA, PUNJAB, RAJASTHAN",30 - 34 Qt/Ha,Yes,Medium
108,PEARL MILLET,Central Pearl Millet Hybrid GHB 1294 (Maru Moti) (,"GUJARAT, HARYANA, RAJASTHAN",22.23 - 22.23 Qt/Ha,Yes,Early
109,COTTON,Phule Ekata (RHB-1008) (Hybrid),"ANDHRA PRADESH, KARNATAKA, TAMIL NADU",17 - 18 Qt/Ha,Yes,Late
110,LENTIL (MASUR),BIDHAN LENTIL 16,WEST BENGAL,16 - 17 Qt/Ha,Yes,Early
111,PIGEON PEA (RED GRAM/ARHAR),Pusa Arhar Hybrid 5 (Hybrid),DELHI,18 - 19 Qt/Ha,Yes,Early
112,PEARL MILLET,Banas Nayan (GHB 1351),GUJARAT,58.17 - 58.17 Qt/Ha,Yes,Medium
113,PEARL MILLET,Palem Sajja-1625 (PBH- 1625),TELANGANA,32 - 32 Qt/Ha,Yes,Late
114,PEARL MILLET,ADV 984 (16ADV0111),"ANDAMAN AND NICOBAR ISLANDS, ANDHRA PRADESH, ARUNACHAL PRADESH, ASSAM, BIHAR, CHANDIGARH, CHHATTISGARH, DADRA AND NAGAR HAVELI, DAMAN AND DIU, DELHI, GOA, GUJARAT, HARYANA, HIMACHAL PRADESH, JAMMU, JAMMU AND KASHMIR, JHARKHAND, KARNATAKA, KASHMIR, KERALA, LADAKH, LAKSHADWEEP, MADHYA PRADESH, MAHARASHTRA, MANIPUR, MEGHALAYA, MIZORAM, NAGALAND, ODISHA, PUDUCHERRY, PUNJAB, RAJASTHAN, SIKKIM, TAMIL NADU, TELANGANA, TRIPURA, UTTARAKHAND, UTTAR PRADESH, WEST BENGAL",464 - 522 Qt/Ha,Yes,Late
115,PEARL MILLET,PA 9898 (MSH 371 (PB 1879),"GUJARAT, RAJASTHAN, UTTAR PRADESH, PUNJAB, MAHARASHTRA, TELANGANA, TAMIL NADU",47 - 49 Qt/Ha,Yes,Late
116,TOSSA JUTE,JROBA-3 (CRIJAF-Mukunda),"WEST BENGAL, ODISHA, BIHAR, ASSAM",28 - 40 Qt/Ha,Yes,Medium
117,COTTON,SS-246 Bt2,"ANDHRA PRADESH, TAMIL NADU, TELANGANA, KARNATAKA",23 - 27 Qt/Ha,Yes,Medium
118,COTTON,ATCH- 1365 BG II,"MADHYA PRADESH, MAHARASHTRA, GUJARAT",20 - 24 Qt/Ha,Yes,Medium
119,SORGHUM,Jumbo Super (CSH 52 MF) (SPH1967- ADV 6690),"ANDAMAN AND NICOBAR ISLANDS, ANDHRA PRADESH, ARUNACHAL PRADESH, ASSAM, BIHAR, CHANDIGARH, CHHATTISGARH, DADRA AND NAGAR HAVELI, DAMAN AND DIU, DELHI, GOA, GUJARAT, HARYANA, HIMACHAL PRADESH, JAMMU, JAMMU AND KASHMIR, JHARKHAND, KARNATAKA, KASHMIR, KERALA, LADAKH, LAKSHADWEEP, MADHYA PRADESH, MAHARASHTRA, MANIPUR, MEGHALAYA, MIZORAM, NAGALAND, ODISHA, PUDUCHERRY, PUNJAB, RAJASTHAN, SIKKIM, TAMIL NADU, TELANGANA, TRIPURA, UTTARAKHAND, UTTAR PRADESH, WEST BENGAL",885 - 980 Qt/Ha,Yes,Medium
120,SORGHUM,CSH 54 BMR (SPH 1991-ADV 6604),"ANDAMAN AND NICOBAR ISLANDS, ANDHRA PRADESH, ARUNACHAL PRADESH, ASSAM, BIHAR, CHANDIGARH, CHHATTISGARH, DADRA AND NAGAR HAVELI, DAMAN AND DIU, DELHI, GOA, GUJARAT, HARYANA, HIMACHAL PRADESH, JAMMU, JAMMU AND KASHMIR, JHARKHAND, KARNATAKA, KASHMIR, KERALA, LADAKH, LAKSHADWEEP, MADHYA PRADESH, MAHARASHTRA, MANIPUR, MEGHALAYA, MIZORAM, NAGALAND, ODISHA, PUDUCHERRY, PUNJAB, RAJASTHAN, SIKKIM, TAMIL NADU, TELANGANA, TRIPURA, UTTARAKHAND, UTTAR PRADESH, WEST BENGAL",392 - 411 Qt/Ha,Yes,Late
121,SORGHUM,SX 21 (CFSH 50) (SPH 1970) (CSH 51 MF),"ANDAMAN AND NICOBAR ISLANDS, ANDHRA PRADESH, ARUNACHAL PRADESH, ASSAM, BIHAR, CHANDIGARH, CHHATTISGARH, DADRA AND NAGAR HAVELI, DAMAN AND DIU, DELHI, GOA, GUJARAT, HARYANA, HIMACHAL PRADESH, JAMMU, JAMMU AND KASHMIR, JHARKHAND, KARNATAKA, KASHMIR, KERALA, LADAKH, LAKSHADWEEP, MADHYA PRADESH, MAHARASHTRA, MANIPUR, MEGHALAYA, MIZORAM, NAGALAND, ODISHA, PUDUCHERRY, PUNJAB, RAJASTHAN, SIKKIM, TAMIL NADU, TELANGANA, TRIPURA, UTTARAKHAND, UTTAR PRADESH, WEST BENGAL",881 - 1058 Qt/Ha,Yes,Medium
122,SORGHUM,CSH 50 F (SPH 1985- ADV 6610),ANDHRA PRADESH,394 - 427 Qt/Ha,Yes,Late
123,INDIAN BEAN (FIELD BEAN),Anindya (WBFP 14-S9),WEST BENGAL,30 - 32 Qt/Ha,Yes,Medium
124,Sorghum (fodder),Jumbo Diamond (CSH 53 MF) (SPH 1966) (ADV 6606),ANDHRA PRADESH,900 - 923 Qt/Ha,Yes,Medium
125,SUNFLOWER,KBSH-88,"MAHARASHTRA, GUJARAT, KARNATAKA, TAMIL NADU, TELANGANA, UTTARAKHAND, JAMMU AND KASHMIR",15 - 16 Qt/Ha,Yes,Medium
126,SUNFLOWER,Tilhan Tec- SUNH-2 IIOSH-460,"GUJARAT, MAHARASHTRA, KARNATAKA, TAMIL NADU, TELANGANA, UTTARAKHAND, ANDHRA PRADESH",17 - 23 Qt/Ha,Yes,Medium
127,PADDY (DHAN),Sava 7301 (SHX 015) (IET 27328),"UTTAR PRADESH, JHARKHAND, WEST BENGAL, TAMIL NADU, TELANGANA, KERALA, KARNATAKA",60 - 62 Qt/Ha,Yes,Early
128,COTTON,MC 5444 BG II,"ANDHRA PRADESH, TELANGANA, TAMIL NADU",23 - 27 Qt/Ha,Yes,Medium
129,PADDY (DHAN),28P68 (IET 29004 (PHI-20107),"BIHAR, ODISHA, JHARKHAND, UTTAR PRADESH, WEST BENGAL",60 - 62 Qt/Ha,Yes,Medium
130,COTTON,KCH 9322 BG II (Hybrid),"HARYANA, PUNJAB, RAJASTHAN",0.3 - 0.34 Qt/Ha,Yes,Medium
131,MAIZE (MAKKA),VL Madhurima (FSCH 144) (Hybrid),"UTTAR PRADESH, WEST BENGAL, BIHAR, JHARKHAND, KARNATAKA, TAMIL NADU, TELANGANA, ANDHRA PRADESH, MAHARASHTRA, MADHYA PRADESH, RAJASTHAN, GUJARAT, CHHATTISGARH",93 - 101 Qt/Ha,Yes,Early
132,PADDY (DHAN),Him Palam Dhan 3 (IET 27472) (HPR 2865),"HIMACHAL PRADESH, UTTARAKHAND",38.14 - 39.34 Qt/Ha,Yes,Early
133,COTTON,Nandyal Cotton 27 (NDLA 3104-4),"ANDHRA PRADESH, KARNATAKA, TAMIL NADU",9 - 10 Qt/Ha,Yes,Medium
134,COTTON,Nandyal Cotton 28 (NDLA-3116-3),"MADHYA PRADESH, MAHARASHTRA, GUJARAT",4.82 - 7.24 Qt/Ha,Yes,Medium
135,MAIZE (MAKKA),KMH 8121 (HM 20105) (Hybrid),"BIHAR, CHHATTISGARH, UTTAR PRADESH, WEST BENGAL, ODISHA, JHARKHAND",69 - 70 Qt/Ha,Yes,Medium
136,COTTON,MC 5500 BG II (Hybrid),"TELANGANA, TAMIL NADU, ANDHRA PRADESH",18 - 19 Qt/Ha,Yes,Late
137,SESAME (GINGELLY),Sabour Til- 1 (BRT-04),"BIHAR, ANDHRA PRADESH, WEST BENGAL, MADHYA PRADESH",9.92 - 1021 Qt/Ha,Yes,Medium
138,SOYBEAN,JS 22-16 (Jawahar Soybean 22-16,"MADHYA PRADESH, MAHARASHTRA, RAJASTHAN, GUJARAT, UTTAR PRADESH",20.7 - 22.04 Qt/Ha,Yes,Early
139,WHEAT,Karan Shivangi (DBW 359),"MADHYA PRADESH, CHHATTISGARH, GUJARAT, RAJASTHAN, UTTAR PRADESH, MAHARASHTRA, KARNATAKA, TAMIL NADU, GOA, ANDHRA PRADESH",41.7 - 42.5 Qt/Ha,Yes,Medium
140,SOYBEAN,Indore Soy 136 (IS 136) NRC 136,"BIHAR, JHARKHAND, CHHATTISGARH, ODISHA, WEST BENGAL",16 - 21 Qt/Ha,Yes,Medium
141,MAIZE (MAKKA),DKC9215 (IU8636) (Hybrid),"ANDAMAN AND NICOBAR ISLANDS, ANDHRA PRADESH, ARUNACHAL PRADESH, ASSAM, BIHAR, CHANDIGARH, CHHATTISGARH, DADRA AND NAGAR HAVELI, DAMAN AND DIU, DELHI, GOA, GUJARAT, HARYANA, HIMACHAL PRADESH, JAMMU, JAMMU AND KASHMIR, JHARKHAND, KARNATAKA, KASHMIR, KERALA, LADAKH, LAKSHADWEEP, MADHYA PRADESH, MAHARASHTRA, MANIPUR, MEGHALAYA, MIZORAM, NAGALAND, ODISHA, PUDUCHERRY, PUNJAB, RAJASTHAN, SIKKIM, TAMIL NADU, TELANGANA, TRIPURA, UTTARAKHAND, UTTAR PRADESH, WEST BENGAL",84 - 85 Qt/Ha,Yes,Late
142,MAIZE (MAKKA),Pratap (Hybrid)-6 (EH- 2936) (Hybrid),RAJASTHAN,58 - 62 Qt/Ha,Yes,Early
143,MAIZE (MAKKA),Shalimar Kishenganga -3 (KDM-30),"JAMMU AND KASHMIR, HIMACHAL PRADESH, UTTARAKHAND",50 - 55 Qt/Ha,Yes,Early
144,COTTON,Hy. Daftari 1579 BG II (Hybrid),"MAHARASHTRA, MADHYA PRADESH, GUJARAT",20 - 21 Qt/Ha,Yes,Medium
145,PADDY (DHAN),INH 211120 (IET 28950) (HRI-207) (Hybrid),"ANDAMAN AND NICOBAR ISLANDS, ANDHRA PRADESH, ARUNACHAL PRADESH, ASSAM, BIHAR, CHANDIGARH, CHHATTISGARH, DADRA AND NAGAR HAVELI, DAMAN AND DIU, DELHI, GOA, GUJARAT, HARYANA, HIMACHAL PRADESH, JAMMU, JAMMU AND KASHMIR, JHARKHAND, KARNATAKA, KASHMIR, KERALA, LADAKH, LAKSHADWEEP, MADHYA PRADESH, MAHARASHTRA, MANIPUR, MEGHALAYA, MIZORAM, NAGALAND, ODISHA, PUDUCHERRY, PUNJAB, RAJASTHAN, SIKKIM, TAMIL NADU, TELANGANA, TRIPURA, UTTARAKHAND, UTTAR PRADESH, WEST BENGAL",55 - 61 Qt/Ha,Yes,Early
146,PADDY (DHAN),RRX 3350 (IET 28982) (RRX-809),"PUNJAB, HARYANA",62.69 - 66.05 Qt/Ha,Yes,Medium
147,MAIZE (MAKKA),CP Sweet 2,"JAMMU AND KASHMIR, HIMACHAL PRADESH, UTTARAKHAND, MEGHALAYA, SIKKIM, ASSAM, TRIPURA, NAGALAND, MANIPUR, ARUNACHAL PRADESH",146.2 - 144.7 Qt/Ha,Yes,Medium
148,COTTON,KCH 9344 BG II (Hybrid),"HARYANA, PUNJAB, RAJASTHAN",0.3 - 0.4 Qt/Ha,Yes,Medium
149,MAIZE (MAKKA),JKMH 4243 (Hybrid),"ANDHRA PRADESH, MAHARASHTRA, TAMIL NADU, TELANGANA, KARNATAKA",9.1 - 10.03 Qt/Ha,Yes,Medium
150,PADDY (DHAN),DR8611 (IET29017) (Hybrid),"MAHARASHTRA, GUJARAT, MADHYA PRADESH, CHHATTISGARH",59 - 60 Qt/Ha,Yes,Medium
151,PEARL MILLET,86M22 (MSH 377),"GUJARAT, KARNATAKA, MADHYA PRADESH, MAHARASHTRA, PUNJAB, RAJASTHAN, TAMIL NADU, TELANGANA",48 - 49 Qt/Ha,Yes,Medium
152,BENGAL GRAM (CHICK PEA),Swarna Lakshami (DBGC 3),"UTTAR PRADESH, BIHAR, JHARKHAND, WEST BENGAL, ASSAM",17.5 - 18.94 Qt/Ha,Yes,Medium
153,PADDY (DHAN),CR Dhan 329 (IET 29236) ((CR 3580 - 3-1-1-1-1-1-2),"GUJARAT, MAHARASHTRA, ODISHA, BIHAR",55.23 - 61.34 Qt/Ha,Yes,Medium
154,GREEN GRAM,MH 1772,"ASSAM, BIHAR, JHARKHAND, WEST BENGAL, UTTAR PRADESH",10 - 11 Qt/Ha,Yes,Medium
155,MAIZE (MAKKA),IMH 228 (IMHSB 19R-10),"WEST BENGAL, UTTAR PRADESH, ODISHA, JHARKHAND, BIHAR",105 - 110 Qt/Ha,Yes,Medium
156,MAIZE (MAKKA),DKC8211 (IU8229) (Hybrid),"JAMMU AND KASHMIR, JAMMU, HIMACHAL PRADESH, ARUNACHAL PRADESH, ASSAM, MEGHALAYA, MANIPUR, MIZORAM",93 - 94 Qt/Ha,Yes,Medium
157,MAIZE (MAKKA),IMH 226 (IMHSB 17R-17) (Hybrid),"HARYANA, DELHI, UTTAR PRADESH, UTTARAKHAND, PUNJAB",98 - 99 Qt/Ha,Yes,Medium
158,MAIZE (MAKKA),ADV 768 (ADV 7251) (Hybrid),"ANDHRA PRADESH, KARNATAKA, MADHYA PRADESH, MAHARASHTRA, RAJASTHAN, TAMIL NADU, TELANGANA, GUJARAT, CHHATTISGARH",100 - 110 Qt/Ha,Yes,Late
159,COTTON,ARCH 3001 BG II (hybrid),"MADHYA PRADESH, MAHARASHTRA, GUJARAT",18 - 20 Qt/Ha,Yes,Medium
160,COTTON,ACH-52-2 BG II (Hybrid),"TELANGANA, ANDHRA PRADESH, KARNATAKA, TAMIL NADU",26 - 27 Qt/Ha,Yes,Medium
161,PADDY (DHAN),CR Dhan 322 (IET 28506) (CR3969-17-2-2- 1-1-1-1),"MAHARASHTRA, CHHATTISGARH",54.48 - 57.38 Qt/Ha,Yes,Late
162,INDIAN MUSTARD,Malviya Nidhi HUJM-10-6,,1044 - 1144 Qt/Ha,No,
163,COTTON,NH 1901 Bt,"MAHARASHTRA, GUJARAT, MADHYA PRADESH",14.74 - 18.98 Qt/Ha,Yes,Medium
164,INDIAN MUSTARD,SVJH-71,,,No,
165,SUGARCANE (NOBLE CANE),CoLK 15201 (IKSHU-11),"HARYANA, PUNJAB, UTTAR PRADESH, RAJASTHAN, UTTARAKHAND",939 - 995 Qt/Ha,Yes,Early
166,WHEAT,Krishidhara Surya (UAS 478),"MAHARASHTRA, KARNATAKA",32.67 - 35.5 Qt/Ha,Yes,Early
167,OAT,OL 1874-1,"TAMIL NADU, KARNATAKA",330 - 442 Qt/Ha,Yes,Medium
168,BRINJAL,Pusa Hara Baingan 2,"DELHI, HARYANA, RAJASTHAN",385 - 390 Qt/Ha,Yes,Early
169,ONION,PWO-2 (PWO-35),PUNJAB,388 - 390 Qt/Ha,Yes,Medium
170,ONION,Him Palam ShwetaDPWO-1 ( Palam White),HIMACHAL PRADESH,270 - 350 Qt/Ha,Yes,Early
171,FRENCH BEAN (VEGETABLE),Kashi Agrim (VRFBB-91),"JAMMU AND KASHMIR, HIMACHAL PRADESH, UTTARAKHAND",125 - 140 Qt/Ha,Yes,Early
172,PEA (VEGETABLE),Him Palam Matar-1 (DPP-SP-22),HIMACHAL PRADESH,140 - 165 Qt/Ha,Yes,Medium
173,PEA (VEGETABLE),Him Palam Matar-2,HIMACHAL PRADESH,150 - 160 Qt/Ha,Yes,Medium
174,CHILLIES,Him Palam Mirch-2 (DPCh-38),,,No,
175,CHILLIES,PDKV Hirkani (AKC-406),MAHARASHTRA,38 - 49 Qt/Ha,Yes,Late
176,CHILLIES,Him Palam Mirch-1 (DPCh-27),HIMACHAL PRADESH,120 - 140 Qt/Ha,Yes,Early
177,BENGAL GRAM (CHICK PEA),Raj Vijay Gram 2K21 (RVG 2K21) (RVSSG 61),MADHYA PRADESH,17.19 - 17.35 Qt/Ha,Yes,Medium
178,SOYBEAN,Shalimar Soybean-2 (SKUA-WSB-101),JAMMU AND KASHMIR,23 - 24 Qt/Ha,Yes,Early
179,COTTON,RCH 960 BG II,"PUNJAB, HARYANA, RAJASTHAN",30 - 35 Qt/Ha,Yes,Medium
180,COTTON,PS 837,,,No,
181,COTTON,VRISHTI MC5441 BG II,,,No,
182,COTTON,DAMAK MC5459 BG II,,,No,
183,COTTON,RCH-971 BG II,"ANDHRA PRADESH, TELANGANA, KARNATAKA, TAMIL NADU",20 - 25 Qt/Ha,Yes,Early
184,CUCUMBER,Pusa Capsicum-1 (KTC-1),HIMACHAL PRADESH,212 - 214 Qt/Ha,Yes,Early
185,BANYARD MILLET,Phule Bharti-1 (KOPBM 46),MAHARASHTRA,13 - 17 Qt/Ha,Yes,
186,COTTON,CCH-03 BG II (CCH-333 BGH),"ANDHRA PRADESH, TELANGANA",20 - 23 Qt/Ha,Yes,Medium
187,INDIAN BEAN (DOLICHOS BEAN),Kashi Bouni Sem- 3,"DELHI, HARYANA, GUJARAT, MADHYA PRADESH, MAHARASHTRA, KARNATAKA, TAMIL NADU, KERALA",180 - 200 Qt/Ha,Yes,Early
188,SAFFLOWER,Parbhani Suvarna (PBNS-154),MAHARASHTRA,10 - 12 Qt/Ha,Yes,Medium
189,PADDY (DHAN),Gujarat Rice 21 (GR 21: Vatrak),GUJARAT,56 - 59 Qt/Ha,Yes,Medium
190,PADDY (DHAN),AZ 8433 DT (IET 28160),"HARYANA, PUNJAB, UTTAR PRADESH, BIHAR, JHARKHAND, ODISHA, MADHYA PRADESH, CHHATTISGARH, TELANGANA, ANDHRA PRADESH, TAMIL NADU, KARNATAKA",67 - 68 Qt/Ha,Yes,Medium
191,CAULIFLOWER,Sabour Mukta (BRECF 117/13),"ANDHRA PRADESH, ODISHA, CHHATTISGARH",188 - 189 Qt/Ha,Yes,Early
192,CAULIFLOWER,Pusa Cauliflower Hybrid 101 (DCH-1467),"PUNJAB, UTTAR PRADESH, BIHAR, JHARKHAND",190 - 200 Qt/Ha,Yes,Early
193,CAULIFLOWER,Pusa Cauliflower Hybrid 3 (DCH-976),DELHI,389 - 390 Qt/Ha,Yes,Late
194,CAULIFLOWER,Pusa Snowball Hybrid-2 (KTH-DH-1),"DELHI, HIMACHAL PRADESH",420 - 450 Qt/Ha,Yes,Late
195,TOMATO,Gujarat Anand Tomato 8 (GAT 8: Anand Roma),GUJARAT,412 - 415 Qt/Ha,Yes,Medium
196,TURMERIC,Dr. YSRHU Lam Swarna,"ANDHRA PRADESH, TELANGANA, TAMIL NADU",109+ Qt/Ha,Yes,Late
197,KODO MILLET,Dahod Kodo 1 (CKMV 3),"ANDHRA PRADESH, CHHATTISGARH, JHARKHAND, MADHYA PRADESH, TAMIL NADU",30 - 67 Qt/Ha,Yes,Medium
198,SORGHUM,CSH 48 (SPH 1938),"KARNATAKA, TAMIL NADU, TELANGANA, MADHYA PRADESH, GUJARAT, RAJASTHAN",36 - 40 Qt/Ha,Yes,Early
199,INDIAN MUSTARD,PA- 5252,,2108 - 2108 Qt/Ha,No,
200,SORGHUM,GUJARAT DANTIWADA JOWAR 1 (GDJ 1 BANAS SURYA),,,No,
201,SORGHUM,GUJARAT JOWAR-101 (GJ-101 MADHU MOTI),,,No,
202,SORGHUM,PARBHANI SHAKTI (PVK 1009),MAHARASHTRA,36 - 38 Qt/Ha,Yes,Medium
203,SORGHUM,Haryana Jowar 1514 (HJ 1514),HARYANA,644 - 650 Qt/Ha,Yes,Late
204,COTTON,GBCH-1801 BG II,"MAHARASHTRA, GUJARAT, MADHYA PRADESH, KARNATAKA, ANDHRA PRADESH, TELANGANA, TAMIL NADU",18 - 20 Qt/Ha,Yes,Medium
205,INDIAN MUSTARD,TROMBAY BIDHAN MUSTARD-143 (TBM-143),WEST BENGAL,10.83 - 18.24 Qt/Ha,Yes,Early
206,INDIAN MUSTARD,JAMMU MUSTARD 135 (JM 13-5),JAMMU,15 - 16 Qt/Ha,Yes,Medium
207,CABBAGE,Pusa Pakchoi-1,DELHI,500 - 550 Qt/Ha,Yes,Medium
208,FENUGREEK,Gujarat Methi 3,"ANDHRA PRADESH, GUJARAT, UTTARAKHAND, UTTAR PRADESH",18 - 20 Qt/Ha,Yes,Medium
209,BLACK GRAM,Madhira Minumnu-01 (MBG-1070),TELANGANA,5.5 - 6.5 Qt/Ha,Yes,Medium
210,PADDY (DHAN),DRR Dhan 65 (IET 27641),"TELANGANA, ANDHRA PRADESH, KARNATAKA, CHHATTISGARH, JHARKHAND, MAHARASHTRA",40 - 65 Qt/Ha,Yes,Late
211,Apple,test hybrid crop,PUNJAB,234 - 300 Qt/Ha,Yes,
212,MAIZE (MAKKA),COH (M) 11 (CMH 12-686),TAMIL NADU,99 - 103 Qt/Ha,Yes,
213,COMMON MILLET (PROSO MILLET),GPUP 28,KARNATAKA,17 - 20 Qt/Ha,Yes,Medium
214,Apple,test 1999,"GOA, MAHARASHTRA",234.3 - 300.5 Qt/Ha,Yes,
215,BLACK GRAM,Lam Minumu 884 (LBG 884),ANDHRA PRADESH,20 - 22 Qt/Ha,Yes,Medium
216,GREEN GRAM,TRCRM-147,KARNATAKA,6 - 7 Qt/Ha,Yes,Early
217,MAIZE (MAKKA),VL Madhurima (FSCH 144),"UTTAR PRADESH, BIHAR, WEST BENGAL, MAHARASHTRA, KARNATAKA, TAMIL NADU, TELANGANA, ANDHRA PRADESH, RAJASTHAN, GUJARAT, MADHYA PRADESH, CHHATTISGARH",101.2 - 105.6 Qt/Ha,Yes,
218,MAIZE (MAKKA),VL VitA (FPVH 1),"JAMMU AND KASHMIR, HIMACHAL PRADESH, UTTARAKHAND, ASSAM, ARUNACHAL PRADESH, MEGHALAYA, MANIPUR, SIKKIM, TRIPURA",68.5 - 74.95 Qt/Ha,Yes,Early
219,COTTON,SP7686 BG II,"ANDHRA PRADESH, KARNATAKA, TAMIL NADU, TELANGANA",17 - 19 Qt/Ha,Yes,Medium
220,GROUNDNUT,VRI 9 (VG 13163),TAMIL NADU,31 - 35 Qt/Ha,Yes,Late
221,COTTON,CICR-A NC Cotton 57 (CNA1091),"ANDHRA PRADESH, TELANGANA, KARNATAKA, TAMIL NADU",1.24 - 1.26 Qt/Ha,Yes,Medium
222,PADDY (DHAN),DRRH-4 (IET 27937)(Hybrid),"PUNJAB, ODISHA, TRIPURA, CHHATTISGARH, GUJARAT",50 - 57 Qt/Ha,Yes,Early
223,BLACK GRAM,Black gram ADT 7 (AD) (TR) BG14003,TAMIL NADU,7 - 8 Qt/Ha,Yes,Medium
224,Sorghum (fodder),Pant Chari 15 (UTMC 559),UTTARAKHAND,700 - 843 Qt/Ha,Yes,Medium
225,COTTON,CICR B Cotton 55 (CCB 51-2),"ANDHRA PRADESH, TELANGANA, TAMIL NADU, KARNATAKA",19 - 20 Qt/Ha,Yes,
226,SOYBEAN,BIRSA SOYBEAN-4 (BAUS-96),JHARKHAND,28 - 29 Qt/Ha,Yes,Medium
227,MAIZE (MAKKA),MEGHA MAIZE 1 (RCM 1-61),"JAMMU AND KASHMIR, UTTARAKHAND, HIMACHAL PRADESH, MEGHALAYA, MANIPUR",45 - 50 Qt/Ha,Yes,Late
228,GREEN GRAM,GUJARAT ANAND MUNGBEAN 8 (GAM 8 HARA MOTI),GUJARAT,11 - 12 Qt/Ha,Yes,Medium
229,MAIZE (MAKKA),Gujarat Dantiwada Yellow Maize Hybrid 101,GUJARAT,54 - 57 Qt/Ha,Yes,
230,MAIZE (MAKKA),Shalimar Maize Hybrid-5 (IMH-221),JAMMU AND KASHMIR,,Yes,
231,GREEN GRAM,Lam Pesara 607 (LGG 607),ANDHRA PRADESH,15 - 17 Qt/Ha,Yes,Early
232,PADDY (DHAN),DRR Dhan 67 (BRRI Dhan 84),"ASSAM, WEST BENGAL, TRIPURA",65 - 88 Qt/Ha,Yes,Late
233,PADDY (DHAN),NK5231 (IET28849),"ASSAM, UTTAR PRADESH, WEST BENGAL, ODISHA",60 - 81 Qt/Ha,Yes,Medium
234,PEARL MILLET,Pearl Millet Hybrid COH 10 (TNBH 1619),TAMIL NADU,35.62 - 35.62 Qt/Ha,Yes,Medium
235,SUNFLOWER,BLSFH-15004 (Hybrid),"BIHAR, CHHATTISGARH, HARYANA, KARNATAKA, PUNJAB, TELANGANA, MAHARASHTRA",18 - 20 Qt/Ha,Yes,Medium
236,PEARL MILLET,VPMH 14,KARNATAKA,30 - 38 Qt/Ha,Yes,
237,BLACK GRAM,Phule Vasu (PU-0609-43),MAHARASHTRA,19 - 20 Qt/Ha,Yes,Early
238,PADDY (DHAN),DRR Dhan 69 (BRRI Dhan 100),"ASSAM, WEST BENGAL, TRIPURA",68 - 70 Qt/Ha,Yes,Late
239,PADDY (DHAN),TKM 15 (TM 12077),TAMIL NADU,39.95 - 42.17 Qt/Ha,Yes,Early
240,BLACK GRAM,TRCRU-22,KARNATAKA,8 - 9 Qt/Ha,Yes,Medium
241,PADDY (DHAN),VL Dhan 70,UTTARAKHAND,39 - 40 Qt/Ha,Yes,Medium
242,INDIAN MUSTARD,KMR 16-2 (SUREKHA),UTTAR PRADESH,22.72 - 23 Qt/Ha,Yes,Medium
243,COTTON,CICR-H COTTON 54 (NANO),"GUJARAT, MAHARASHTRA, MADHYA PRADESH, ODISHA, ANDHRA PRADESH, TELANGANA, KARNATAKA, TAMIL NADU",21 - 22 Qt/Ha,Yes,Early
244,Maize (fodder),Shalimar Fodder Maize-1 (KDFM-1),JAMMU AND KASHMIR,430 - 450 Qt/Ha,Yes,Early
245,COTTON,KCH 9292 BG II,"MAHARASHTRA, GUJARAT, MADHYA PRADESH, ANDHRA PRADESH, TELANGANA, KARNATAKA, HARYANA, PUNJAB",19 - 20 Qt/Ha,Yes,Medium
246,COTTON,KCH 9333 BG II,"HARYANA, PUNJAB, RAJASTHAN",36 - 37 Qt/Ha,Yes,Medium
247,BLACK GRAM,Pant Urd 11 (PU 13-05),UTTARAKHAND,17 - 18 Qt/Ha,Yes,Early
248,MAIZE (MAKKA),Mizo Popcorn 1 (MZM 17),MIZORAM,35 - 40 Qt/Ha,Yes,Medium
249,FINGER MILLET (RAGI),Gosthani (VR 1099),ANDHRA PRADESH,35 - 38 Qt/Ha,Yes,Medium
250,GREEN GRAM,Gujarat Mung 10 (Sorath Moti),GUJARAT,11 - 12 Qt/Ha,Yes,Medium
251,BENGAL GRAM (CHICK PEA),Sorath Kabuli 2 (Gujarat Kabuli Gram 2),GUJARAT,21 - 22 Qt/Ha,Yes,Early
252,BERSEEM (EGYPTIAN CLOVER),BUNDEL BERSEEM- 7 (JHB-18-1),"PUNJAB, HARYANA, RAJASTHAN, UTTARAKHAND, JAMMU AND KASHMIR, MADHYA PRADESH, CHHATTISGARH, MAHARASHTRA",630 - 336 Qt/Ha,Yes,Medium
253,WHEAT,Mavanti (CG 1040),"MADHYA PRADESH, GUJARAT, RAJASTHAN, UTTAR PRADESH",33 - 35 Qt/Ha,Yes,Early
254,WHEAT,WH 1402,"PUNJAB, HARYANA, DELHI, RAJASTHAN, UTTAR PRADESH, UTTARAKHAND",52 - 54 Qt/Ha,Yes,Medium
255,COTTON,KR-136,"HARYANA, PUNJAB, RAJASTHAN",31 - 34 Qt/Ha,Yes,Early
256,MAIZE (MAKKA),IMH 223 (Hybrid),"PUNJAB, HARYANA, UTTAR PRADESH, UTTARAKHAND, DELHI",100 - 104 Qt/Ha,Yes,Medium
257,BLACK GRAM,Narmada (IPU 19-10),MADHYA PRADESH,10 - 12 Qt/Ha,Yes,Early
258,PADDY (DHAN),OUAT Kalinga Rice 6 (Bhargavi) (IET 23565),ODISHA,44 - 45 Qt/Ha,Yes,Late
259,PADDY (DHAN),JR 21 (JR 81-01),MADHYA PRADESH,55 - 60 Qt/Ha,Yes,Medium
260,SORGHUM,CSH 46MF (FAT BOY)(Hybrid),"GUJARAT, HARYANA, PUNJAB, UTTAR PRADESH, RAJASTHAN",916 - 1129 Qt/Ha,Yes,Medium
261,WHEAT,Pusa Wheat 3386 (HD 3386),"PUNJAB, HARYANA, DELHI, RAJASTHAN, UTTAR PRADESH, UTTARAKHAND, JAMMU AND KASHMIR, HIMACHAL PRADESH",62 - 76 Qt/Ha,Yes,Medium
262,BERSEEM (EGYPTIAN CLOVER),BL 45 (BM 12),"HIMACHAL PRADESH, JAMMU AND KASHMIR, UTTARAKHAND, HARYANA, PUNJAB, RAJASTHAN, MAHARASHTRA, MADHYA PRADESH, UTTAR PRADESH",282 - 300 Qt/Ha,Yes,Medium
263,PADDY (DHAN),Telangana Rice 6 (KNM 7048 (IET 28332),"ODISHA, WEST BENGAL, CHHATTISGARH, MAHARASHTRA",57 - 61 Qt/Ha,Yes,Early
264,SORGHUM,CSV 58SS (SPV 2789),"MAHARASHTRA, TELANGANA, TAMIL NADU, PUNJAB, UTTAR PRADESH",508 - 520 Qt/Ha,Yes,Late
265,SORGHUM,K 13,TAMIL NADU,25 - 26 Qt/Ha,Yes,Early
266,SORGHUM,CSV54HB (SPV 2714),"TELANGANA, GUJARAT, PUNJAB, UTTARAKHAND",50 - 51 Qt/Ha,Yes,Late
267,SUGARCANE (NOBLE CANE),Phule 11082 (CoM 11082),MAHARASHTRA,115 - 120 Qt/Ha,Yes,Early
268,SORGHUM,CSV 50 Red (SPV 2612),"KARNATAKA, MAHARASHTRA, TELANGANA",36 - 41 Qt/Ha,Yes,Medium
269,SORGHUM,Haryana Jowar Hybrid 1513 (HJH 1513),HARYANA,700 - 716 Qt/Ha,Yes,Late
270,PADDY (DHAN),CR Dhan 214 (IET 29436) (CRR 821-21-2- 1-3),"ODISHA, BIHAR, HARYANA, GUJARAT",43 - 46 Qt/Ha,Yes,Early
271,PADDY (DHAN),CR Dhan 804 (IET 28032) (CRR 751-1-7-B-B),"JHARKHAND, UTTAR PRADESH, TAMIL NADU, CHHATTISGARH, ANDHRA PRADESH, TELANGANA",19 - 21 Qt/Ha,Yes,Medium
272,Sorghum (fodder),CSV 53F (SPV 2705),"GUJARAT, RAJASTHAN, PUNJAB, HARYANA, UTTARAKHAND, MAHARASHTRA, KARNATAKA, TAMIL NADU",482 - 485 Qt/Ha,Yes,Late
273,LINSEED,DLV-6 (Prabhakanth),KARNATAKA,7 - 8 Qt/Ha,Yes,Early
274,PADDY (DHAN),S7004 (IET29001),"MADHYA PRADESH, CHHATTISGARH, GUJARAT, MAHARASHTRA, ANDHRA PRADESH",58 - 65 Qt/Ha,Yes,Medium
275,PADDY (DHAN),Swarna Purvi Dhan 3 (IET 28329),"BIHAR, HARYANA, RAJASTHAN, UTTAR PRADESH",55 - 63 Qt/Ha,Yes,Early
276,NIGER (RAMTIL),Jawahar Niger Selection 2016-1413 (JNS 2016-1413),"CHHATTISGARH, JHARKHAND",62 - 74 Qt/Ha,Yes,Medium
277,WHEAT,PBW 826,"DELHI, HARYANA, PUNJAB, RAJASTHAN, UTTAR PRADESH, JAMMU AND KASHMIR, HIMACHAL PRADESH, UTTARAKHAND, WEST BENGAL, ODISHA, JHARKHAND, ASSAM, BIHAR",63 - 65 Qt/Ha,Yes,Medium
278,SUGARCANE (NOBLE CANE),CoLK 15466 (IKSHU-13),"UTTAR PRADESH, BIHAR, JHARKHAND, WEST BENGAL, ODISHA",850 - 860 Qt/Ha,Yes,Early
279,PADDY (DHAN),CR Dhan 414 (IET 27051),"ODISHA, WEST BENGAL, ANDHRA PRADESH",42 - 47 Qt/Ha,Yes,Late
280,PADDY (DHAN),CR Dhan 211 (IET 29411),"ODISHA, BIHAR, JHARKHAND, MAHARASHTRA, GUJARAT, CHHATTISGARH",42 - 55 Qt/Ha,Yes,Medium
281,ROCKET SALAD (TARAMIRA),KRISHNA TARA (RTM-1624),"RAJASTHAN, HARYANA, PUNJAB, MADHYA PRADESH, UTTAR PRADESH, GUJARAT, DELHI, MAHARASHTRA, UTTARAKHAND",12 - 14 Qt/Ha,Yes,Early
282,PADDY (DHAN),CR Dhan 331(IET 28508) (CR 2830-48-1),"MAHARASHTRA, CHHATTISGARH",54 - 56 Qt/Ha,Yes,Late
283,PADDY (DHAN),DRRH-5 (IET 27847) (IIRRH-115),"WEST BENGAL, ANDHRA PRADESH, GUJARAT, GOA",34.36 - 36.5 Qt/Ha,Yes,Early
284,INDIAN MUSTARD,Pant Pili Sarson-2 (PYS2016-8),UTTARAKHAND,32 - 33 Qt/Ha,Yes,Medium
285,MAIZE (MAKKA),IMH 225 (IMHSB 17R-16) (Hybrid),"RAJASTHAN, UTTARAKHAND, UTTAR PRADESH, HARYANA, PUNJAB, DELHI",62.06 - 65.45 Qt/Ha,Yes,Medium
286,BENGAL GRAM (CHICK PEA),GNG 2461,"DELHI, HARYANA, JAMMU AND KASHMIR, RAJASTHAN, UTTAR PRADESH, PUNJAB",18 - 22 Qt/Ha,Yes,Late
287,PADDY (DHAN),CR Dhan 323 (Jyotsna),ODISHA,50 - 60 Qt/Ha,Yes,Medium
288,INDIAN BEAN (DOLICHOS BEAN),Arka Krishna,KARNATAKA,30 - 35 Qt/Ha,Yes,Late
289,PADDY (DHAN),Telangana Rice 5 (RNR28362) (IET 28746),"UTTAR PRADESH, ODISHA, MAHARASHTRA, GUJARAT",48 - 50 Qt/Ha,Yes,Medium
290,COWPEA (PULSES),VBN 4 (VCP 14-001),TAMIL NADU,10 - 11 Qt/Ha,Yes,Medium
291,COTTON,Narmada Gold (G. Cot. 31) (GBhv 356),GUJARAT,11.05 - 11.71 Qt/Ha,Yes,Late
292,BENGAL GRAM (CHICK PEA),ADVIKA (NC 7),"GUJARAT, MAHARASHTRA, MADHYA PRADESH, RAJASTHAN, UTTAR PRADESH",15 - 17 Qt/Ha,Yes,Medium
293,PADDY (DHAN),Mahendragiri (Ouat Kalinga Rice 10 ) (IET 29177),"ODISHA, MAHARASHTRA, BIHAR, CHHATTISGARH",57.61 - 59 Qt/Ha,Yes,
294,COWPEA (PULSES),GC 7 (Banas Tejas) GC 1501,GUJARAT,8 - 10 Qt/Ha,Yes,Early
295,COWPEA (PULSES),Phule Sonali,MAHARASHTRA,11 - 13 Qt/Ha,Yes,Early
296,Bajra (Fodder),BAIF BAJRA-6,"GUJARAT, MADHYA PRADESH, MAHARASHTRA",909 - 910 Qt/Ha,Yes,Late
297,PADDY (DHAN),Chandragiri (Ouat Kalinga Rice 9) (IET 27880) (ORJ,"ODISHA, BIHAR, WEST BENGAL",51.7 - 63.1 Qt/Ha,Yes,Early
298,OAT,HFO 806,"KERALA, KARNATAKA, HIMACHAL PRADESH, JAMMU AND KASHMIR",376 - 398 Qt/Ha,Yes,Early
299,BARLEY,Hima Palam Jau 2,,,No,
300,SUGARCANE (NOBLE CANE),Divyashi (GNS-12),GUJARAT,13.1 - 14.05 Qt/Ha,Yes,Early
301,GREEN GRAM,RUPOHI (SGC 16 AAU SGC 16),ASSAM,13 - 14 Qt/Ha,Yes,Early
302,MAIZE (MAKKA),HIM PALAM MAIZE COMPOSITE 2 (L 316),"HIMACHAL PRADESH, JAMMU AND KASHMIR, UTTARAKHAND, TRIPURA, NAGALAND, MIZORAM, MEGHALAYA, MANIPUR, ASSAM, ARUNACHAL PRADESH",65 - 70 Qt/Ha,Yes,Medium
303,PADDY (DHAN),LUCHAI SELECTION 1,MADHYA PRADESH,45 - 50 Qt/Ha,Yes,Late
304,GREEN GRAM,JAUM 0936,JAMMU AND KASHMIR,10 - 12 Qt/Ha,Yes,Early
305,GREEN GRAM,SHALIMAR MOONG-3,JAMMU AND KASHMIR,9.18 - 9.92 Qt/Ha,Yes,Medium
306,WHEAT,PBW 872,"DELHI, HARYANA, PUNJAB, RAJASTHAN, UTTAR PRADESH, JAMMU AND KASHMIR, HIMACHAL PRADESH, UTTARAKHAND",73 - 75 Qt/Ha,Yes,Medium
307,LINSEED,Anu (LCK 1021),UTTAR PRADESH,8.12 - 9.78 Qt/Ha,Yes,Medium
308,GROUNDNUT,Gujarat Groundnut 37 (Sorath Gaurav) GG 37,GUJARAT,3218 - 3220 Qt/Ha,No,Late
309,SOYBEAN,Gujarat Soybean 4 (G.Soy 4: Sorath Sonali),GUJARAT,21.6 - 26.78 Qt/Ha,Yes,Medium
310,INDIAN BEAN (FIELD BEAN),VL Matar 64 (VL 64),UTTARAKHAND,9 - 10 Qt/Ha,Yes,Late
311,WHEAT,VL COOKIES (VL 2041),"HIMACHAL PRADESH, JAMMU AND KASHMIR, UTTARAKHAND, MANIPUR, MEGHALAYA",45 - 50 Qt/Ha,Yes,Medium
312,ITALIAN MILLET (FOX TAIL MILLET),AAU-GSG-Cawn 1 (Gossaigaon Cawn (Yellow Seeded) (G,ASSAM,18.13 - 25.01 Qt/Ha,Yes,Late
313,Sorghum (fodder),Pant Chari 10 (UTMC 552),UTTARAKHAND,694.8 - 1055.56 Qt/Ha,Yes,Early
314,FINGER MILLET (RAGI),Palem Ragi –38 (PRS 38),TELANGANA,25.8 - 25.98 Qt/Ha,Yes,Medium
315,Sorghum (fodder),Pant Chari 11 (UTMC 554),UTTARAKHAND,795.1 - 1274.07 Qt/Ha,Yes,Early
316,GROUNDNUT,Gujarat Groundnut 39 (Sorath Uttam),GUJARAT,22 - 32 Qt/Ha,Yes,Late
317,LENTIL (MASUR),IPL 230,UTTAR PRADESH,13 - 14 Qt/Ha,Yes,Early
318,Sorghum (fodder),Pant Chari 9 (UTMC 539),UTTARAKHAND,927.2 - 1237.9 Qt/Ha,Yes,Medium
319,Sorghum (fodder),Banas Chari Gujarat Forage Sorghum 8 (GFS 8) (DSF,GUJARAT,433.6 - 480.6 Qt/Ha,Yes,Medium
320,SORGHUM,Gujarat Jowar-102 (Surat Goti),GUJARAT,23.17 - 29.21 Qt/Ha,Yes,Perennial
321,PIGEON PEA (RED GRAM/ARHAR),Gujarat Tur 109 (GT 109: Shweta) (AAUVT 17-02),GUJARAT,19.18 - 24.1 Qt/Ha,Yes,Medium
322,SORGHUM,CSV 59 BMR (SPV 2716),"TELANGANA, TAMIL NADU, MAHARASHTRA, GUJARAT, HARYANA, PUNJAB, RAJASTHAN, UTTARAKHAND",16.5 - 18.39 Qt/Ha,Yes,Medium
323,INDIAN MUSTARD,Gujarat Mustard 7 (Banas Anmol) (SKM 1746),GUJARAT,26.47 - 28.21 Qt/Ha,Yes,Early
324,PADDY (DHAN),Amreng (AAU DPU Dhan 07) (IET 29271),ASSAM,60.51 - 66.66 Qt/Ha,Yes,Medium
325,PADDY (DHAN),Nellore Rice 3238 (IET24336),ANDHRA PRADESH,70 - 75 Qt/Ha,Yes,Early
326,PADDY (DHAN),Gujarat Aerobic Rice 201 (GAR 201: Anand Akshat),GUJARAT,39.88 - 40.49 Qt/Ha,Yes,Early
327,INDIAN MUSTARD,RH 1424,"RAJASTHAN, JAMMU, PUNJAB, DELHI, HARYANA",23 - 26 Qt/Ha,Yes,Medium
328,PADDY (DHAN),BPT Rice 2846 (IET 28737),ANDHRA PRADESH,63.52 - 66.87 Qt/Ha,Yes,Late
329,PADDY (DHAN),BPT Rice 2841 (IET 27434),ANDHRA PRADESH,62.4 - 65.54 Qt/Ha,Yes,Medium
330,MAIZE (MAKKA),DKC7204 (IT7788),"ODISHA, CHHATTISGARH",76 - 77 Qt/Ha,Yes,Early
331,PADDY (DHAN),Warangal vari 1119 (WGL 1119) (IET-27868),TELANGANA,55.38 - 61.24 Qt/Ha,Yes,Early
332,PADDY (DHAN),Rajendranagar Vari – 28361 (RNR 28361) (IET 28416),TELANGANA,66.63 - 68.62 Qt/Ha,Yes,Medium
333,WHEAT,HD 3410 (Pusa Jawahar Gehun 3410),"DELHI, UTTAR PRADESH, HARYANA",70.36 - 76.3 Qt/Ha,Yes,Late
334,BENGAL GRAM (CHICK PEA),Pusa Chickpea 3057 (BG 3057),"DELHI, HARYANA, RAJASTHAN, UTTAR PRADESH",30 - 35 Qt/Ha,Yes,Medium
335,PADDY (DHAN),MTU Rice 1271 (IET 27416),ANDHRA PRADESH,60.84 - 68.75 Qt/Ha,Yes,Medium
336,NIGER (RAMTIL),GNNIG-4 (Kasturi) NMBP-1907,GUJARAT,50 - 60 Qt/Ha,Yes,Medium
337,SORGHUM,Tandur Jonna 55 (SVT 55) (SPV-2644),TELANGANA,34.7 - 37.82 Qt/Ha,Yes,Medium
338,PADDY (DHAN),GR 24 (Navsari Parimal),GUJARAT,47.53 - 50.38 Qt/Ha,Yes,Early
339,PADDY (DHAN),GR 25 (Mahatma) (NVSR 3169) (IET 29778),GUJARAT,63.01 - 72.59 Qt/Ha,Yes,Early
340,PADDY (DHAN),GR 26 (Navsari Lalmoti) (NVSR-6158) [IET28714],GUJARAT,48.98 - 49.74 Qt/Ha,Yes,Medium
341,PADDY (DHAN),CR Dhan 807 (CR 4333- 35-2-2-1) (IET 30438),"JHARKHAND, ODISHA, ANDHRA PRADESH, TAMIL NADU, CHHATTISGARH, GUJARAT",38.4 - 40.1 Qt/Ha,Yes,Early
342,INDIAN MUSTARD,RH 1706,"DELHI, HARYANA, JAMMU, PUNJAB, RAJASTHAN",17 - 20 Qt/Ha,Yes,Medium
343,PADDY (DHAN),Spoorthi (GNV 1906: IET 28694),"UTTAR PRADESH, GUJARAT, TAMIL NADU, TELANGANA, ANDHRA PRADESH, KARNATAKA",45.72 - 49.02 Qt/Ha,Yes,Medium
344,PADDY (DHAN),Pusa JRH 56,MADHYA PRADESH,61.51 - 64.37 Qt/Ha,Yes,Early
345,BENGAL GRAM (CHICK PEA),Raj Vijay Kabuli Gram 2021 (RVKG 2021) (RVSSG 62),"MADHYA PRADESH, UTTAR PRADESH",17.02 - 18.39 Qt/Ha,Yes,Medium
346,GREEN GRAM,Gujarat Mung 9 (GM 9) (SKNM1705),GUJARAT,9.98 - 12.53 Qt/Ha,Yes,Early
347,INDIAN MUSTARD,BPM 1825 (DRMR 2018-25),,1000 - 1100 Qt/Ha,No,
348,BLACK GRAM,Tirupati Minumu 2 (TBG 129),ANDHRA PRADESH,13.11 - 13.97 Qt/Ha,Yes,Early
349,BLACK GRAM,AAU SHL Urd 03 (SB 42-8),ASSAM,743 - 899 Qt/Ha,Yes,Early
350,BLACK GRAM,Lam Minumu 904 (LBG 904),ANDHRA PRADESH,22 - 25 Qt/Ha,Yes,Medium
351,GREEN GRAM,Lam Pesara 630,ANDHRA PRADESH,16 - 18 Qt/Ha,Yes,Early
352,PADDY (DHAN),AZ 8455 DT (IET 28997) (HRI-204),"HARYANA, PUNJAB, UTTAR PRADESH, BIHAR, JHARKHAND, WEST BENGAL, MADHYA PRADESH",62.68 - 63.37 Qt/Ha,Yes,Medium
353,INDIAN MUSTARD,Pusa Mustard 34 (LES 60),"RAJASTHAN, PUNJAB, HARYANA, DELHI, UTTAR PRADESH, JAMMU AND KASHMIR, HIMACHAL PRADESH",25 - 27 Qt/Ha,Yes,Medium
354,MAIZE (MAKKA),C.P. 838,"MAHARASHTRA, KARNATAKA, ANDHRA PRADESH, TAMIL NADU",85 - 88 Qt/Ha,Yes,Medium
355,WHEAT,PHULE ANUPAM (NIAW 3624),MAHARASHTRA,28 - 30 Qt/Ha,Yes,Medium
356,MAIZE (MAKKA),Siata Mimpui (MZM 11),MIZORAM,5 - 6 Qt/Ha,Yes,Medium
357,WHEAT,Him Palam Gehun 3 (HPW 373),HIMACHAL PRADESH,26 - 31 Qt/Ha,Yes,Medium
358,MAIZE (MAKKA),Punjab Baby Corn 1 (JH 32434),PUNJAB,19 - 20 Qt/Ha,Yes,Early
359,MAIZE (MAKKA),NMH 4144,"BIHAR, JHARKHAND, ODISHA, UTTAR PRADESH, WEST BENGAL",90 - 110 Qt/Ha,Yes,Medium
360,COTTON,GISV 312 GN.Cot. 44,"MADHYA PRADESH, MAHARASHTRA",1.895 - 1.909 Qt/Ha,Yes,Medium
361,COTTON,Pushpa (Hy. Cotton Daftari 2244 BG II),,,No,
362,COTTON,CICR-H NC-COTTON-53 (ICAR CICR 1630 DB),"KARNATAKA, ANDHRA PRADESH, TAMIL NADU",44 - 45 Qt/Ha,Yes,Medium
363,SOYBEAN,NRC 157,MADHYA PRADESH,16.5 - 23 Qt/Ha,Yes,Early
364,TOSSA JUTE,BIDHAN PAT 13 (BCCO-13),WEST BENGAL,32 - 34 Qt/Ha,Yes,Medium
365,ONION,PYO-1,PUNJAB,410 - 415 Qt/Ha,Yes,Medium
366,ONION,POH-1,PUNJAB,554 - 555 Qt/Ha,Yes,Medium
367,ONION,PRO-7,PUNJAB,397 - 398 Qt/Ha,Yes,Medium
368,BRINJAL,Pusa Unnat (DBHL-211),"DELHI, HARYANA, RAJASTHAN",500 - 550 Qt/Ha,Yes,Medium
369,BRINJAL,Pusa Safed Baingan- 2,"DELHI, RAJASTHAN, HARYANA",400 - 405 Qt/Ha,Yes,Medium
370,CHILLIES,Gujarat Anand Vegetable Chilli 141,GUJARAT,148 - 150 Qt/Ha,Yes,Early
371,PADDY (DHAN),Telangana Rice- 1289 (IET 29351) (WGL 1289),"GUJARAT, MAHARASHTRA, CHHATTISGARH",53.78 - 54.69 Qt/Ha,Yes,Late
372,SUGARCANE (NOBLE CANE),CoLK 15207 (IKSHU-12),"HARYANA, PUNJAB, RAJASTHAN, UTTARAKHAND",840 - 850 Qt/Ha,Yes,Medium
373,PADDY (DHAN),Telangana Rice 7037 (IET 28356) (KNM 7037),"ODISHA, UTTAR PRADESH, WEST BENGAL",53.67 - 57.16 Qt/Ha,Yes,Early
374,COTTON,CICR H BT COTTON 62 NAMAMI,"MADHYA PRADESH, MAHARASHTRA, GUJARAT",11 - 14 Qt/Ha,Yes,Early
375,LENTIL (MASUR),LL 1655,"HARYANA, PUNJAB, RAJASTHAN, UTTARAKHAND, DELHI, UTTAR PRADESH, JAMMU AND KASHMIR",12.39 - 15.33 Qt/Ha,Yes,Medium
376,WHEAT,KARAN VRINDA (DBW 371),"PUNJAB, HARYANA, DELHI, RAJASTHAN, UTTAR PRADESH, JAMMU AND KASHMIR, HIMACHAL PRADESH, UTTARAKHAND",75 - 88 Qt/Ha,Yes,Medium
377,WALNUT,Shalimar Walnut- 002,"JAMMU AND KASHMIR, UTTARAKHAND, HIMACHAL PRADESH",7 - 8 Qt/Ha,Yes,Medium
378,ITALIAN MILLET (FOX TAIL MILLET),CFXMV-1 (IIMR FxM7) (FXV 645),"ANDHRA PRADESH, KARNATAKA",24.97 - 31.32 Qt/Ha,Yes,Early
379,KODO MILLET,CKMV5(ATL4) KMV 568 (TNPsc308),"ANDHRA PRADESH, CHHATTISGARH, GUJARAT",34.96 - 35.5 Qt/Ha,Yes,Early
380,FINGER MILLET (RAGI),OUAT Kalinga Finger Millet-2 (Shreeprava) (CFMV 7),"MAHARASHTRA, CHHATTISGARH, TAMIL NADU, ODISHA",26.06 - 29.25 Qt/Ha,Yes,Medium
381,BENGAL GRAM (CHICK PEA),Kota Desi Chana 2 (RKGM 20-1),"ANDHRA PRADESH, KARNATAKA",20.92 - 22.61 Qt/Ha,Yes,Early
382,PIGEON PEA (RED GRAM/ARHAR),PDKV Ashlesha (AKTM 1637),"MAHARASHTRA, MADHYA PRADESH, CHHATTISGARH, GUJARAT",19 - 35 Qt/Ha,Yes,Medium
383,BENGAL GRAM (CHICK PEA),Kota Desi Chana 3 (RKGM 20-2),"ASSAM, BIHAR, JHARKHAND, WEST BENGAL",16.17 - 16.97 Qt/Ha,Yes,Medium
384,SOYBEAN,NRC 165,"MADHYA PRADESH, MAHARASHTRA, UTTAR PRADESH, RAJASTHAN, GUJARAT",18.86 - 1965 Qt/Ha,Yes,Early
385,PIGEON PEA (RED GRAM/ARHAR),Phule Trupti (Phule Tur-10-1),"MAHARASHTRA, GUJARAT, MADHYA PRADESH, CHHATTISGARH",15 - 20 Qt/Ha,Yes,Medium
386,COTTON,Nandyal Cotton 26 (NDLH 2056- 4),"ANDHRA PRADESH, TELANGANA, KARNATAKA, TAMIL NADU",16.37 - 17.54 Qt/Ha,Yes,Medium
387,OAT,HFO 707,"HARYANA, UTTARAKHAND, PUNJAB",23 - 23.8 Qt/Ha,Yes,Medium
388,COTTON,Phule-Shubhra (RHB-1623),"MAHARASHTRA, MADHYA PRADESH, GUJARAT",5.48 - 7.1 Qt/Ha,Yes,Late
389,WHEAT,PUSA ADITI (HI 1654),"PUNJAB, HARYANA, DELHI, RAJASTHAN, UTTAR PRADESH, JAMMU AND KASHMIR, HIMACHAL PRADESH, UTTARAKHAND",51 - 79 Qt/Ha,Yes,Medium
390,SOYBEAN,RSC 10-71,"BIHAR, CHHATTISGARH, ODISHA, JHARKHAND",18 - 20 Qt/Ha,Yes,Late
391,POTATO,Kufri Kiran (HT/7-1329),"BIHAR, UTTARAKHAND, UTTAR PRADESH, PUNJAB, HARYANA, MADHYA PRADESH, MAHARASHTRA, ODISHA, ANDHRA PRADESH",370 - 380 Qt/Ha,Yes,Early
392,GLADIOLUS,Phule Rajat,MAHARASHTRA,9 - 10 Qt/Ha,Yes,Medium
393,SESAME (GINGELLY),Tilhan Tec Til-1 (IIOS-1101),"KARNATAKA, MAHARASHTRA, TELANGANA, ODISHA, WEST BENGAL, TAMIL NADU",9.89 - 9.8 Qt/Ha,Yes,Medium
394,PEARS,Megha Magenta (RCGH-4),"MEGHALAYA, UTTARAKHAND",128 - 130 Qt/Ha,Yes,Medium
395,MAIZE (MAKKA),NK 6801 (SYN 916801),"ANDHRA PRADESH, BIHAR, MAHARASHTRA, KARNATAKA, TAMIL NADU, TELANGANA, JHARKHAND, ODISHA, WEST BENGAL, UTTAR PRADESH",,Yes,
396,MAIZE (MAKKA),KMH 8322,"PUNJAB, HARYANA, DELHI, UTTAR PRADESH, BIHAR, WEST BENGAL, ODISHA, CHHATTISGARH, JHARKHAND, ANDHRA PRADESH, TELANGANA, KARNATAKA, MAHARASHTRA, TAMIL NADU",95 - 99 Qt/Ha,Yes,
397,COTTON,NH 1902 Bt,"MAHARASHTRA, GUJARAT, MADHYA PRADESH",15.09 - 16.72 Qt/Ha,Yes,Medium
398,CASTOR,Tilhan Tec ICH-6 (ICH1146),"GUJARAT, RAJASTHAN, ANDHRA PRADESH, TELANGANA",15.16 - 19.38 Qt/Ha,Yes,Medium
399,SORGHUM,CSV 60 Yellow (SPV 2620),"MAHARASHTRA, TELANGANA, KARNATAKA",27.2 - 31.84 Qt/Ha,Yes,Medium
400,MAIZE (MAKKA),NMH 4140,"PUNJAB, HARYANA, DELHI, UTTARAKHAND, BIHAR, JHARKHAND, ODISHA, UTTAR PRADESH, WEST BENGAL",10 - 12 Qt/Ha,Yes,
401,TOSSA JUTE,ICAR-CRIJAF Jute JRCP-5 (Pankaj) (JRCP-5),"WEST BENGAL, ODISHA, BIHAR, UTTAR PRADESH, TRIPURA, ASSAM",28 - 35 Qt/Ha,Yes,Late
402,SORGHUM,CSV 55 (Gujarat Goti) (SPV 2776),"GUJARAT, MADHYA PRADESH, KARNATAKA",35.06 - 40.65 Qt/Ha,Yes,Medium
403,BANYARD MILLET,CBYMV-1 (BMV 611),"ANDHRA PRADESH, KARNATAKA, MADHYA PRADESH, TAMIL NADU, TELANGANA",25.65 - 26.56 Qt/Ha,Yes,Early
404,PADDY (DHAN),Him Palam Dhan 4 (IET 28882) (HPR 3201),"HIMACHAL PRADESH, UTTARAKHAND",41.29 - 44.29 Qt/Ha,Yes,Early
405,HS MESTA,HSLC 1,"ANDHRA PRADESH, TELANGANA, TAMIL NADU, MAHARASHTRA, BIHAR, ODISHA, WEST BENGAL, ARUNACHAL PRADESH, ASSAM, TRIPURA, NAGALAND, MIZORAM, MEGHALAYA, MANIPUR",42 - 62 Qt/Ha,Yes,Medium
406,PADDY (DHAN),TRY 5 [TR 09030],TAMIL NADU,44 - 45 Qt/Ha,Yes,Early
407,PADDY (DHAN),JKRH 2728 (IET28848),"ODISHA, WEST BENGAL, UTTAR PRADESH, ASSAM, TRIPURA",66.56 - 70.5 Qt/Ha,Yes,Medium
408,PADDY (DHAN),MTU Rice 1275 (IET 27908),"ANDHRA PRADESH, TELANGANA, TAMIL NADU, KARNATAKA, PUDUCHERRY",66 - 70 Qt/Ha,Yes,Medium
409,PADDY (DHAN),RRX – 3200 (IET 28960) (RRX-848),"PUNJAB, HARYANA, UTTAR PRADESH, BIHAR, JHARKHAND, WEST BENGAL",59.91 - 63.69 Qt/Ha,Yes,Early
410,WHEAT,VIDHYA (CG 1036),"MADHYA PRADESH, GUJARAT, CHHATTISGARH, RAJASTHAN, UTTAR PRADESH",39 - 61 Qt/Ha,Yes,Early
411,WHEAT,HD 3388,"UTTAR PRADESH, BIHAR, WEST BENGAL, ODISHA, ASSAM",68 - 69 Qt/Ha,Yes,Medium
412,FINGER MILLET (RAGI),VL Mandua 400 (CFMV 5),"MADHYA PRADESH, KARNATAKA, CHHATTISGARH, BIHAR, JHARKHAND, GUJARAT, ANDHRA PRADESH",34 - 35 Qt/Ha,Yes,Early
413,BENGAL GRAM (CHICK PEA),Gujarat Gram 8 (GJG 1913),"BIHAR, JHARKHAND, MANIPUR, UTTAR PRADESH, WEST BENGAL",16 - 17 Qt/Ha,Yes,Early
414,PUMPKIN,PAU Magaz Kadoo-1 (PWT-117),PUNJAB,7 - 9 Qt/Ha,Yes,Early
415,POMEGRANATE,Arka Poorna,KARNATAKA,80 - 82 Qt/Ha,Yes,Medium
416,WHEAT,MP (JW) 1378,"MAHARASHTRA, KARNATAKA, GOA, TAMIL NADU",52.5 - 62.2 Qt/Ha,Yes,Medium
417,ITALIAN MILLET (FOX TAIL MILLET),Mahanandi (SiA 3159),ANDHRA PRADESH,25 - 30 Qt/Ha,Yes,Medium
418,WHEAT,Badshah (NWS 2194),"MADHYA PRADESH, CHHATTISGARH, RAJASTHAN, GUJARAT, UTTAR PRADESH",58.3 - 59.9 Qt/Ha,Yes,Medium
419,SORGHUM,SDAU Jowar Moti [Gujarat Jowar 45 (GJ 45)] (DS 189,GUJARAT,24.67 - 25.71 Qt/Ha,Yes,Medium
420,PADDY (DHAN),GR-23 (Navsari Paushtik),GUJARAT,44 - 50 Qt/Ha,Yes,Medium
421,BENGAL GRAM (CHICK PEA),Jawahar Gram 14 (JG 14),MADHYA PRADESH,19 - 19 Qt/Ha,Yes,Early
422,PEARS,Lalit,"ANDHRA PRADESH, UTTAR PRADESH, KARNATAKA, UTTARAKHAND, MAHARASHTRA",30 - 31 Qt/Ha,Yes,Medium
423,PEARS,Arka Rashmi,KARNATAKA,65 - 70 Qt/Ha,Yes,Medium
424,PADDY (DHAN),DRR Dhan 71 (IET 29421) (RP 6324-123- 14-4-1),"UTTAR PRADESH, BIHAR, MAHARASHTRA, WEST BENGAL, ODISHA",44.84 - 48.83 Qt/Ha,Yes,Medium
425,PADDY (DHAN),DRR Dhan 70 (IET 29415) (RP 6326-278- 14-1),"ODISHA, BIHAR",43.47 - 48.55 Qt/Ha,Yes,Medium
426,PADDY (DHAN),BPT Rice 3050 (IET 29256),"MAHARASHTRA, GUJARAT",60 - 65 Qt/Ha,Yes,Medium
427,PADDY (DHAN),KKL (R) 3 (IET 27807) (KR 15066),"PUDUCHERRY, HARYANA, TAMIL NADU",31 - 32 Qt/Ha,Yes,Early
428,PADDY (DHAN),Bheem-115 (IET28964) (VNR 227),"UTTAR PRADESH, BIHAR, JHARKHAND, ODISHA",59 - 60 Qt/Ha,Yes,Early
429,COTTON,ARCV 22 Bt,"RAJASTHAN, PUNJAB, HARYANA",26 - 27.5 Qt/Ha,Yes,Medium
430,COTTON,MC 5410 BG II,"PUNJAB, HARYANA, RAJASTHAN",15.8 - 16.94 Qt/Ha,Yes,Medium
431,COTTON,Ajeet 9-2 BG II (ACH-9-2 ),"TELANGANA, ANDHRA PRADESH, KARNATAKA, TAMIL NADU",27.75 - 32.84 Qt/Ha,Yes,Early
432,COTTON,Daftari 2244 BG II,"TELANGANA, ANDHRA PRADESH, TAMIL NADU",21.52 - 23.3 Qt/Ha,Yes,Medium
433,COTTON,NH 1904 Bt,"MADHYA PRADESH, GUJARAT, MAHARASHTRA",13.84 - 18.45 Qt/Ha,Yes,Medium
434,COTTON,ARCH 3028 BG II,"MADHYA PRADESH, GUJARAT, MAHARASHTRA",20 - 23 Qt/Ha,Yes,Early
435,MAIZE (MAKKA),IMH 228 (IMHSB 19R-10) Hybrid,"UTTAR PRADESH, BIHAR, JHARKHAND, ODISHA, WEST BENGAL",105.7 - 114.6 Qt/Ha,Yes,
436,WHEAT,GW 547,"MADHYA PRADESH, MAHARASHTRA, GUJARAT, UTTAR PRADESH",55.6 - 58.2 Qt/Ha,Yes,Medium
437,WHEAT,Phule Anurag (NIAW 4028),"MAHARASHTRA, KARNATAKA, ANDHRA PRADESH, TAMIL NADU",33.43 - 33.6 Qt/Ha,Yes,Medium
438,MAIZE (MAKKA),Pant Composite Maize 4 (PCM-4) (DOP-339),"JAMMU AND KASHMIR, HIMACHAL PRADESH, UTTARAKHAND, ASSAM, MEGHALAYA, MANIPUR, NAGALAND, MIZORAM, SIKKIM, TRIPURA",58.84 - 59.29 Qt/Ha,Yes,Early
439,PEA (VEGETABLE),VL Madhuri (VPSP 906-1),"PUNJAB, UTTAR PRADESH, BIHAR, JHARKHAND",160 - 165 Qt/Ha,Yes,Medium
440,PADDY (DHAN),WGL-1487 (Telangana Vari-8) (IET 28818),"ANDHRA PRADESH, TELANGANA",56 - 60 Qt/Ha,Yes,Early
441,PADDY (DHAN),RC Maniphou 14 (RCM 33),MANIPUR,70 - 80 Qt/Ha,Yes,Medium
442,Crossandra,Arka Shravya,"WEST BENGAL, KARNATAKA, ANDHRA PRADESH, TAMIL NADU",326 - 400 Qt/Ha,Yes,Medium
443,COWPEA (PULSES),Pant Lobia-8 (PGCP-67) (Pant Grain Cowpea -67),UTTARAKHAND,10 - 12 Qt/Ha,Yes,Medium
444,LENTIL (MASUR),PSL-17,DELHI,22 - 25 Qt/Ha,Yes,Medium
445,PADDY (DHAN),Sabour Pratap Dhan (BRR2152) (IET-30083),BIHAR,40 - 45 Qt/Ha,Yes,Medium
446,GREEN GRAM,PMS-8,DELHI,8 - 10 Qt/Ha,Yes,Medium
447,PADDY (DHAN),Sabour Vijay Dhan (BRR2183) (IET-30029),"BIHAR, JHARKHAND",35 - 40 Qt/Ha,Yes,Medium
448,PADDY (DHAN),Telangana Rice 7 (KNM6 6965 (IET 28343),"CHHATTISGARH, MAHARASHTRA",49 - 52 Qt/Ha,Yes,Early
449,GREEN GRAM,PMD-9,DELHI,8 - 10 Qt/Ha,Yes,Medium
450,PADDY (DHAN),AAU-TTB-Dhan-40 (Dholi),ASSAM,50 - 60 Qt/Ha,Yes,Medium
451,PADDY (DHAN),CR Dhan 415 (Kamesh),JHARKHAND,50 - 55 Qt/Ha,Yes,Medium
452,PADDY (DHAN),Sabour Heera Dhan (IET-27538) (BRR 2110),"BIHAR, ANDHRA PRADESH, KARNATAKA, UTTAR PRADESH",60 - 65 Qt/Ha,Yes,Late
453,PADDY (DHAN),BMR-MS-1-2-1,KARNATAKA,50 - 55 Qt/Ha,Yes,Medium
454,PADDY (DHAN),CR Dhan 103 (Pramod),JHARKHAND,20.91 - 35 Qt/Ha,Yes,Medium
455,PADDY (DHAN),SKUA-494 (Shalimar Sugandh 1),KASHMIR,60 - 68 Qt/Ha,Yes,Early
456,PADDY (DHAN),CR Dhan 310,"ODISHA, MADHYA PRADESH, UTTAR PRADESH",45 - 49 Qt/Ha,Yes,Early
457,CUCUMBER,Pusa Pickling Cucumber 8 (DG-8),DELHI,849 - 850 Qt/Ha,Yes,Early
458,PUMPKIN,Punjab Nawab (PVR-1343),PUNJAB,343 - 345 Qt/Ha,Yes,Early
459,PADDY (DHAN),MCM RICE 103,ANDHRA PRADESH,50 - 60 Qt/Ha,Yes,Medium
460,PADDY (DHAN),MTU RICE 1232 (IET 26422),ANDHRA PRADESH,30 - 60 Qt/Ha,Yes,Medium
461,PADDY (DHAN),PANT SUDANDH DHAN 27,,,No,
462,AJWAIN (BISHOPS WEED),Dr. YSHRU Lam Varsha,"ANDHRA PRADESH, GUJARAT, RAJASTHAN",10 - 12 Qt/Ha,Yes,Late
463,GREEN GRAM,PMD-10,DELHI,8 - 10 Qt/Ha,Yes,Medium
464,PADDY (DHAN),MANDYA JYOTHI (KMP-220),KARNATAKA,70 - 80 Qt/Ha,Yes,Early
465,PADDY (DHAN),SAMRUDDHI (MSN 99)Samruddhi (Mandya Source Nursery,KARNATAKA,60 - 65 Qt/Ha,Yes,Early
466,PADDY (DHAN),SHALIMAR RICE-6 (SKUA-485),JAMMU AND KASHMIR,40 - 45 Qt/Ha,Yes,Medium
467,PADDY (DHAN),KALI KAMOD SELECTION 1,MADHYA PRADESH,30 - 32 Qt/Ha,Yes,Late
468,PADDY (DHAN),PDKV SADHANA,MAHARASHTRA,48 - 50 Qt/Ha,Yes,Early
469,PADDY (DHAN),PR 130 (PRYT 3797),PUNJAB,70 - 73 Qt/Ha,Yes,Medium
470,WHEAT,MACS JEJURI (MACS 4100),MAHARASHTRA,40 - 45 Qt/Ha,Yes,Early
471,BRINJAL,Sabour Sadabahar,BIHAR,496 - 514 Qt/Ha,Yes,Medium
472,BRINJAL,Pusa Chhota Baingan 1,"DELHI, HARYANA, RAJASTHAN, UTTAR PRADESH",300 - 301 Qt/Ha,Yes,Medium
473,ONION,Krishna Prabha Chitravathi,KARNATAKA,260 - 280 Qt/Ha,Yes,Medium
474,CUCUMBER,Punjab Kheera Hybrid-11,PUNJAB,800 - 924 Qt/Ha,Yes,Early
475,BRINJAL,AKLB-9,MAHARASHTRA,455 - 510 Qt/Ha,Yes,Medium
476,BRINJAL,Sabour Krishnakali,BIHAR,400 - 430 Qt/Ha,Yes,Medium
477,NUTMEG,Goa Jayphal-2,GOA,1237 - 1238 Qt/Ha,Yes,Early
478,CASHEW,Nehtra Ganga,KARNATAKA,13 - 15 Qt/Ha,Yes,Early
479,CASHEW,Nethra Jumbo-1,KARNATAKA,8 - 9 Qt/Ha,Yes,Early
480,CASHEW,Goa Cashew-6,GOA,3 - 4 Qt/Ha,Yes,Medium
481,CASHEW,Goa Cashew-5,GOA,7 - 8 Qt/Ha,Yes,Early
482,WALNUT,Parbat,"JAMMU AND KASHMIR, HIMACHAL PRADESH",80 - 90 Qt/Ha,Yes,Early
483,MAIZE (MAKKA),VNR- 4597,"ANDHRA PRADESH, KARNATAKA, MAHARASHTRA, TAMIL NADU, TELANGANA",108 - 109 Qt/Ha,Yes,Medium
484,PADDY (DHAN),Sabour Shriram Dhan,"BIHAR, UTTAR PRADESH, ODISHA",35 - 40 Qt/Ha,Yes,Medium
485,SESAME (GINGELLY),JCS 3202 (TELANGANA TIL-1),"KARNATAKA, MAHARASHTRA, TELANGANA",7 - 8 Qt/Ha,Yes,Late
486,GLADIOLUS,Arka Manorama,KARNATAKA,0.21 - 0.23 Qt/Ha,Yes,Medium
487,INDIAN BEAN (DOLICHOS BEAN),CO 15 lablab,TAMIL NADU,39 - 40 Qt/Ha,Yes,Medium
488,BANYARD MILLET,VL Madira - 254,UTTARAKHAND,15 - 17 Qt/Ha,Yes,Early
489,COTTON,VSCH-139 BG- II,"MADHYA PRADESH, MAHARASHTRA, GUJARAT, RAJASTHAN, TAMIL NADU, KERALA, KARNATAKA, TELANGANA, ANDHRA PRADESH",16 - 17 Qt/Ha,Yes,Early
490,INDIAN MUSTARD,Jodhpur Yellow Sarson 2 (RMYS 2/GP 79),RAJASTHAN,21 - 22 Qt/Ha,Yes,Medium
491,SORGHUM,Pratap Jowar 2510 (SPV-2510),RAJASTHAN,38 - 40 Qt/Ha,Yes,Medium
492,LINSEED,Jawahar Linseed Sagar 121 (JLS-121) (SLS -121),MADHYA PRADESH,8 - 9 Qt/Ha,Yes,Medium
493,PADDY (DHAN),Sabour Narendra Dhan (BRR2184),"UTTAR PRADESH, BIHAR",42 - 45 Qt/Ha,Yes,Medium
494,LATHYRUS,Hazari (WBK- 1401-3),WEST BENGAL,18 - 19 Qt/Ha,Yes,Medium
495,COTTON,KMH8577 (KMH 018) (Hybrid),"ANDHRA PRADESH, TELANGANA, MAHARASHTRA, KARNATAKA, TAMIL NADU",104 - 110 Qt/Ha,Yes,Late
496,PADDY (DHAN),PAN 2423 (IET 21395) (HYBIRD),ASSAM,70 - 75 Qt/Ha,Yes,Medium
497,CASHEW,Nethra Ubhaya,"KARNATAKA, KERALA, GOA, MAHARASHTRA",3 - 4 Qt/Ha,Yes,Early
498,Small Cardamom,IISR Kaveri,KARNATAKA,185 - 186 Qt/Ha,Yes,Medium
499,Cinnamon,Goa Dalchini-1,GOA,275 - 325 Qt/Ha,Yes,Perennial
500,Tamarind,KPT (Krishna Prabha Tamarind),KARNATAKA,50 - 51 Qt/Ha,Yes,Perennial
501,TUBERROSE,Bidhan Ujjwal (Bidhan Rajani-2 (BR-2),WEST BENGAL,171 - 172 Qt/Ha,Yes,Early
502,GINGER,OUAT Kalinga Ginger 1 (Subhada) (V1E8-2),ODISHA,140 - 220 Qt/Ha,Yes,Medium
503,ASTER,AAC-1 (Krishna Prabha Chinmaya),KARNATAKA,145 - 150 Qt/Ha,Yes,Medium
504,GLADIOLUS,Bidhan Singdha (Bidhan Rajani-1 (BR-1),WEST BENGAL,260 - 261 Qt/Ha,Yes,Medium
505,WALNUT,Shalimar Walnut- 001,"JAMMU AND KASHMIR, HIMACHAL PRADESH, UTTARAKHAND",8 - 10 Qt/Ha,Yes,Medium
506,GLADIOLUS,Arka Kesar,KARNATAKA,18 - 23 Qt/Ha,Yes,Early
507,GLADIOLUS,Arka Amar,KARNATAKA,72000 - 72000 Qt/Ha,Yes,Medium
508,AJWAIN (BISHOPS WEED),Gujarat Ajwain 3,"GUJARAT, RAJASTHAN, HARYANA, ANDHRA PRADESH, CHHATTISGARH, UTTAR PRADESH",10 - 11 Qt/Ha,Yes,Medium
509,FENNEL,Karan Saunf-l,"RAJASTHAN, GUJARAT, UTTAR PRADESH, BIHAR, MADHYA PRADESH, HARYANA",17 - 18 Qt/Ha,Yes,Medium
510,GREEN GRAM,VBN 7 (VGG 18-002),TAMIL NADU,10 - 12 Qt/Ha,Yes,Medium
511,SUGARCANE (NOBLE CANE),S.O. 4388(E)Karan 17 (Co-17018),TAMIL NADU,2110 - 2350 Qt/Ha,Yes,Medium
512,Sorghum (fodder),CSV 56F (SPV 2800) (UTFS- 110),"HARYANA, PUNJAB, UTTARAKHAND, UTTAR PRADESH, RAJASTHAN",320 - 350 Qt/Ha,Yes,Medium
513,BANYARD MILLET,Phule Barti-1 KOPBM 46,MAHARASHTRA,15 - 20 Qt/Ha,Yes,Medium
514,POTATO,Kufri Jamunia,"HARYANA, PUNJAB, UTTAR PRADESH, UTTARAKHAND, MADHYA PRADESH, RAJASTHAN, CHHATTISGARH, GUJARAT, ODISHA, WEST BENGAL, ASSAM, BIHAR",320 - 350 Qt/Ha,Yes,Medium
515,SOYBEAN,Krishna Prabha Pinakini,KARNATAKA,15 - 16 Qt/Ha,Yes,Medium
516,BHINDI (OKRA),Arka Nikita,KARNATAKA,210 - 230 Qt/Ha,Yes,Early
517,Apple,Arka Sahan,KARNATAKA,120 - 121 Qt/Ha,Yes,Late
518,MANGO,Arunika Arunika,"UTTAR PRADESH, BIHAR, MADHYA PRADESH, WEST BENGAL, UTTARAKHAND, ODISHA",69 - 70 Qt/Ha,Yes,Perennial
519,TURMERIC,Chhattisgarh Haldi- 2,CHHATTISGARH,180 - 200 Qt/Ha,Yes,Medium
520,TURMERIC,PDKV- Waigaon,MAHARASHTRA,24 - 26 Qt/Ha,Yes,Early
521,COCONUT,Dweep Sona,"ANDAMAN AND NICOBAR ISLANDS, KERALA",174 - 175 Qt/Ha,Yes,Perennial
522,JACK FRUIT,Jamun PKM 1,TAMIL NADU,2400 - 2500 Qt/Ha,Yes,Medium
523,Small Cardamom,IISR Manushree,"KERALA, KARNATAKA",360 - 361 Qt/Ha,Yes,Medium
524,GLADIOLUS,Punjab Glad-2,"UTTARAKHAND, PUNJAB, KARNATAKA",80000 - 80 Qt/Ha,Yes,Early
525,WATERMELON,Thar Tripti,"MADHYA PRADESH, MAHARASHTRA, GOA",388 - 389 Qt/Ha,Yes,
526,FRENCH BEAN (VEGETABLE),Lakshmi.,"JAMMU AND KASHMIR, HIMACHAL PRADESH, UTTARAKHAND, UTTAR PRADESH, WEST BENGAL, PUNJAB, JHARKHAND, BIHAR",150 - 200 Qt/Ha,Yes,Early
527,TOMATO,Pusa Shakti,"CHHATTISGARH, ODISHA, ANDHRA PRADESH, TELANGANA",350 - 360 Qt/Ha,Yes,Medium
528,INDIAN BEAN (DOLICHOS BEAN),Kashi Bounisem- 207,"PUNJAB, UTTAR PRADESH, BIHAR, JHARKHAND, RAJASTHAN, GUJARAT, HARYANA, DELHI",236 - 237 Qt/Ha,Yes,Early
529,POTATO,Kufri Sukhyati,"ASSAM, BIHAR, CHHATTISGARH, GUJARAT, HARYANA, MADHYA PRADESH, ODISHA, PUNJAB, RAJASTHAN, UTTARAKHAND, UTTAR PRADESH, WEST BENGAL",350 - 370 Qt/Ha,Yes,Medium
530,COCONUT,Kalpa Suvarna,KERALA,17 - 19 Qt/Ha,Yes,Perennial
531,WINGED BEAN,Birsa Kamrenga-1,JHARKHAND,14 - 15 Qt/Ha,Yes,Early
532,SPONGE GOURD,VNR Anita,"KARNATAKA, KERALA, TAMIL NADU, PUDUCHERRY",70 - 160 Qt/Ha,Yes,Medium
533,POTATO,Kufri Bhaskar,"UTTAR PRADESH, UTTARAKHAND, PUNJAB, HARYANA, CHHATTISGARH, RAJASTHAN, GUJARAT",300 - 350 Qt/Ha,Yes,Medium
534,POTATO,Kufri Chipsona-5,"HARYANA, UTTARAKHAND, UTTAR PRADESH, MADHYA PRADESH, GUJARAT, RAJASTHAN, CHHATTISGARH",320 - 350 Qt/Ha,Yes,Medium
535,FENUGREEK,Krishnapraba Devimenthi,KARNATAKA,10 - 11 Qt/Ha,Yes,Medium
536,INDIAN BEAN (FIELD BEAN),HA 5 (HA 10-2),KARNATAKA,35 - 36 Qt/Ha,Yes,Early
537,SUNFLOWER,KBSH-85 (Hybrid),"GUJARAT, MAHARASHTRA, KARNATAKA, ANDHRA PRADESH, TAMIL NADU, TELANGANA",18 - 20 Qt/Ha,Yes,Medium
538,FENUGREEK,GM-4 (Supriya),GUJARAT,15 - 16 Qt/Ha,Yes,Medium
539,Amarphophallus (Surankand/Elephant foot yam),Elephant foot yam CO 1,TAMIL NADU,498 - 500 Qt/Ha,Yes,Medium
540,BANANA,Banana CO 3,TAMIL NADU,650 - 700 Qt/Ha,Yes,Medium
541,TOMATO,MABC-2 (Krishna Prabha Tunga),"ANDHRA PRADESH, KARNATAKA, TAMIL NADU",790 - 850 Qt/Ha,Yes,Medium
542,FRENCH BEAN (VEGETABLE),Arka Arjun,KARNATAKA,16 - 17 Qt/Ha,Yes,Early
543,TOMATO,Pusa Tomato Hybrid-6,"ODISHA, CHHATTISGARH, TELANGANA, ANDHRA PRADESH",650 - 1030 Qt/Ha,Yes,Medium
544,PADDY (DHAN),ADT 59 (IET-29154),TAMIL NADU,44 - 50 Qt/Ha,Yes,Medium
545,PADDY (DHAN),CO 58 (IET-25577),"TAMIL NADU, TELANGANA, ANDHRA PRADESH",45 - 50 Qt/Ha,Yes,Late
546,Sorghum (fodder),CSV 57F (SPV 2801) (UTFS-111),"MAHARASHTRA, HARYANA, PUNJAB, RAJASTHAN, KARNATAKA, TAMIL NADU",400 - 450 Qt/Ha,Yes,Medium
547,Maize (fodder),J 1009 (PFM 13),"CHHATTISGARH, MADHYA PRADESH, MAHARASHTRA, UTTAR PRADESH",400 - 450 Qt/Ha,Yes,Medium
548,COTTON,JKCH 18568 BG-II,"ANDHRA PRADESH, KARNATAKA, TAMIL NADU, TELANGANA",26 - 27 Qt/Ha,Yes,Medium
549,PADDY (DHAN),BRR 2110 (Sabour Heera Dhan- IET27538),"BIHAR, UTTAR PRADESH",38 - 42 Qt/Ha,Yes,Medium
550,COTTON,CICR- H BT Cotton 40,"TELANGANA, ANDHRA PRADESH, KARNATAKA, TAMIL NADU",21 - 25 Qt/Ha,Yes,Medium
551,GREEN GRAM,Ankush (WBM 031),WEST BENGAL,11 - 12 Qt/Ha,Yes,Medium
552,RAJMA (PULSES),Phule Viraj (GRB-701),MAHARASHTRA,16 - 17 Qt/Ha,Yes,Medium
553,PADDY (DHAN),Konkon Sanjay,MAHARASHTRA,45 - 48 Qt/Ha,Yes,Medium
554,PADDY (DHAN),Phule Kolam (VDN-1832),MAHARASHTRA,45 - 50 Qt/Ha,Yes,Medium
555,BENGAL GRAM (CHICK PEA),NBeG 47,ANDHRA PRADESH,18 - 19 Qt/Ha,Yes,Early
556,PADDY (DHAN),P 3319 (PM-20205 L),"ANDHRA PRADESH, TAMIL NADU, TELANGANA, MAHARASHTRA, MADHYA PRADESH, KARNATAKA, RAJASTHAN, GUJARAT",70 - 80 Qt/Ha,Yes,Late
557,SOYBEAN,JS 22-12 (Jawahar Soybean 22-12),"MADHYA PRADESH, MAHARASHTRA, RAJASTHAN, GUJARAT, UTTAR PRADESH",21.09 - 22.38 Qt/Ha,Yes,Early
558,PADDY (DHAN),CR Dhan 212 (IET 29424),"ODISHA, BIHAR, WEST BENGAL, ASSAM",44 - 48 Qt/Ha,Yes,Medium
559,PADDY (DHAN),Kaveri Rice Hybrid - 7299 (IET 28954),"BIHAR, PUNJAB, RAJASTHAN, ODISHA, UTTARAKHAND, WEST BENGAL, UTTAR PRADESH",45 - 60 Qt/Ha,Yes,Early
560,MUSK MELON,DMH-Pusa muskmelon Hybrid 2 (DMH-5),"MADHYA PRADESH, MAHARASHTRA",227 - 230 Qt/Ha,Yes,Early
561,ASTER,Arka Aadya,"HIMACHAL PRADESH, WEST BENGAL, TELANGANA, KARNATAKA",40 - 42 Qt/Ha,Yes,Early
562,MAIZE (MAKKA),MEGHA MAIZE 2 (RCM 1-76),"UTTARAKHAND, HIMACHAL PRADESH, MEGHALAYA, MANIPUR, JAMMU AND KASHMIR",49 - 56 Qt/Ha,Yes,Late
563,COCONUT,Dweep Haritha,"ANDAMAN AND NICOBAR ISLANDS, KERALA",87 - 88 Qt/Ha,Yes,Perennial
564,BRINJAL,Gujarat Green Brinjal 9 (Anand Harit),GUJARAT,404 - 405 Qt/Ha,Yes,Medium
565,TOMATO,Pusa Cherry Tomato Hybrid-1,DELHI,135 - 140 Qt/Ha,Yes,Early
566,COCONUT,Kalpa Shatabdi,"KARNATAKA, KERALA, TAMIL NADU",18 - 19 Qt/Ha,Yes,Perennial
567,BRINJAL,RC Manikhamen- 1,MANIPUR,315 - 326 Qt/Ha,Yes,Medium
568,RIDGE GOURD,Rajni,"CHHATTISGARH, ODISHA, ANDHRA PRADESH, TELANGANA",225 - 230 Qt/Ha,Yes,Medium
569,POMEGRANATE,Solapur Anardana,"MAHARASHTRA, GUJARAT, KARNATAKA, ANDHRA PRADESH",220 - 221 Qt/Ha,Yes,Medium
570,MANGO,Ambika Ambika,"UTTAR PRADESH, BIHAR, MADHYA PRADESH, ANDHRA PRADESH, KARNATAKA, GUJARAT, MAHARASHTRA, TAMIL NADU",151 - 152 Qt/Ha,Yes,Perennial
571,NUTMEG,Goa Jayphal-1,GOA,1450 - 1500 Qt/Ha,Yes,Early
572,MUSK MELON,Thar Mahima,RAJASTHAN,190 - 205 Qt/Ha,Yes,Early
573,BOTTLE GOURD,Narendra Sita,"ANDAMAN AND NICOBAR ISLANDS, ANDHRA PRADESH, ARUNACHAL PRADESH, ASSAM, BIHAR, CHANDIGARH, CHHATTISGARH, DADRA AND NAGAR HAVELI, DAMAN AND DIU, DELHI, GOA, GUJARAT, HARYANA, HIMACHAL PRADESH, JAMMU, JAMMU AND KASHMIR, JHARKHAND, KARNATAKA, KASHMIR, KERALA, LADAKH, LAKSHADWEEP, MADHYA PRADESH, MAHARASHTRA, MANIPUR, MEGHALAYA, MIZORAM, NAGALAND, ODISHA, PUDUCHERRY, PUNJAB, RAJASTHAN, SIKKIM, TAMIL NADU, TELANGANA, TRIPURA, UTTARAKHAND, UTTAR PRADESH, WEST BENGAL",400 - 500 Qt/Ha,Yes,Early
574,BOTTLE GOURD,Narendra Kamna,"JAMMU AND KASHMIR, UTTARAKHAND, HIMACHAL PRADESH, KARNATAKA, TAMIL NADU, KERALA",250 - 300 Qt/Ha,Yes,Early
575,BRINJAL,NDB White-1 (Narendra Suyog),"WEST BENGAL, ANDAMAN AND NICOBAR ISLANDS, NAGALAND, UTTAR PRADESH, PUNJAB, JHARKHAND, BIHAR",548 - 549 Qt/Ha,Yes,Medium
576,CLUSTER BEAN,Krishna Prabha Sangama,KARNATAKA,165 - 167 Qt/Ha,Yes,Medium
577,INDIAN BEAN (DOLICHOS BEAN),OUAT Kalinga Dolichos bean 1 (Jaykrushna),ODISHA,103 - 104 Qt/Ha,Yes,Medium
578,INDIAN BEAN (DOLICHOS BEAN),Arka Vistar,KARNATAKA,350 - 370 Qt/Ha,Yes,Late
579,POMEGRANATE,Solapur Lal,"MAHARASHTRA, GUJARAT, KARNATAKA, ANDHRA PRADESH, TAMIL NADU, TELANGANA, RAJASTHAN",33 - 34 Qt/Ha,Yes,Medium
580,BANANA,Gujarat Banana 1 (GB 1: Anand Vaaman),GUJARAT,700 - 702 Qt/Ha,Yes,Early
581,MANGO,Sunderja Selection- 2,MADHYA PRADESH,90 - 100 Qt/Ha,Yes,Perennial
582,MANGO,Gujarat Mango 1 (Anand Rasraj),GUJARAT,57 - 58 Qt/Ha,Yes,Medium
583,MANGO,Cardozo Mankurad,GOA,300 - 350 Qt/Ha,Yes,Perennial
584,MANGO,Arka Udaya,KARNATAKA,34 - 35 Qt/Ha,Yes,Late
585,MANGO,Arka Suprabhath,KARNATAKA,225 - 226 Qt/Ha,Yes,Late
586,PEARS,Dhareedar,MADHYA PRADESH,270 - 271 Qt/Ha,Yes,Late
587,PEARS,Shweta,"RAJASTHAN, MADHYA PRADESH, KARNATAKA, BIHAR",75 - 85 Qt/Ha,Yes,Perennial
588,WATERMELON,Thar Manak (Mateera F6/a),RAJASTHAN,500 - 800 Qt/Ha,Yes,Early
589,SNAP MELON,Snap melon (AHS-82),"RAJASTHAN, HARYANA, PUNJAB, UTTAR PRADESH, MADHYA PRADESH, GUJARAT",225 - 228 Qt/Ha,Yes,Early
590,WATERMELON,Thar Madhur (Mateera AHW-19),RAJASTHAN,425 - 486 Qt/Ha,Yes,Early
591,Bael,Swarna Vasudha,JHARKHAND,2+ Qt/Ha,Yes,Perennial
592,BHINDI (OKRA),Punjab Lalima,PUNJAB,0.01+ Qt/Ha,Yes,Perennial
593,CHILLIES,Shalimar Kashmiri Chilli-1,"JAMMU AND KASHMIR, JAMMU",168 - 170 Qt/Ha,Yes,Medium
594,CHILLIES,Gujarat Vegetable Chilli 113 (GVC 113: Anand Jwala,GUJARAT,165 - 170 Qt/Ha,Yes,Early
595,GREEN GRAM,OUAT Kalinga Greengram 1 (Shreejan) (OBGG 58),ODISHA,9.3 - 9.67 Qt/Ha,Yes,Medium
596,CHILLIES,OUAT Kalinga Chilli 1 (Ragini),ODISHA,101 - 102 Qt/Ha,Yes,Medium
597,CHILLIES,Krishna Prabha Rudra,KARNATAKA,13 - 14 Qt/Ha,Yes,Medium
598,CHILLIES,Krishna Prabha Shuka,KARNATAKA,17 - 20 Qt/Ha,Yes,Medium
599,CHILLIES,PBNC-17,MAHARASHTRA,530 - 532 Qt/Ha,Yes,Medium
600,GARLIC,Sabour Garlic-1,BIHAR,150 - 160 Qt/Ha,Yes,Medium
601,GARLIC,Gujarat Garlic-8 (Sorath Mohini) (GG-8),GUJARAT,87 - 90 Qt/Ha,Yes,Medium
602,CORIANDER,Gujarat Coriander 4 (Sorath Sugandha),GUJARAT,19 - 20 Qt/Ha,Yes,Medium
603,CORIANDER,Krishnaprabha Varadevi 2,KARNATAKA,12 - 13 Qt/Ha,Yes,Medium
604,CORIANDER,CO 5,TAMIL NADU,54 - 55 Qt/Ha,Yes,Late
605,RIDGE GOURD,Arka Prasan,KARNATAKA,26 - 30 Qt/Ha,Yes,Early
606,CARROT,Krishna Prabha Vriddhi.,KARNATAKA,220 - 250 Qt/Ha,Yes,Early
607,JACK FRUIT,Byrachandra,KARNATAKA,0.62+ Qt/Ha,Yes,Perennial
608,JACK FRUIT,GKVK Red Jack,KARNATAKA,60 - 80 Qt/Ha,Yes,Early
609,JACK FRUIT,Jackfruit PKM 2,TAMIL NADU,2370 - 2400 Qt/Ha,Yes,Medium
610,CHILLIES,Ruby Deep,KARNATAKA,150 - 170 Qt/Ha,Yes,Late
611,TURMERIC,Narendra Haldi-4,"UTTAR PRADESH, BIHAR, TAMIL NADU, ODISHA, ANDHRA PRADESH",20 - 25 Qt/Ha,Yes,Late
612,TURMERIC,OUAT Kalinga Turmeric 2 (Gourab) (PTS-55),ODISHA,221 - 340 Qt/Ha,Yes,Medium
613,TOMATO,Krishna Prabha Shaant,KARNATAKA,415 - 516 Qt/Ha,Yes,Medium
614,TOMATO,OUAT Kalinga Tomato 1 (Gouri),ODISHA,382 - 400 Qt/Ha,Yes,Medium
615,TOMATO,Krishna Prabha Shalmala,"KERALA, KARNATAKA, TAMIL NADU",600 - 700 Qt/Ha,Yes,Early
616,TOMATO,Krishna Prabha Baari,"ANDHRA PRADESH, KARNATAKA, TAMIL NADU",710 - 730 Qt/Ha,Yes,Medium
617,FENNEL,RF-290,"BIHAR, GUJARAT, HARYANA, MADHYA PRADESH, UTTAR PRADESH, RAJASTHAN",15 - 22 Qt/Ha,Yes,Medium
618,BHINDI (OKRA),Gujarat Okra Hybrid 205 ( Anand Kranti),GUJARAT,140 - 141 Qt/Ha,Yes,Medium
619,BRINJAL,Shalimar Brinjal Hybrid-3,JAMMU AND KASHMIR,378 - 400 Qt/Ha,Yes,Early
620,TOMATO,PBNT-20,MAHARASHTRA,614 - 615 Qt/Ha,Yes,Medium
621,Bael,Narendra Bael-8,UTTAR PRADESH,108 - 109 Qt/Ha,Yes,Perennial
622,Bael,Narendra Bael- 10,UTTAR PRADESH,101 - 102 Qt/Ha,Yes,Perennial
623,Bael,Narendra Bael-11,UTTAR PRADESH,99 - 100 Qt/Ha,Yes,Perennial
624,BRINJAL,OUAT Kalinga Brinjal 1 (Banita) (BB-67),"KARNATAKA, KERALA, TAMIL NADU",202 - 342 Qt/Ha,Yes,Medium
625,TURMERIC,OUAT Kalinga Turmeric 1 (Surangi),ODISHA,248 - 301 Qt/Ha,Yes,Early
626,SPONGE GOURD,Pusa Spong Gourd-29,"DELHI, UTTAR PRADESH, BIHAR, PUNJAB, HARYANA, RAJASTHAN",180 - 200 Qt/Ha,Yes,Medium
627,INDIAN BEAN (DOLICHOS BEAN),Kashi Bouni Sem- 9,"MADHYA PRADESH, MAHARASHTRA",330 - 350 Qt/Ha,Yes,Early
628,TOMATO,Punjab Sona Cherry (Punjab Yellow Cherry),"SIKKIM, MEGHALAYA, MANIPUR, NAGALAND, MIZORAM, TRIPURA, ARUNACHAL PRADESH, ANDAMAN AND NICOBAR ISLANDS, PUNJAB, BIHAR, UTTAR PRADESH, JHARKHAND, HARYANA, DELHI, RAJASTHAN, GUJARAT",572 - 600 Qt/Ha,Yes,Medium
629,PADDY (DHAN),CO 57 (IET 31924),TAMIL NADU,46 - 50 Qt/Ha,Yes,Medium
630,PEA (VEGETABLE),ArkaPriya,"HIMACHAL PRADESH, JAMMU AND KASHMIR, UTTARAKHAND, BIHAR, PUNJAB, JHARKHAND, KARNATAKA, TAMIL NADU, GOA, KERALA",110 - 120 Qt/Ha,Yes,Medium
631,CUCUMBER,Him Palam Kheera-1 (DDPCG1),HIMACHAL PRADESH,800 - 850 Qt/Ha,Yes,Early
632,BHINDI (OKRA),BidhanSaheb mukto (BCO-1),WEST BENGAL,102 - 103 Qt/Ha,Yes,Early
633,CABBAGE,KTCBH-822,"JAMMU AND KASHMIR, HIMACHAL PRADESH, UTTARAKHAND, RAJASTHAN, GUJARAT, HARYANA, DELHI",80 - 90 Qt/Ha,Yes,Medium
634,WATERMELON,NWMH-945,"PUNJAB, UTTAR PRADESH, BIHAR, JHARKHAND, MADHYA PRADESH, MAHARASHTRA, GOA",390 - 400 Qt/Ha,Yes,Early
635,BITTER GOURD,Pusa Hybrid-6 (DBGH-542),"HIMACHAL PRADESH, DELHI, UTTARAKHAND, JAMMU AND KASHMIR",290 - 350 Qt/Ha,Yes,Medium
636,TOMATO,Pusa Rakshit (DTPH-60),"ANDAMAN AND NICOBAR ISLANDS, ANDHRA PRADESH, ARUNACHAL PRADESH, ASSAM, BIHAR, CHANDIGARH, CHHATTISGARH, DADRA AND NAGAR HAVELI, DAMAN AND DIU, DELHI, GOA, GUJARAT, HARYANA, HIMACHAL PRADESH",1600 - 1650 Qt/Ha,Yes,Medium
637,CHILLIES,Him Palam Mirch-2,"HIMACHAL PRADESH, UTTARAKHAND",180 - 200 Qt/Ha,Yes,Early
638,Aonla,Narendra Aonla-26,"BIHAR, UTTAR PRADESH, HARYANA, MADHYA PRADESH, CHHATTISGARH, JHARKHAND",55+ Qt/Ha,Yes,Perennial
639,GINGER,OUAT Kalinga Ginger 2 (SOURABH) (V1S1-2),ODISHA,145 - 150 Qt/Ha,Yes,Medium
640,GINGER,OUAT Kalinga Ginger 3 (Prayag) (PGS-121),ODISHA,137 - 150 Qt/Ha,Yes,Medium
641,CAULIFLOWER,Pusa Cauliflower Hybrid- 102 (DCH-9867),DELHI,242 - 245 Qt/Ha,Yes,Early
642,PUMPKIN,Punjab Sardar (PP-225),"HARYANA, DELHI, RAJASTHAN, GUJARAT, PUNJAB",380 - 390 Qt/Ha,Yes,Early
643,TUBERROSE,Arka Vaibhav,KARNATAKA,0.74 - 0.76 Qt/Ha,Yes,Early
644,TUBERROSE,Arka Prajwal,KARNATAKA,8 - 10 Qt/Ha,Yes,Early
645,MAIZE (MAKKA),Pusa Popcorn Hybrid – 1 (APCH- 2),"PUNJAB, HARYANA, DELHI, UTTARAKHAND, UTTAR PRADESH, MAHARASHTRA, KARNATAKA, ANDHRA PRADESH, TELANGANA, TAMIL NADU",46 - 50 Qt/Ha,Yes,Medium
646,Maize (fodder),Pusa Forage Maize Hybrid-1 (AFH-7),"UTTARAKHAND, PUNJAB, HARYANA, RAJASTHAN",90 - 95 Qt/Ha,Yes,Medium
647,MAIZE (MAKKA),Pusa HM4 Male Sterile Baby Corn-2 (ABSH4-2),"BIHAR, DELHI, JHARKHAND, ODISHA, UTTAR PRADESH, WEST BENGAL, MAHARASHTRA, KARNATAKA, ANDHRA PRADESH, TELANGANA, TAMIL NADU, GUJARAT, MADHYA PRADESH, CHHATTISGARH, RAJASTHAN",25 - 26 Qt/Ha,Yes,Early
648,MAIZE (MAKKA),Pusa Bio fortified Maize Hybrid – 4 (APH-4),"PUNJAB, HARYANA, DELHI, UTTARAKHAND, UTTAR PRADESH, MAHARASHTRA, KARNATAKA, ANDHRA PRADESH, GUJARAT, MADHYA PRADESH, CHHATTISGARH, RAJASTHAN",58 - 60 Qt/Ha,Yes,Medium
649,SUGARCANE (NOBLE CANE),IKHSU-16 (CoLk- 16202),"PUNJAB, HARYANA, BIHAR",2050 - 2250 Qt/Ha,Yes,Medium
650,BENGAL GRAM (CHICK PEA),Saatvik (NC 9),"GUJARAT, MADHYA PRADESH, MAHARASHTRA, RAJASTHAN, UTTAR PRADESH",15 - 16 Qt/Ha,Yes,Medium
651,Nigella,CG Karayat-1,CHHATTISGARH,8 - 10 Qt/Ha,Yes,Medium
652,SUNNHEMP,ADT 1,TAMIL NADU,25 - 26 Qt/Ha,Yes,Medium
653,marigold,Pusa Bahar,"PUNJAB, BIHAR, JHARKHAND, CHHATTISGARH, MADHYA PRADESH, DELHI, MAHARASHTRA",250 - 300 Qt/Ha,Yes,Medium
654,Black pepper,IISR Thevam,KERALA,5 - 6 Qt/Ha,Yes,Medium
655,Black pepper,IISR Malabar Excel,KERALA,3 - 5 Qt/Ha,Yes,Medium
656,CLUSTER BEAN,Phule Guar (RHRCB Sel. 10),MAHARASHTRA,104 - 153 Qt/Ha,Yes,Medium
657,CUCUMBER,Pusa Parthenocarpic Cucumber Hybrid-1 (DPaCH-7),"DELHI, HARYANA, RAJASTHAN, UTTAR PRADESH",1430 - 1440 Qt/Ha,Yes,Early
658,Apple,Arka NeelachaL Vikram,ODISHA,13 - 16 Qt/Ha,Yes,Perennial
659,SPONGE GOURD,Kashi Kalyani (VRSG-195),"PUNJAB, UTTAR PRADESH, BIHAR, JHARKHAND, RAJASTHAN, GUJARAT, HARYANA, DELHI",150 - 200 Qt/Ha,Yes,Medium
660,FENUGREEK,PhuleKasturi (GKF-3),MAHARASHTRA,110 - 115 Qt/Ha,Yes,Medium
661,SESAME (GINGELLY),PCUS-18-1 (UNAT RAMA),"BIHAR, WEST BENGAL, TAMIL NADU, ANDHRA PRADESH, MADHYA PRADESH, ODISHA",10 - 11 Qt/Ha,Yes,Late
662,Cassia,IISR Cassia (Konkan cassia),"MAHARASHTRA, TAMIL NADU, KERALA",108 - 109 Qt/Ha,Yes,Perennial
663,GLADIOLUS,Arka Naveen,"ANDAMAN AND NICOBAR ISLANDS, ANDHRA PRADESH, ARUNACHAL PRADESH, ASSAM, BIHAR, CHANDIGARH, CHHATTISGARH, DADRA AND NAGAR HAVELI, DAMAN AND DIU, DELHI, GOA, GUJARAT, HARYANA, HIMACHAL PRADESH, JAMMU, JAMMU AND KASHMIR, JHARKHAND, KARNATAKA, KASHMIR, KERALA, LADAKH, LAKSHADWEEP, MADHYA PRADESH, MAHARASHTRA, MANIPUR, MEGHALAYA, MIZORAM, NAGALAND, ODISHA, PUDUCHERRY, PUNJAB, RAJASTHAN, SIKKIM, TAMIL NADU, TELANGANA, TRIPURA, UTTARAKHAND, UTTAR PRADESH, WEST BENGAL",1.5 - 2 Qt/Ha,Yes,Medium
664,GLADIOLUS,Arka Aayush,"ANDAMAN AND NICOBAR ISLANDS, ANDHRA PRADESH, ARUNACHAL PRADESH, ASSAM, BIHAR, CHANDIGARH, CHHATTISGARH, DADRA AND NAGAR HAVELI, DAMAN AND DIU, DELHI, GOA, GUJARAT, HARYANA, HIMACHAL PRADESH, JAMMU, JAMMU AND KASHMIR, JHARKHAND, KARNATAKA, KASHMIR, KERALA, LADAKH, LAKSHADWEEP, MADHYA PRADESH, MAHARASHTRA, MANIPUR, MEGHALAYA, MIZORAM, NAGALAND, ODISHA, PUDUCHERRY, PUNJAB, RAJASTHAN, SIKKIM, TAMIL NADU, TELANGANA, TRIPURA, UTTARAKHAND, UTTAR PRADESH, WEST BENGAL",3.5 - 4 Qt/Ha,Yes,Medium
665,Black pepper,IISR Girimunda,KERALA,6+ Qt/Ha,Yes,Medium
666,NUTMEG,Konkan Sanyukta,MAHARASHTRA,501 - 502 Qt/Ha,Yes,Early
667,GLADIOLUS,Arka Pratham,KARNATAKA,0.16 - 0.18 Qt/Ha,Yes,Early
668,CARROT,Solan Shresth,"PUNJAB, UTTAR PRADESH, BIHAR, JHARKHAND",225 - 275 Qt/Ha,Yes,Early
669,SUGARCANE (NOBLE CANE),IKHSU-17 (CoLk- 16470),"UTTAR PRADESH, BIHAR",1940 - 2100 Qt/Ha,Yes,Medium
670,BROWN SARSON,PA 5210,RAJASTHAN,15 - 20 Qt/Ha,Yes,Medium
671,INDIAN MUSTARD,Jodhpur Yellow Sarson 1 (RMYS 1/GP 29),RAJASTHAN,20 - 22 Qt/Ha,Yes,Late
672,PEAS,Pant Pea-497,"PUNJAB, HARYANA, DELHI, RAJASTHAN, UTTAR PRADESH, UTTARAKHAND, JAMMU AND KASHMIR",19 - 20 Qt/Ha,Yes,Medium
673,PADDY (DHAN),ICAR NEH Aerobic Dhan -2 (IET- 29409),"BIHAR, HARYANA",40 - 45 Qt/Ha,Yes,Medium
674,WHEAT,Pusa Gehun Sharbati (HI-1665),"HARYANA, PUNJAB, UTTARAKHAND, UTTAR PRADESH",35 - 45 Qt/Ha,Yes,Early
675,TOSSA JUTE,ICAR-CRIJAF Jute JRC-9 (Namita),"WEST BENGAL, UTTAR PRADESH, BIHAR, ODISHA, TRIPURA, ASSAM",20 - 25 Qt/Ha,Yes,Medium
676,WHEAT,Pusa Gehun Gaurav (HI- 8840),"MAHARASHTRA, KARNATAKA, TAMIL NADU",40 - 45 Qt/Ha,Yes,Medium
677,TOBACCO,FCR-15 (CTRI Sreshta),ANDHRA PRADESH,129 - 130 Qt/Ha,Yes,Medium
678,WHEAT,MP-3535,MADHYA PRADESH,38 - 40 Qt/Ha,Yes,Medium
679,MAIZE (MAKKA),BIO 207 (BIO Seed 9577),"ANDHRA PRADESH, MAHARASHTRA, TAMIL NADU, TELANGANA, KARNATAKA",70 - 80 Qt/Ha,Yes,Medium
680,WINGED BEAN,Birsa Kamrenga -1 (RWB13),JHARKHAND,14 - 15 Qt/Ha,Yes,Early
681,MAIZE (MAKKA),Maize VGIH (M) 2 (VaMH-12013),TAMIL NADU,75 - 90 Qt/Ha,Yes,Early
682,COTTON,Shalini (CNH-17395) ( CICR-H Cotton 58),"MADHYA PRADESH, MAHARASHTRA, GUJARAT",16 - 18 Qt/Ha,Yes,Medium
683,SORGHUM,CO (SS) 33 (SPV-2895),TAMIL NADU,25 - 30 Qt/Ha,Yes,Early
684,COTTON,VPT 2 (TVH 002),TAMIL NADU,18 - 20 Qt/Ha,Yes,Medium
685,COTTON,KCH 9111 (Compact) BG II,"ANDHRA PRADESH, KARNATAKA, TAMIL NADU, TELANGANA",31 - 32 Qt/Ha,Yes,Early
686,COTTON,KCH 301 BG-II,"ANDHRA PRADESH, KARNATAKA, TAMIL NADU, TELANGANA",21 - 22 Qt/Ha,Yes,Medium
687,PEARL MILLET,MPMH 35 (MH 2474) MARU SAMPADA,"RAJASTHAN, GUJARAT, HARYANA",21.9 - 21.9 Qt/Ha,Yes,Early
688,BLACK GRAM,Mash 1190 (SUG 1190),"PUNJAB, HARYANA, UTTARAKHAND, UTTAR PRADESH",13 - 14 Qt/Ha,Yes,Medium
689,BLACK GRAM,KPU 18-1 (Kota Urd 6),"RAJASTHAN, GUJARAT, PUNJAB, HARYANA",14 - 15 Qt/Ha,Yes,Medium
690,SOYBEAN,CHHATTISGARH SOYA 11-15,CHHATTISGARH,25 - 31 Qt/Ha,Yes,Medium
691,CHILLIES,Arka Khyati (MSH 206),"MADHYA PRADESH, MAHARASHTRA, GOA",380 - 400 Qt/Ha,Yes,Medium
692,GROUNDNUT,Groundnut VRI 10 (VG 17008),TAMIL NADU,2535 - 2448 Qt/Ha,Yes,Early
693,GROUNDNUT,Raj Mungfali 4 (RG 638),"RAJASTHAN, UTTAR PRADESH, PUNJAB",3698 - 3698 Qt/Ha,No,Late
694,GROUNDNUT,Improved JL 24 (DBG 3),KARNATAKA,2736 - 2740 Qt/Ha,Yes,Early
695,SOYBEAN,NRC 152,"MADHYA PRADESH, MAHARASHTRA, GUJARAT",18 - 27 Qt/Ha,Yes,Early
696,MAIZE (MAKKA),PDKV Aarambha (BMH 18- 2,"MAHARASHTRA, KARNATAKA, TAMIL NADU, TELANGANA, ANDHRA PRADESH, RAJASTHAN, MADHYA PRADESH, GUJARAT, CHHATTISGARH",101 - 102 Qt/Ha,Yes,Medium
697,COTTON,JEEO (D-1199 BG II),"MADHYA PRADESH, GUJARAT, MAHARASHTRA, ANDHRA PRADESH, KARNATAKA, TAMIL NADU, TELANGANA",19 - 21 Qt/Ha,Yes,Medium
698,WHEAT,SHALIMAR WHEAT-3 (SKW-356),KASHMIR,30 - 32 Qt/Ha,Yes,Early
699,WHEAT,PBW 833,"BIHAR, JHARKHAND, ODISHA, WEST BENGAL, ASSAM",41 - 43 Qt/Ha,Yes,Medium
700,WHEAT,PUSA OJASWI (HI 1650),"MADHYA PRADESH, CHHATTISGARH, GUJARAT, RAJASTHAN, UTTAR PRADESH",52 - 58 Qt/Ha,Yes,Medium
701,SESAME (GINGELLY),jagtiala Til-1 (JCS 1020),TELANGANA,10.5 - 11 Qt/Ha,Yes,Late
702,PADDY (DHAN),GR-20 (Navsari Kamod) NVSR-407 (IET-27797),GUJARAT,49 - 50 Qt/Ha,Yes,
703,WHEAT,KARAN VARUNA (DBW 372),"HARYANA, PUNJAB, DELHI, RAJASTHAN, UTTAR PRADESH, JAMMU AND KASHMIR, HIMACHAL PRADESH, UTTARAKHAND",75 - 85 Qt/Ha,Yes,Medium
704,WHEAT,UNNAT HD 2967 (HD 3406),"PUNJAB, HARYANA, DELHI, RAJASTHAN, UTTAR PRADESH, JAMMU AND KASHMIR, HIMACHAL PRADESH, UTTARAKHAND",55 - 70 Qt/Ha,Yes,Medium
705,WHEAT,KARAN PREMA (DBW 316),"BIHAR, UTTAR PRADESH, JHARKHAND, ASSAM, WEST BENGAL",40 - 45 Qt/Ha,Yes,Early
706,WHEAT,PUSA HARSHA (HI 1655),"CHHATTISGARH, GUJARAT, MADHYA PRADESH, UTTAR PRADESH, RAJASTHAN",38 - 60 Qt/Ha,Yes,Medium
707,WHEAT,PUSA WHEAT 3369 (HD 3369),"DELHI, HARYANA, PUNJAB, RAJASTHAN, JAMMU AND KASHMIR, UTTARAKHAND, HIMACHAL PRADESH",50 - 60 Qt/Ha,Yes,Medium
708,WHEAT,NICRA PUSA WHEAT 3411 (HD 3411),"PUNJAB, HARYANA, DELHI, RAJASTHAN, BIHAR, UTTAR PRADESH, JHARKHAND, WEST BENGAL, ODISHA, ASSAM",37 - 66 Qt/Ha,Yes,Medium
709,PADDY (DHAN),Haccha (Aaudpu Dhan 04),ASSAM,30 - 35 Qt/Ha,Yes,Early
710,SUGARCANE (NOBLE CANE),CO 14012 (AVANI),"TAMIL NADU, KERALA, ANDHRA PRADESH, TELANGANA, KARNATAKA, GUJARAT, MAHARASHTRA, MADHYA PRADESH",1098 - 1150 Qt/Ha,Yes,Medium
711,PADDY (DHAN),Swarna Purvi Dhan 1,JHARKHAND,45 - 46 Qt/Ha,Yes,Early
712,FINGER MILLET (RAGI),CFMV 4 (FMV 1166),"ANDHRA PRADESH, MAHARASHTRA, TAMIL NADU",32 - 35 Qt/Ha,Yes,Late
713,FINGER MILLET (RAGI),SIRI (KMR-316),KARNATAKA,35 - 40 Qt/Ha,Yes,Early
714,ITALIAN MILLET (FOX TAIL MILLET),GPUF 3,KARNATAKA,15 - 20 Qt/Ha,Yes,Medium
715,MAIZE (MAKKA),Shalimar Maize Composite-8,JAMMU AND KASHMIR,60 - 65 Qt/Ha,Yes,Early
716,MAIZE (MAKKA),VLQPM Hybrid 61,,17 - 18 Qt/Ha,No,
717,MAIZE (MAKKA),PMH1-LP (EDV of PMH1 with Low Phytate),"PUNJAB, HARYANA, UTTAR PRADESH, UTTARAKHAND, DELHI",90 - 100 Qt/Ha,Yes,Late
718,LITTLE MILLET,Hagari Same-1 (HS-1) (IIMR LM-8437-17),KARNATAKA,12 - 14 Qt/Ha,Yes,Late
719,LITTLE MILLET,GPUL 6,KARNATAKA,85 - 90 Qt/Ha,Yes,Medium
720,PEARL MILLET,PCB 166 (FBL 4),PUNJAB,40.9 - 40.9 Qt/Ha,Yes,Late
721,PEARL MILLET,BLPMH 109 (MSH 363),,,No,
722,PEARL MILLET,86M80 (MH 2439),"RAJASTHAN, GUJARAT, HARYANA, MADHYA PRADESH, UTTAR PRADESH, PUNJAB, DELHI",39.4 - 40 Qt/Ha,Yes,Late
723,PEARL MILLET,SVPMH-101 (MSH 361) (Hybrid),"GUJARAT, RAJASTHAN, UTTAR PRADESH, TAMIL NADU, TELANGANA, MAHARASHTRA",47.29 - 50 Qt/Ha,Yes,Late
724,MUSK MELON,Pusa Kazri (DMM-148),DELHI,220 - 230 Qt/Ha,Yes,Medium
725,SORGHUM,CSV 51 (SPV 2683),"KARNATAKA, TAMIL NADU, TELANGANA",43 - 44 Qt/Ha,Yes,Medium
726,GRAPES,Manjari Medika,"MAHARASHTRA, TAMIL NADU, TELANGANA, KARNATAKA",380 - 450 Qt/Ha,Yes,Early
727,BOTTLE GOURD,PLR 2,TAMIL NADU,420 - 422 Qt/Ha,Yes,Medium
728,BENGAL GRAM (CHICK PEA),Pant Lentil 12 (PL 245),UTTARAKHAND,0.1 - 1 Qt/Ha,Yes,Medium
729,SORGHUM,TRJPI-5 (SPV-2538),KARNATAKA,14 - 18 Qt/Ha,Yes,Medium
730,SORGHUM,Phule Yashomati (RSV 1910),MAHARASHTRA,10 - 12 Qt/Ha,Yes,Early
731,SORGHUM,Trombay Akola Suruchi (TAKPS 5),MAHARASHTRA,114 - 115 Qt/Ha,Yes,Medium
732,SORGHUM,CSV 52SS (SPV 2697),"MAHARASHTRA, PUNJAB, TELANGANA, TAMIL NADU",48 - 49 Qt/Ha,Yes,Late
733,SORGHUM,SL 45 (SLC 1),PUNJAB,687 - 688 Qt/Ha,Yes,Late
734,CAULIFLOWER,Pusa Purple Cauliflower-1 (KTPCF-1),DELHI,250 - 320 Qt/Ha,Yes,Medium
735,BOTTLE GOURD,Punjab Barkat,PUNJAB,250 - 260 Qt/Ha,Yes,Early
736,BENGAL GRAM (CHICK PEA),Gujarat Gram 7 (SorathSuraj),GUJARAT,16 - 18 Qt/Ha,Yes,Early
737,BENGAL GRAM (CHICK PEA),HARYANA CHANA NO 6 (HC 6),HARYANA,26 - 38 Qt/Ha,Yes,Medium
738,COTTON,BIO 6101 BG- II (BIO GHH 101 BG-II),"MADHYA PRADESH, MAHARASHTRA",21 - 22 Qt/Ha,Yes,Medium
739,LENTIL (MASUR),VL Masoor 150 (VL 150),UTTARAKHAND,7 - 11 Qt/Ha,Yes,Late
740,Crossandra,Arka Kanaka,MAHARASHTRA,7.29 - 9 Qt/Ha,Yes,Medium
741,PIGEON PEA (RED GRAM/ARHAR),Phule Kaveri (Phule Tur-11-4),"TAMIL NADU, TELANGANA, ODISHA, KARNATAKA, ANDHRA PRADESH",11 - 17 Qt/Ha,Yes,Medium
742,PIGEON PEA (RED GRAM/ARHAR),Renuka (BDN 2013-2),"MADHYA PRADESH, MAHARASHTRA, GUJARAT, RAJASTHAN, CHHATTISGARH",14 - 20 Qt/Ha,Yes,Medium
743,LITTLE MILLET,GV-4 (Ambika),GUJARAT,30 - 31 Qt/Ha,Yes,Medium
744,WHEAT,K 1616,UTTAR PRADESH,26 - 36 Qt/Ha,Yes,Medium
745,MAIZE (MAKKA),VL Shikhar (FLPH-19),UTTARAKHAND,48 - 52 Qt/Ha,Yes,Early
746,BENGAL GRAM (CHICK PEA),Kanchan (IPCK 2009-145),UTTAR PRADESH,20 - 25 Qt/Ha,Yes,Medium
747,GREEN GRAM,ML 1839 (SML 1839),"UTTAR PRADESH, BIHAR, CHHATTISGARH, WEST BENGAL, JHARKHAND",10.58 - 12.24 Qt/Ha,Yes,Medium
748,PADDY (DHAN),Rice ADT 57 (AD 09219),TAMIL NADU,59 - 60 Qt/Ha,Yes,Early
749,PADDY (DHAN),PAC 8744 PLUS,ASSAM,6.5 - 7.5 Qt/Ha,Yes,Medium
750,PADDY (DHAN),PAC 837 PLUS,,,No,
751,PADDY (DHAN),Rajendranagar Vari-1 (RNR-11718),"HARYANA, GUJARAT, KARNATAKA, PUDUCHERRY",70 - 75 Qt/Ha,Yes,Medium
752,PADDY (DHAN),DRR Dhan 64 (IET 28358),"BIHAR, WEST BENGAL",52 - 53.3 Qt/Ha,Yes,Early
753,PADDY (DHAN),MTU RICE 1318 (IET 28527),ANDHRA PRADESH,70 - 75 Qt/Ha,Yes,Late
754,PADDY (DHAN),Pusa Samba 1853 (IET 28014),"ANDHRA PRADESH, TELANGANA",40 - 45 Qt/Ha,Yes,Medium
755,PADDY (DHAN),DRR Dhan 66 (IET 28066),"ANDHRA PRADESH, TELANGANA",43 - 50 Qt/Ha,Yes,Medium
756,PADDY (DHAN),DRR Dhan 68 (BRRI Dhan 99),"ASSAM, WEST BENGAL, TRIPURA",41.4 - 65.6 Qt/Ha,Yes,Late
757,PADDY (DHAN),JATIALA VARI 3,TELANGANA,58 - 61 Qt/Ha,Yes,
758,PADDY (DHAN),RAJENDRANAGAR VARI-3 (RNR 15459),TELANGANA,42.3 - 44.5 Qt/Ha,Yes,Medium
759,PADDY (DHAN),Uttar Sugandhi (UBKVRA-2) (IET 24616),WEST BENGAL,36.84 - 40 Qt/Ha,Yes,Medium
760,PADDY (DHAN),Uttar Samir (PUR-B-36) (IET 26453),UTTAR PRADESH,50 - 64 Qt/Ha,Yes,Medium
761,PADDY (DHAN),DIYUNG (AAUDPU Dhan 06),ASSAM,52 - 60 Qt/Ha,Yes,Medium
762,PADDY (DHAN),Langpi (AAUDPU Dhan 05),ASSAM,53 - 60 Qt/Ha,No,Medium
763,PADDY (DHAN),Gujarat Anand Rice 22 (GAR 22: Swagat),GUJARAT,56.13 - 57 Qt/Ha,Yes,Medium
764,PADDY (DHAN),CR Dhan107 (Unnat Vandana),JHARKHAND,29.9 - 30 Qt/Ha,Yes,
765,PADDY (DHAN),RC Maniphou 16 (RCM 37),MANIPUR,70 - 72 Qt/Ha,Yes,Medium
766,PADDY (DHAN),RC Maniphou 15 (RCM 36),MANIPUR,78 - 80 Qt/Ha,Yes,Medium
767,PADDY (DHAN),GNR-9 (Lalkada Gold),GUJARAT,40 - 45 Qt/Ha,Yes,Early
768,PADDY (DHAN),Punjab Basmati 7,PUNJAB,49 - 51 Qt/Ha,Yes,Early
769,PADDY (DHAN),S-4001 (NK 14722),"UTTAR PRADESH, JHARKHAND",60 - 65 Qt/Ha,Yes,Medium
770,PADDY (DHAN),VNR 2228 (IET 24951) (VNR 218),"TRIPURA, ASSAM",58 - 60 Qt/Ha,Yes,Medium
771,NIGER (RAMTIL),KBN -2,KARNATAKA,8 - 10 Qt/Ha,Yes,Early
772,PADDY (DHAN),MTU Rice 1310,"ANDHRA PRADESH, TELANGANA, KARNATAKA, TAMIL NADU",36 - 37 Qt/Ha,Yes,Medium
773,PADDY (DHAN),CR Dhan 321 (IET 28354),"ODISHA, BIHAR, JHARKHAND, WEST BENGAL, UTTAR PRADESH, TRIPURA, ASSAM, CHHATTISGARH, MAHARASHTRA",64 - 67 Qt/Ha,Yes,Early
774,WHEAT,Jammu Wheat 672,JAMMU,45 - 48 Qt/Ha,Yes,Medium
775,PADDY (DHAN),MTU Rice 1273,"CHHATTISGARH, MAHARASHTRA, GUJARAT",60 - 65 Qt/Ha,Yes,Early
776,SESAME (GINGELLY),AAU SHL TIL-1,ASSAM,8.9 - 9.04 Qt/Ha,Yes,
777,PADDY (DHAN),NPH-242,"ANDAMAN AND NICOBAR ISLANDS, ANDHRA PRADESH, ARUNACHAL PRADESH, ASSAM, BIHAR, CHANDIGARH, CHHATTISGARH",27 - 28 Qt/Ha,Yes,Medium
778,LINSEED,Varsha Alsi 2 (RLC-171),"HIMACHAL PRADESH, JAMMU AND KASHMIR, PUNJAB, JHARKHAND, UTTAR PRADESH, NAGALAND, ASSAM, BIHAR",10 - 12 Qt/Ha,Yes,Medium
779,COMMON MILLET (PROSO MILLET),Hagari Barugu-1 (HB-1),KARNATAKA,11 - 14 Qt/Ha,Yes,Medium
780,GREEN GRAM,Phule Suvarn Phule M- 0702-1,MAHARASHTRA,8 - 9 Qt/Ha,Yes,Early
781,MAIZE (MAKKA),Pusa Biofortified Maize Hybrid-2 (APH2),"PUNJAB, HARYANA, DELHI, UTTARAKHAND, UTTAR PRADESH, TELANGANA, TAMIL NADU, GUJARAT, CHHATTISGARH",76 - 78 Qt/Ha,Yes,Medium
782,MAIZE (MAKKA),Pusa Biofortified Maize Hybrid-3 (APH3),"PUNJAB, HARYANA, DELHI, UTTARAKHAND, UTTAR PRADESH, MAHARASHTRA, KARNATAKA, ANDHRA PRADESH, TELANGANA, TAMIL NADU",82 - 83 Qt/Ha,Yes,
783,MAIZE (MAKKA),IMH 224,"BIHAR, UTTAR PRADESH, JHARKHAND, ODISHA",67 - 76 Qt/Ha,Yes,Medium
784,MAIZE (MAKKA),VL QPM Hybrid 45 (FQH165) (Hybrid),UTTARAKHAND,71 - 80 Qt/Ha,Yes,Early
785,MAIZE (MAKKA),C.V. 333,,,No,
786,MAIZE (MAKKA),ADV 756 (Hybrid),ASSAM,70 - 90 Qt/Ha,Yes,Late
787,LITTLE MILLET,Kalinga Suan 18 (CLMV-2),"ANDHRA PRADESH, ODISHA, KARNATAKA",16 - 18 Qt/Ha,Yes,
788,WHEAT,VL Gehun 3010,UTTARAKHAND,31.4 - 38.5 Qt/Ha,Yes,Medium
789,BENGAL GRAM (CHICK PEA),Shalimar Chuckpea-2,KASHMIR,14 - 16 Qt/Ha,Yes,
790,BENGAL GRAM (CHICK PEA),Kuber (IPC 2010-142),UTTAR PRADESH,20 - 25 Qt/Ha,Yes,Medium
791,GREEN GRAM,VBN 5 (VGG 15013),TAMIL NADU,8.5 - 9 Qt/Ha,Yes,Medium
792,MAIZE (MAKKA),IMH 222 (Hybrid),"PUNJAB, HARYANA, UTTAR PRADESH, DELHI, UTTARAKHAND",98 - 100 Qt/Ha,Yes,Medium
793,SPINACH,Pusa Vilayati Palak,"HIMACHAL PRADESH, DELHI, UTTARAKHAND, JAMMU AND KASHMIR",140 - 150 Qt/Ha,Yes,Early
794,WHEAT,PUSA KIRTI (HI 8830),"MADHYA PRADESH, CHHATTISGARH, GUJARAT, RAJASTHAN, UTTAR PRADESH",40 - 65 Qt/Ha,Yes,Medium
795,SOYBEAN,MAUS 725,MAHARASHTRA,25 - 31 Qt/Ha,Yes,Early
796,GROUNDNUT,Visishta (TCGS 1694),ANDHRA PRADESH,2489 - 2495 Qt/Ha,Yes,Medium
797,MAIZE (MAKKA),SJPC 1,JAMMU AND KASHMIR,40 - 45 Qt/Ha,Yes,Medium
798,MAIZE (MAKKA),RMH 4118 (Rasi 4118),"BIHAR, UTTAR PRADESH, WEST BENGAL, ODISHA, JHARKHAND",90 - 110 Qt/Ha,Yes,
799,GOBHI SARSON,JAMMU GOBHI SARSON 123 (JGS 12-3),JAMMU,17 - 18.42 Qt/Ha,Yes,Late
800,GOBHI SARSON,Shalimar Gobhi Sarson-1 (KGS-32),JAMMU AND KASHMIR,11 - 12 Qt/Ha,Yes,Early
801,COTTON,MAHABEEJ 124 BG II (Hybrid),MAHARASHTRA,22 - 23 Qt/Ha,Yes,Medium
802,Bajra (Fodder),BAIF BAJRA-5,"GUJARAT, MAHARASHTRA, MADHYA PRADESH",800 - 882 Qt/Ha,Yes,Late
803,BRINJAL,Bidhan Suphala (BCB-40),WEST BENGAL,307 - 328 Qt/Ha,Yes,Medium
804,SAFFLOWER,Rajvijay Safflower 18-3 (RVSAFF18-3),MADHYA PRADESH,17 - 17.5 Qt/Ha,Yes,Medium
805,Bajra (Fodder),TELANGANA FODDER BAJRA (TSFB 17-7),"KARNATAKA, TAMIL NADU, TELANGANA",404 - 405 Qt/Ha,Yes,
806,Bajra (Fodder),TELANGANA MULTICUT BAJRA (TSFB 18-1),"GUJARAT, MADHYA PRADESH, MAHARASHTRA",400 - 401 Qt/Ha,Yes,Medium
807,Crossandra,Arka Ambara,KARNATAKA,456 - 480 Qt/Ha,Yes,
808,GARLIC,Ooty2 (Garlic- As 72-05),TAMIL NADU,16 - 17 Qt/Ha,Yes,Medium
809,BRINJAL,Gujarat Round Brinjal 8 (GRB 8: Anand Raj),GUJARAT,425 - 426 Qt/Ha,Yes,Early
810,BRINJAL,VMB-16-10,TAMIL NADU,500 - 550 Qt/Ha,Yes,Medium
811,CHILLIES,Arka Swetha (MSH 149),"BIHAR, JHARKHAND, PUNJAB, UTTAR PRADESH",380 - 400 Qt/Ha,Yes,Early
812,Greater Yam,Chhattisgarh Ratalu-2 (TGy 12-6 (IGDa-5),CHHATTISGARH,250 - 300 Qt/Ha,Yes,Medium
813,INDIAN BEAN (DOLICHOS BEAN),Pusa Sem Lal (DB-5),"ODISHA, ANDHRA PRADESH, CHHATTISGARH, WEST BENGAL",180 - 190 Qt/Ha,Yes,Medium
814,GINGER,IISR Vajra,"ANDHRA PRADESH, KERALA, TAMIL NADU, KARNATAKA, CHHATTISGARH",117 - 120 Qt/Ha,Yes,Medium
815,COWPEA (VEGETABLE),Kashi Vishan (VRCP-12),"BIHAR, UTTAR PRADESH, JHARKHAND, PUNJAB",140 - 160 Qt/Ha,Yes,Early
816,CLUSTER BEAN,GVG 11 (Anand Bahar),GUJARAT,148 - 149 Qt/Ha,Yes,Medium
817,GUAR (CLUSTER BEAN),GVG 11: Anand Bahar,GUJARAT,148 - 150 Qt/Ha,Yes,Medium
818,CABBAGE,Pusa Red Cabbage Hybrid 1 (KTCBH-R-7),DELHI,400 - 450 Qt/Ha,Yes,Medium
819,BITTER GOURD,Punjab Karela-15 (PAUBIG-4),PUNJAB,125 - 130 Qt/Ha,Yes,Medium
820,BITTER GOURD,Pusa Hybrid 5 (DBGH 159),DELHI,240 - 245 Qt/Ha,Yes,Early
821,CUCUMBER,Punjab Kheera-1 (PBRK-4),PUNJAB,760 - 925 Qt/Ha,Yes,Medium
822,BITTER GOURD,HKH 56 (Hisar Karela Hybrid 56),HARYANA,122 - 141 Qt/Ha,Yes,Medium
823,PUMPKIN,Kashi Basant (VRPK-230),"CHHATTISGARH, ODISHA, ANDHRA PRADESH",284 - 285 Qt/Ha,Yes,Early
824,MUSK MELON,Pusa Sunehri (DHM-39),,,No,
825,SPONGE GOURD,Pusa Spong Guard-29,,,No,
826,LONG MELON,Thar Sheetal (AHLM-2),RAJASTHAN,132 - 142 Qt/Ha,Yes,Early
827,SPONGE GOURD,Punjab Nikhar (PSG-111),PUNJAB,205 - 210 Qt/Ha,Yes,Early
828,RIDGE GOURD,Thar Karni (AHRG-29),RAJASTHAN,148 - 156 Qt/Ha,Yes,Early
829,GRAPES,Manjari Shyama,"MAHARASHTRA, KARNATAKA, TELANGANA, TAMIL NADU",350 - 380 Qt/Ha,Yes,Medium
830,Tamarind,Shiwai,MAHARASHTRA,84 - 85 Qt/Ha,Yes,Perennial
831,BRINJAL,Sorath Ravaiya GRB-7 (JBR-14-07),GUJARAT,290 - 350 Qt/Ha,Yes,Medium
832,SUMMER SQUASH,Pusa Shreyas (DS-17),DELHI,216 - 218 Qt/Ha,Yes,Early
833,MANGO,Arka Neelachal Kesari,"ANDHRA PRADESH, LAKSHADWEEP, ANDAMAN AND NICOBAR ISLANDS, ASSAM",12 - 15 Qt/Ha,Yes,Early
834,COWPEA (PULSES),Shalimar Cowpea-2 (SKUA-WCP-149),JAMMU AND KASHMIR,22 - 23 Qt/Ha,Yes,Early
835,PAPAYA,TNAU Papaya CO 8,TAMIL NADU,2200 - 2300 Qt/Ha,Yes,Late
836,JACK FRUIT,AH 10(Jack Fruit PLR 3),TAMIL NADU,720 - 728 Qt/Ha,Yes,Medium
837,BRINJAL,Punjab Himmat (PBL-234),"PUNJAB, BIHAR, JHARKHAND, WEST BENGAL, UTTARAKHAND, UTTAR PRADESH, MADHYA PRADESH, MAHARASHTRA, GOA",344 - 345 Qt/Ha,Yes,Early
838,BRINJAL,Pusa Krishna (DBR-03),"MADHYA PRADESH, MAHARASHTRA",310 - 311 Qt/Ha,Yes,Early
839,BRINJAL,Arka Avinash,"KERALA, KARNATAKA",450 - 480 Qt/Ha,Yes,Early
840,BRINJAL,Kashi Brinjal Green Round (IVBR-17),"BIHAR, PUNJAB, JHARKHAND, UTTAR PRADESH",550 - 600 Qt/Ha,Yes,Early
841,BRINJAL,GAb 6: Anand Doli,GUJARAT,555 - 600 Qt/Ha,Yes,Early
842,BRINJAL,GNRB-1,GUJARAT,393 - 395 Qt/Ha,Yes,Medium
843,BRINJAL,Kashi Manohar (IVBHL-20),"MADHYA PRADESH, MAHARASHTRA, GOA",650 - 700 Qt/Ha,Yes,Early
844,BRINJAL,Birsa Chianki Baigan-1 (CB-1),JHARKHAND,325 - 425 Qt/Ha,Yes,Medium
845,CHILLIES,UARCH 43 (Vitthal),KARNATAKA,45 - 50 Qt/Ha,Yes,Late
846,PADDY (DHAN),Shalimar Rice-9 (SKUA493),JAMMU AND KASHMIR,59 - 60 Qt/Ha,Yes,Early
847,BHINDI (OKRA),Gujarat Anand Okra 8 (GAO 8: Anand Komal),GUJARAT,125 - 130 Qt/Ha,Yes,Early
848,BHINDI (OKRA),PDKV-Pragati (AKOV-1707),MAHARASHTRA,74 - 133 Qt/Ha,Yes,Medium
849,BHINDI (OKRA),Pusa Okra Hybrid-1 (DOH-1),DELHI,260 - 263 Qt/Ha,Yes,Early
850,TOMATO,Pusa Tomato (Protected-1),"DELHI, UTTAR PRADESH, PUNJAB, HARYANA",1200 - 1400 Qt/Ha,Yes,Medium
851,TOMATO,Pusa Golden Cherry Tomato-2,DELHI,900 - 1000 Qt/Ha,Yes,Early
852,TOMATO,Him Palam Cherry Yellow Tomato(DDCTY1),HIMACHAL PRADESH,516 - 517 Qt/Ha,Yes,Medium
853,TOMATO,SJCT01/ Jammu Cherry Tomato-09,"JAMMU AND KASHMIR, HIMACHAL PRADESH, UTTARAKHAND, MEGHALAYA, MANIPUR, MIZORAM, NAGALAND, SIKKIM, TRIPURA, ASSAM",250 - 300 Qt/Ha,Yes,Early
854,MAIZE (MAKKA),KMH005(Hybrid),"PUNJAB, HARYANA, DELHI, UTTAR PRADESH",95 - 105 Qt/Ha,Yes,Late
855,MAIZE (MAKKA),NMH-51,ASSAM,80 - 81 Qt/Ha,Yes,Early
856,WHEAT,VL Gehun 2028,UTTARAKHAND,22 - 24 Qt/Ha,Yes,Medium
857,AJWAIN (BISHOPS WEED),Lam Ajowan-2 (LTA-26/APHU Ajowan-1),ANDHRA PRADESH,12 - 15 Qt/Ha,Yes,Late
858,SESAME (GINGELLY),Phule Purna (JLT-408-2) (JLS-408-2) (Summer),MAHARASHTRA,69 - 71 Qt/Ha,Yes,Medium
859,PADDY (DHAN),MTU Rice 1293,"ANDHRA PRADESH, TELANGANA",57 - 59 Qt/Ha,Yes,Early
860,RADISH,CR-45,"PUNJAB, ASSAM, RAJASTHAN, JAMMU AND KASHMIR, HIMACHAL PRADESH, MANIPUR, MEGHALAYA, SIKKIM",321 - 322 Qt/Ha,Yes,Early
861,RADISH,Him Palam Mooli-1 (DPR-1),HIMACHAL PRADESH,460 - 480 Qt/Ha,Yes,Medium
862,PADDY (DHAN),CR Dhan-108 (IET -29052),"BIHAR, ODISHA",29 - 30 Qt/Ha,Yes,Medium
863,PADDY (DHAN),KKL (R) 2 (IET 28791),"TAMIL NADU, PUDUCHERRY",68 - 69 Qt/Ha,Yes,Medium
864,PADDY (DHAN),CR Dhan 314 (IET 27263),"ODISHA, BIHAR",64 - 69 Qt/Ha,Yes,Medium
865,PADDY (DHAN),TRC 216-14/ICAR NEH NICRA-Boro Dhan 1,"WEST BENGAL, TRIPURA, ASSAM",52 - 53 Qt/Ha,Yes,Medium
866,PADDY (DHAN),TRC PSM-1720-B-B-5-1/ ICAR-NEH Nicra Hill Rice 2022-2,"HIMACHAL PRADESH, MANIPUR",10 - 11 Qt/Ha,Yes,Medium
867,PADDY (DHAN),MTU Rice 1321,"TAMIL NADU, TELANGANA, KARNATAKA, PUDUCHERRY",60 - 70 Qt/Ha,Yes,Medium
868,PADDY (DHAN),AAU-KMJ-Dhan-46 (Surma Dhan),ASSAM,50 - 60 Qt/Ha,Yes,Late
869,BENGAL GRAM (CHICK PEA),Nandyal Gram 776 (NBeG 776),ANDHRA PRADESH,7 - 10 Qt/Ha,Yes,Early
870,SESAME (GINGELLY),VRI 4 (VS 13006),,,No,
871,SOYBEAN,Pant Soybean 27 (PS 1670),"PUNJAB, UTTAR PRADESH, DELHI",21.15 - 23.13 Qt/Ha,Yes,Medium
872,MAIZE (MAKKA),DKC7204(IT7788)(Hybrid),"UTTAR PRADESH, BIHAR, JHARKHAND, ODISHA",76 - 83 Qt/Ha,Yes,Early
873,MAIZE (MAKKA),GH-150125 (Dharma) (CAH-152SE)(Hybrid),KARNATAKA,10 - 12 Qt/Ha,Yes,Late
874,GROUNDNUT,Gujarat Groundnut 38 (Sorath Navin),GUJARAT,2966 - 2970 Qt/Ha,No,Medium
875,PADDY (DHAN),Telangana Rice-35085 (JGL-35085),"BIHAR, WEST BENGAL",56 - 57 Qt/Ha,Yes,Early
876,BLACK GRAM,SHYAMAL (SBC 40 AAU SBC 40),ASSAM,14 - 16 Qt/Ha,Yes,Medium
877,FENUGREEK,RMt-354 (UM-354),RAJASTHAN,18 - 20 Qt/Ha,Yes,Medium
878,GREEN GRAM,Lam Pesara 600,"ANDHRA PRADESH, TELANGANA, TAMIL NADU, KARNATAKA, KERALA, ODISHA",11.4 - 11.92 Qt/Ha,Yes,Medium
879,MAIZE (MAKKA),IBCH 401 (IMHSB 19KB-2),"MAHARASHTRA, KARNATAKA, ANDHRA PRADESH, TAMIL NADU, TELANGANA, RAJASTHAN, MADHYA PRADESH, CHHATTISGARH",15.83 - 16.82 Qt/Ha,Yes,Perennial
880,MOTH BEAN,CAZRI Moth-4 (CZMO- 18-2),"RAJASTHAN, GUJARAT, MAHARASHTRA, KARNATAKA",11 - 12 Qt/Ha,Yes,Medium
881,BERSEEM (EGYPTIAN CLOVER),BL 46 (BM 14),"PUNJAB, HARYANA, UTTARAKHAND, UTTAR PRADESH, JHARKHAND, BIHAR, ODISHA, WEST BENGAL, CHHATTISGARH",733.5 - 913.4 Qt/Ha,Yes,Perennial
882,MAIZE (MAKKA),GK 3302,"PUNJAB, HARYANA, DELHI, UTTARAKHAND",91.22 - 99.89 Qt/Ha,Yes,Late
883,MAIZE (MAKKA),IMH 227 (IMHSB 19R-2) (Hybrid),"PUNJAB, HARYANA, DELHI, UTTAR PRADESH",88.59 - 97.69 Qt/Ha,Yes,Medium
884,NIGER (RAMTIL),JNS 2017-13,"MADHYA PRADESH, GUJARAT, CHHATTISGARH, ODISHA, KARNATAKA, ANDHRA PRADESH, JHARKHAND",58.14 - 70.1 Qt/Ha,Yes,Medium
885,SOYBEAN,Umiam Soybean 1 (RCS 1-9),MEGHALAYA,24 - 25 Qt/Ha,Yes,Medium
886,MAIZE (MAKKA),ISCH 601 (ISCH 1901) (Hybrid),"PUNJAB, HARYANA, UTTARAKHAND, UTTAR PRADESH, BIHAR, ODISHA, WEST BENGAL",72.68 - 92.86 Qt/Ha,Yes,Medium
887,SOYBEAN,NRC 188,"MADHYA PRADESH, MAHARASHTRA, RAJASTHAN, GUJARAT, UTTAR PRADESH",46.72 - 48.5 Qt/Ha,Yes,Medium
888,LINSEED,BUAT Alsi-5 (LMS 2017-1-12),"HIMACHAL PRADESH, PUNJAB, JAMMU",14.06 - 20.64 Qt/Ha,Yes,
889,GREEN GRAM,ML 2015 (SML 2015),"UTTAR PRADESH, BIHAR, JHARKHAND, ASSAM, WEST BENGAL",11.18 - 12.78 Qt/Ha,Yes,Medium
890,WHEAT,Karan Bold (DBW 377),"MADHYA PRADESH, KARNATAKA, GUJARAT, CHHATTISGARH, RAJASTHAN",63.9 - 66.3 Qt/Ha,Yes,Medium
891,GUAR (CLUSTER BEAN),Karan Guar-15 (RGr-20- 15),"RAJASTHAN, GUJARAT, HARYANA, MAHARASHTRA",10 - 15 Qt/Ha,Yes,Medium
892,TOSSA JUTE,ICAR-CRIJAF Jute JRCP-7 (Arijit),"WEST BENGAL, ODISHA, BIHAR, UTTAR PRADESH, TRIPURA, ASSAM",31.48 - 32.17 Qt/Ha,Yes,Late
893,OAT,HFO 906,"RAJASTHAN, PUNJAB, UTTAR PRADESH, UTTARAKHAND, HARYANA",27 - 28 Qt/Ha,Yes,Early
894,SOYBEAN,NRC 181,"MADHYA PRADESH, RAJASTHAN, GUJARAT, MAHARASHTRA, UTTAR PRADESH",17.21 - 17.9 Qt/Ha,Yes,Early
895,PADDY (DHAN),Uttar Ganga (PUR-B-190 (IET 28840),"WEST BENGAL, ODISHA, UTTAR PRADESH, ASSAM, TRIPURA",61.44 - 69.6 Qt/Ha,Yes,Medium
896,TOSSA JUTE,ICAR-CRIJAF Jute JROV-5 (Vitapat-1),"WEST BENGAL, BIHAR, ASSAM, MANIPUR, UTTAR PRADESH, ODISHA",142.2 - 151.3 Qt/Ha,Yes,Late
897,GREEN GRAM,MH 1762,"PUNJAB, HARYANA, DELHI, UTTAR PRADESH, RAJASTHAN, UTTARAKHAND",14.45 - 16.35 Qt/Ha,Yes,Early
898,FINGER MILLET (RAGI),VL Mandua 408 (CFMV 6) (FMV 1191),"UTTARAKHAND, MADHYA PRADESH",32.79 - 40 Qt/Ha,Yes,Early
899,TOSSA JUTE,ICAR-CRIJAF jute JROP-4 (Renuka),"WEST BENGAL, ODISHA, BIHAR, ASSAM, UTTAR PRADESH",31.24 - 33.57 Qt/Ha,Yes,Late
900,BENGAL GRAM (CHICK PEA),Kundan (IPCB 2015-132),"UTTAR PRADESH, BIHAR, JHARKHAND, WEST BENGAL, ASSAM",17.47 - 19.97 Qt/Ha,Yes,Medium
901,HS MESTA,JBMP-6 (Titli) (JRK-2017-2,"ANDHRA PRADESH, ODISHA, MAHARASHTRA, WEST BENGAL, BIHAR, ASSAM, MANIPUR, MEGHALAYA, MIZORAM, TRIPURA, NAGALAND, ARUNACHAL PRADESH",28.06 - 29.03 Qt/Ha,Yes,Late
902,COTTON,G.Cot.10 Bt,"MADHYA PRADESH, GUJARAT, MAHARASHTRA",13.94 - 1691 Qt/Ha,Yes,Medium
903,GROUNDNUT,ICAR-VRI 12 (VG 19535),"UTTAR PRADESH, HARYANA, RAJASTHAN, PUNJAB",38.17 - 45.67 Qt/Ha,Yes,Late
904,GROUNDNUT,ICAR-VRI 11 (VG 19721),"GUJARAT, RAJASTHAN",32.13 - 36.63 Qt/Ha,Yes,Medium
905,BRINJAL,Kashi Uttam,UTTAR PRADESH,500 - 525 Qt/Ha,Yes,Early
906,COCONUT,Kalpa Vajra (Improved West Coast Tall (WCT),KERALA,4158 - 4159 Qt/Ha,Yes,Late
907,Sorghum (fodder),Pant Chari 13 (UTFS 83),UTTARAKHAND,520.9 - 549.6 Qt/Ha,Yes,Medium
908,INDIAN MUSTARD,Gujarat Mustard 6 (Banas Sona) (SKM 1328),GUJARAT,25.41 - 30.8 Qt/Ha,Yes,Medium
909,SORGHUM,Parbhani Vasant (PVRSG 101),MAHARASHTRA,34.76 - 36.68 Qt/Ha,Yes,Medium
910,Sorghum (fodder),Pant Chari 14 (UTMC 545),"UTTARAKHAND, UTTAR PRADESH",419.4 - 474 Qt/Ha,Yes,Medium
911,Sorghum (fodder),Pant Chari 12 (UTFS 79),UTTARAKHAND,528 - 572.8 Qt/Ha,Yes,Medium
912,BLACK GRAM,Mash 878 (KUG 878),"PUNJAB, HARYANA, RAJASTHAN, UTTAR PRADESH, UTTARAKHAND",15 - 15 Qt/Ha,Yes,Medium
913,MOTH BEAN,CAZRI Moth-5 (CZMO18-5),"RAJASTHAN, GUJARAT, MAHARASHTRA, KARNATAKA",58.5 - 59.4 Qt/Ha,Yes,Medium
914,PEARL MILLET,MH 2480 (86M94),"RAJASTHAN, GUJARAT, HARYANA, MADHYA PRADESH, UTTAR PRADESH, PUNJAB, DELHI",36 - 40 Qt/Ha,Yes,Medium
915,MAIZE (MAKKA),Pusa Biofortified Maize Hybrid-3(APH3) (Hybrid),"ANDHRA PRADESH, CHHATTISGARH, DAMAN AND DIU, DELHI, GUJARAT, HARYANA, JHARKHAND, KARNATAKA, LAKSHADWEEP, MADHYA PRADESH, MAHARASHTRA, PUNJAB, RAJASTHAN, TAMIL NADU, TELANGANA, UTTARAKHAND, UTTAR PRADESH",82 - 90 Qt/Ha,Yes,Medium
916,PADDY (DHAN),CO 56 (CB12132(IET27408& IET 25531),TAMIL NADU,64 - 65 Qt/Ha,Yes,Medium
917,BLACK GRAM,Dristi (IPU 17-2),MADHYA PRADESH,16.08 - 30.2 Qt/Ha,Yes,Early
918,PEAS,AAU SPC 101 (AAU SHN Motor 01) (Xeuti),ASSAM,12.01 - 13.01 Qt/Ha,Yes,Medium
919,BLACK GRAM,SBC 47 (AAU SHN Urd 02) (Pabhoi),ASSAM,12.15 - 14.82 Qt/Ha,Yes,Early
920,PADDY (DHAN),AAU-TTB-Dhan-43 (TTB 1048-60-1) (Shatabdi),ASSAM,35.14 - 32.5 Qt/Ha,Yes,Late
921,COTTON,Gujarat Cotton-46 (G.Cot-46: Sorath Swet Hem),"MAHARASHTRA, GUJARAT, MADHYA PRADESH",19 - 22.5 Qt/Ha,Yes,Late
922,PEARL MILLET,VPMH 14 (Hybrid),KARNATAKA,40 - 41 Qt/Ha,Yes,Medium
923,MAIZE (MAKKA),COH(M) 11(CMH 12-686) (Hybrid),TAMIL NADU,63 - 71 Qt/Ha,Yes,Medium
924,PEARL MILLET,ADV 955(16ADV0055)(Hybrid),"ANDAMAN AND NICOBAR ISLANDS, ANDHRA PRADESH, ARUNACHAL PRADESH, ASSAM, BIHAR, CHANDIGARH, CHHATTISGARH, DADRA AND NAGAR HAVELI, DAMAN AND DIU, DELHI, GOA, GUJARAT, HARYANA, HIMACHAL PRADESH, JAMMU, JAMMU AND KASHMIR, JHARKHAND, KARNATAKA, KASHMIR, KERALA, LADAKH, LAKSHADWEEP, MADHYA PRADESH, MAHARASHTRA, MANIPUR, MEGHALAYA, MIZORAM, NAGALAND, ODISHA, PUDUCHERRY, PUNJAB, RAJASTHAN, SIKKIM, TAMIL NADU, TELANGANA, TRIPURA, UTTARAKHAND, UTTAR PRADESH, WEST BENGAL",15 - 24 Qt/Ha,Yes,Late
925,BENGAL GRAM (CHICK PEA),JG 52 (Jawahar Gram 2018-52),MADHYA PRADESH,22.26 - 23 Qt/Ha,Yes,Medium
926,GREEN GRAM,SGC 20 (AAU SHN Mung 02) (Buroi),ASSAM,10.92 - 12.55 Qt/Ha,Yes,Early
927,BANYARD MILLET,ATL 1 (TNEf 317),TAMIL NADU,28 - 30 Qt/Ha,Yes,Medium
928,PEAS,Arpan (IPFD 19-3),"BIHAR, JHARKHAND, ASSAM, WEST BENGAL, UTTAR PRADESH",17 - 26 Qt/Ha,Yes,Medium
929,COMMON MILLET (PROSO MILLET),ATL 2 (TNPm 238,TAMIL NADU,21 - 22 Qt/Ha,Yes,Early
930,MAIZE (MAKKA),Pusa Jawahar Hybrid Maize-2 (AH-4271),MADHYA PRADESH,83.46 - 85 Qt/Ha,Yes,Medium
931,KODO MILLET,JK- 9-1 (Jawahar Kodo 9-1- (DPS 9-1),"MADHYA PRADESH, CHHATTISGARH, JHARKHAND",26.71 - 28.21 Qt/Ha,Yes,Early
932,INDIAN MUSTARD,Pant Rai-22 (PRL-2013-17),UTTARAKHAND,16.48 - 18.99 Qt/Ha,Yes,Medium
933,PADDY (DHAN),CR Dhan 327 (Madhumita),ODISHA,62.7 - 74.5 Qt/Ha,Yes,Medium
934,GREEN GRAM,VBN 6 (VGG 15-030),TAMIL NADU,12 - 13 Qt/Ha,Yes,Medium
935,PADDY (DHAN),AAU-TTB-Dhan-44 (TTB 1041-204-1) (Prachur),ASSAM,54.7 - 60.49 Qt/Ha,Yes,Late
936,LINSEED,Shuats Alsi-4 (SH-4),UTTAR PRADESH,10 - 11 Qt/Ha,Yes,Medium
937,FINGER MILLET (RAGI),Shreeratna (OUAT Kalinga Finger Millet-1) (OEB 601,ODISHA,29.15 - 30.63 Qt/Ha,Yes,Medium
938,PIGEON PEA (RED GRAM/ARHAR),Gujarat Tur 107 (GT 107) Banas Abhay) (SKNP 1608),GUJARAT,16 - 18 Qt/Ha,Yes,Medium
939,PADDY (DHAN),Malaviya Manila Sinchit Dhan-1 (IET 26898),"ODISHA, BIHAR",55 - 60 Qt/Ha,Yes,Early
940,BENGAL GRAM (CHICK PEA),JG 18 (Jawahar Gram 2019-155-118),MADHYA PRADESH,20 - 23 Qt/Ha,Yes,Medium
941,MAIZE (MAKKA),Jawahar Maize- 1014 (HMM 1014),"TAMIL NADU, ANDHRA PRADESH, TELANGANA, MAHARASHTRA, CHHATTISGARH, MADHYA PRADESH",60 - 67 Qt/Ha,Yes,Early
942,LITTLE MILLET,JK- 95 (Jawahar Kutki- 95) (DLM- 95),"MADHYA PRADESH, CHHATTISGARH",16.22 - 18.25 Qt/Ha,Yes,Medium
943,PADDY (DHAN),Pusa CRD KN2 (Pusa1638-07-171-1-81-1-2),UTTAR PRADESH,34.66 - 40.5 Qt/Ha,Yes,Late
944,SUGARCANE (NOBLE CANE),CoA 17321,"ANDHRA PRADESH, TELANGANA, TAMIL NADU, MAHARASHTRA, UTTAR PRADESH",1136.4+ Qt/Ha,Yes,
945,GREEN GRAM,Lam Pesara 574 (LGG 574),ANDHRA PRADESH,15 - 16 Qt/Ha,Yes,Medium
946,BLACK GRAM,DBG-16 (DBGV-16),KARNATAKA,9 - 10 Qt/Ha,Yes,Medium
947,BLACK GRAM,Mash 883 (KUG 883),PUNJAB,11 - 12 Qt/Ha,Yes,Medium
948,SUNFLOWER,ARKO PROVO (WBSH-2021) (Hybrid),WEST BENGAL,22.46 - 32.45 Qt/Ha,Yes,Medium
949,PADDY (DHAN),OUAT Kalinga Rice 2 (Salandi) (IET 28444),ODISHA,66.65 - 73.84 Qt/Ha,Yes,Medium
950,PADDY (DHAN),OUAT Kalinga Rice 5 (Nabanna) (IET 25140),ODISHA,22.56 - 31.6 Qt/Ha,Yes,Early
951,BLACK GRAM,TJU 339 (Trombay Jawahar Urd 339),MADHYA PRADESH,13.41 - 17.33 Qt/Ha,Yes,Early
952,BLACK GRAM,TJU 130 (Trombay Jawahar Urd 130),MADHYA PRADESH,13.5 - 13.94 Qt/Ha,Yes,Early
953,INDIAN MUSTARD,Anand Hema (Gujarat Mustard 8 ) (ANDM 14-09),GUJARAT,26.61 - 28.57 Qt/Ha,Yes,Early
954,PADDY (DHAN),OUAT Kalinga Rice 1 (Kolab) (IET 25295),ODISHA,53.07 - 65.42 Qt/Ha,Yes,Medium
955,SESAME (GINGELLY),VRI 5 (VS 19036),TAMIL NADU,7.95 - 8.51 Qt/Ha,Yes,Medium
956,BHINDI (OKRA),Pusa Lal Bhindi-1 (DOV- 68),"UTTAR PRADESH, BIHAR",150 - 151 Qt/Ha,Yes,Early
957,LINSEED,Jawahar Linseed Sagar 122 (JLS 122) (SLS- 122),"MADHYA PRADESH, UTTAR PRADESH",8.71 - 9.1 Qt/Ha,Yes,Medium
958,PEAS,Pant Pea 462 (Pant P 462),"BIHAR, UTTAR PRADESH, WEST BENGAL, TRIPURA, ODISHA, MIZORAM, ASSAM",25 - 30 Qt/Ha,Yes,Medium
959,SUGARCANE (NOBLE CANE),CO 16030 (Karan 16),"HARYANA, PUNJAB, RAJASTHAN, UTTARAKHAND, UTTAR PRADESH",160 - 250 Qt/Ha,Yes,Medium
960,PADDY (DHAN),Pusa Narendra KN1 (Pusa1638-07-130-2-67-1-1),UTTAR PRADESH,36.49 - 40.6 Qt/Ha,Yes,Late
961,INDIAN MUSTARD,CS 64 (CS 2005-143),"HARYANA, PUNJAB, RAJASTHAN, DELHI, UTTAR PRADESH",22.3 - 25.54 Qt/Ha,Yes,Medium
962,PADDY (DHAN),ADT 58 (AD 12132),TAMIL NADU,60.89 - 65.14 Qt/Ha,Yes,Medium
963,SORGHUM,Raj Vijay Jowar 2357 (RVJ 2357) (SPV 2357),MADHYA PRADESH,35 - 43 Qt/Ha,Yes,Medium
964,PADDY (DHAN),AAU-TTB-Dhan-42 (TTB238) (Patkai) (IET 29034),ASSAM,58.27 - 64.17 Qt/Ha,Yes,Late
965,GREEN GRAM,Malaviya Jankranti (HUM 27),UTTAR PRADESH,9.03 - 9.95 Qt/Ha,Yes,Early
966,SUGARCANE (NOBLE CANE),Phule Sugarcane 13007 (MS 14082),"MAHARASHTRA, GUJARAT, KARNATAKA, TAMIL NADU, ANDHRA PRADESH, MADHYA PRADESH, CHHATTISGARH",1286 - 1300 Qt/Ha,Yes,Late
967,GROUNDNUT,Kadiri Lepakshi (duplicate of 2021) (K 1812),"KARNATAKA, MAHARASHTRA",35 - 38 Qt/Ha,Yes,
968,GROUNDNUT,Super TMV 2 (DBG 4),KARNATAKA,2440 - 2441 Qt/Ha,Yes,Medium
969,GROUNDNUT,GG 40 (Gujarat Groundnut 40) (ICGV 16668),"RAJASTHAN, GUJARAT, ANDHRA PRADESH, KARNATAKA, TAMIL NADU, TELANGANA",3320 - 3321 Qt/Ha,Yes,Late
970,PADDY (DHAN),Jagtiala Vari-3 (JGL 27356 (IET 30064),TELANGANA,60 - 62 Qt/Ha,Yes,Medium
971,PADDY (DHAN),RAJENDRANAGAR VARI-4 (RNR 21278),TELANGANA,64.9 - 66.2 Qt/Ha,Yes,Early
972,PADDY (DHAN),RAJENDRANAGAR VARI-5 (RNR 29325),TELANGANA,67.02 - 69.22 Qt/Ha,Yes,Early
973,BENGAL GRAM (CHICK PEA),SHALIMAR CHICKPEA-2 (SKUA-WCKP-101/RVSSG68),"JAMMU AND KASHMIR, KASHMIR",16 - 17 Qt/Ha,Yes,Early
974,MAIZE (MAKKA),KMH 8322 (Hybrid),"PUNJAB, BIHAR, HARYANA, WEST BENGAL, UTTAR PRADESH, TELANGANA, TAMIL NADU, ANDHRA PRADESH, KARNATAKA, MAHARASHTRA, CHHATTISGARH",84 - 85 Qt/Ha,Yes,Late
975,SAFFLOWER,PBNS-184,"MAHARASHTRA, KARNATAKA, ANDHRA PRADESH, TELANGANA",15 - 16 Qt/Ha,Yes,Medium
976,PADDY (DHAN),Swarna Shusk Dhan,UTTAR PRADESH,48 - 50 Qt/Ha,Yes,Early
977,PADDY (DHAN),Swarna Purvi Dhan 2,JHARKHAND,53 - 55 Qt/Ha,Yes,Early
978,PADDY (DHAN),JAGTIALA VARI 2 (JGL 28545),TELANGANA,60 - 62 Qt/Ha,Yes,Medium
979,MAIZE (MAKKA),Gujarat Dantiwada Yellow Maize Hybrid 101 (Hybrid),GUJARAT,54 - 60 Qt/Ha,Yes,Early
980,PEARL MILLET,GHB 538 (EDV:DM) (MARU SONU),GUJARAT,25.89 - 25.89 Qt/Ha,Yes,Early
981,MAIZE (MAKKA),NMH 4140 (Hybrid),"ASSAM, BIHAR, CHANDIGARH, DELHI, GOA, GUJARAT, HARYANA, HIMACHAL PRADESH, JHARKHAND, KARNATAKA, KERALA, LADAKH, ODISHA, PUNJAB, RAJASTHAN, UTTARAKHAND, UTTAR PRADESH, WEST BENGAL",90 - 110 Qt/Ha,Yes,Medium
982,WHEAT,KARAN VAIDEHI (DBW 370),"DELHI, PUNJAB, HARYANA, RAJASTHAN, UTTAR PRADESH, JAMMU AND KASHMIR, UTTARAKHAND, HIMACHAL PRADESH",74 - 87 Qt/Ha,Yes,Medium
983,MAIZE (MAKKA),NK 6801 (SYN 916801) (Hybrid),"TELANGANA, TAMIL NADU, MAHARASHTRA, KARNATAKA, ANDHRA PRADESH, BIHAR, JHARKHAND, ODISHA, UTTAR PRADESH, WEST BENGAL",105 - 110 Qt/Ha,Yes,Late
984,COTTON,Nandyal Cotton 25(NDLH 2035-5),"MAHARASHTRA, MADHYA PRADESH, ODISHA, RAJASTHAN, GUJARAT, TELANGANA, ANDHRA PRADESH, TAMIL NADU",14 - 16 Qt/Ha,Yes,Medium
985,BENGAL GRAM (CHICK PEA),L 558 (GLK 17301),"PUNJAB, UTTARAKHAND, HARYANA, RAJASTHAN, DELHI, UTTAR PRADESH",6 - 8 Qt/Ha,Yes,Medium
986,SOYBEAN,JS 21-72 (Jawahar Soybean 21-72),"MADHYA PRADESH, UTTAR PRADESH, MAHARASHTRA, RAJASTHAN, GUJARAT",21 - 22 Qt/Ha,Yes,Early
987,Brown Top Millet,Hagari Browntop-2 (HBr-2),KARNATAKA,14 - 16 Qt/Ha,Yes,Medium
988,COTTON,GN. Cot. 27 (Gujarat Navsari Cotton 27) (Surti Son,GUJARAT,13.24 - 21.46 Qt/Ha,Yes,Late
989,MAIZE (MAKKA),RMH 4118 (Rasi 4118) (Hybrid),"WEST BENGAL, UTTAR PRADESH, ODISHA, JHARKHAND, BIHAR",45 - 52 Qt/Ha,Yes,Late
990,SORGHUM,CSH 48 (SPH 1938) (Hybrid),"MADHYA PRADESH, GUJARAT, RAJASTHAN, TAMIL NADU, KARNATAKA",38 - 40 Qt/Ha,Yes,Early
991,HS MESTA,JBMP 5 (Vibhav) (JRK-2016-5),"WEST BENGAL, BIHAR, ANDHRA PRADESH, ODISHA, MAHARASHTRA, ARUNACHAL PRADESH, ASSAM, MANIPUR, MEGHALAYA, MIZORAM, NAGALAND, TRIPURA",38 - 41 Qt/Ha,Yes,Medium
992,WHEAT,PUSA POSHTIK (HI 8826),"TAMIL NADU, KARNATAKA, MAHARASHTRA",57 - 58 Qt/Ha,Yes,Medium
993,PADDY (DHAN),Surma Dhan (AAU-KMJ Dhan-46) (IET-28296),"BIHAR, ODISHA, UTTARAKHAND, WEST BENGAL",36.55 - 40.25 Qt/Ha,Yes,Late
994,WHEAT,PUSA JAGRATI (HI 1653),"DELHI, HARYANA, PUNJAB, RAJASTHAN, UTTAR PRADESH, JAMMU AND KASHMIR, HIMACHAL PRADESH, UTTARAKHAND",50 - 70 Qt/Ha,Yes,Late
995,OAT,OL 16 (OL 1876-2),PUNJAB,360 - 362 Qt/Ha,Yes,Medium
996,LINSEED,Birsa Tisi -2 (BAU-14-09),JHARKHAND,13 - 14 Qt/Ha,Yes,Medium
997,SAFFLOWER,ISH-402,"ANDAMAN AND NICOBAR ISLANDS, ANDHRA PRADESH, ARUNACHAL PRADESH, ASSAM, BIHAR, CHANDIGARH, CHHATTISGARH, DADRA AND NAGAR HAVELI, DAMAN AND DIU, DELHI, GOA, GUJARAT, HARYANA, HIMACHAL PRADESH, JAMMU, JAMMU AND KASHMIR, JHARKHAND, KARNATAKA, KASHMIR, KERALA, LADAKH, LAKSHADWEEP, MADHYA PRADESH, MAHARASHTRA, MANIPUR, MEGHALAYA, MIZORAM, NAGALAND, ODISHA, PUDUCHERRY, PUNJAB, RAJASTHAN, SIKKIM, TAMIL NADU, TELANGANA, TRIPURA, UTTARAKHAND, UTTAR PRADESH, WEST BENGAL",22 - 34 Qt/Ha,Yes,Medium
998,SAFFLOWER,Chhattisgarh Kusum-2 (RSS 2012-7),CHHATTISGARH,22.42 - 24.63 Qt/Ha,Yes,Medium
999,SUGARCANE (NOBLE CANE),Sugarcane Co 18009,TAMIL NADU,7 - 8 Qt/Ha,Yes,Late
1000,SORGHUM,Haryana Jowar Hybrid 1513 (HJH 1513) (Hybrid),HARYANA,716 - 720 Qt/Ha,Yes,Late
1001,SUNFLOWER,RSFH-700 (Hybrid),KARNATAKA,20 - 22 Qt/Ha,Yes,Medium
1002,MAIZE (MAKKA),Shalimar Maize Hybrid-5  (DMRH-1417) (Hybrid),KASHMIR,82 - 83 Qt/Ha,Yes,Early
1003,GRAIN AMARANTHUS,Charu (KBGA-15),KARNATAKA,22 - 24 Qt/Ha,Yes,Late
1004,SOYBEAN,NRC 150,"MADHYA PRADESH, UTTAR PRADESH, RAJASTHAN, GUJARAT, MAHARASHTRA",17 - 22 Qt/Ha,Yes,Early
1005,GROUNDNUT,Himani (TCGS 1522),ANDHRA PRADESH,23.26 - 28.64 Qt/Ha,Yes,Early
1006,INDIAN MUSTARD,Rohini (Rohini-WRR2),"PUNJAB, HARYANA, DELHI, RAJASTHAN, UTTAR PRADESH",15 - 16 Qt/Ha,Yes,Medium
1007,INDIAN MUSTARD,Varuna (Varuna-WRR2),"PUNJAB, HARYANA, RAJASTHAN, UTTAR PRADESH, DELHI",15 - 16 Qt/Ha,Yes,Medium
1008,COTTON,PA 833,"ANDHRA PRADESH, TAMIL NADU, TELANGANA, KARNATAKA",9 - 10 Qt/Ha,Yes,Medium
1009,PADDY (DHAN),CAU-R 107 (Khingrasong 2) (IET-28210),MEGHALAYA,45 - 50 Qt/Ha,Yes,Medium
1010,MAIZE (MAKKA),Rajendra Pop Corn 1 (MPC-1-15),BIHAR,25 - 31 Qt/Ha,Yes,Medium
1011,PADDY (DHAN),Sahyadri Siri,KARNATAKA,68 - 70 Qt/Ha,Yes,Medium
1012,FINGER MILLET (RAGI),Hagari Ragi-13 (HB-1),KARNATAKA,18 - 20 Qt/Ha,Yes,Medium
1013,PADDY (DHAN),CG Tejas Dhan (IGKV DH Rice 2),CHHATTISGARH,50 - 55 Qt/Ha,Yes,Medium
1014,WHEAT,Krishi Dhara Krishna Super DWK 1063 (DDK-1063),KARNATAKA,35 - 40 Qt/Ha,Yes,Medium
1015,WHEAT,Trombay Raj Vijay Wheat155 (TRVW 155),MADHYA PRADESH,57 - 60 Qt/Ha,Yes,Medium
1016,COTTON,SP 7680 BG-II,"ANDHRA PRADESH, KARNATAKA, TAMIL NADU, TELANGANA",16 - 17 Qt/Ha,Yes,Medium
1017,COTTON,SP 7688 BG-II,"ANDHRA PRADESH, KARNATAKA, TELANGANA, TAMIL NADU",18 - 19 Qt/Ha,Yes,Medium
1018,SUGARCANE (NOBLE CANE),Sharad SNK 09293 (CoSnk- 09293),KARNATAKA,1680 - 1690 Qt/Ha,Yes,Late
1019,Sorghum (fodder),CNFS-1 (Chamaraja Nagara Fodder Sorghum-1),KARNATAKA,560 - 580 Qt/Ha,Yes,Medium
1020,PADDY (DHAN),Pant Sugandh Dhan 25,UTTARAKHAND,35 - 40 Qt/Ha,Yes,Medium
1021,PADDY (DHAN),Sahyadri Jalmukthi (KHP14/IET- 30872),KARNATAKA,50 - 55 Qt/Ha,Yes,Late
1022,COTTON,KCH 9122 BG-II,"ANDHRA PRADESH, KARNATAKA, TAMIL NADU, TELANGANA",27 - 28 Qt/Ha,Yes,Medium
1023,COTTON,KCH 9355 BG-II,"HARYANA, PUNJAB, RAJASTHAN",28 - 29 Qt/Ha,Yes,Medium
1024,LINSEED,RMLS-11 (Raichur Malghatti Local Selection),KARNATAKA,9 - 12 Qt/Ha,Yes,Medium
1025,PADDY (DHAN),Sahyadri Sapthami (BMR-US-1-24-2),KARNATAKA,50 - 55 Qt/Ha,Yes,Medium
1026,MAIZE (MAKKA),MAH 14-138,KARNATAKA,85 - 95 Qt/Ha,Yes,Medium
1027,SESAME (GINGELLY),Bharani (GKVKS-1),KARNATAKA,0.33 - 0.4 Qt/Ha,Yes,Medium
1028,MAIZE (MAKKA),IMH 229 (DMRH-1410),WEST BENGAL,70 - 75 Qt/Ha,Yes,Medium
1029,COTTON,VSCH-219 BG-II,"ANDHRA PRADESH, KARNATAKA, TAMIL NADU, TELANGANA",30 - 33 Qt/Ha,Yes,Medium
1030,COTTON,ARCH 6651 BG-II,"ANDHRA PRADESH, TELANGANA, TAMIL NADU, KARNATAKA",25 - 30 Qt/Ha,Yes,Medium
1031,COTTON,ARCH 2020 BG-II,"PUNJAB, HARYANA, RAJASTHAN",32 - 35 Qt/Ha,Yes,Early
1032,COTTON,ARCH 844 BG-II,"MAHARASHTRA, MADHYA PRADESH, GUJARAT, RAJASTHAN",22 - 25 Qt/Ha,Yes,Early
1033,COTTON,ARCH 3224 BG-II,"ANDHRA PRADESH, KARNATAKA, TAMIL NADU, TELANGANA",16 - 17 Qt/Ha,Yes,Early
1034,WHEAT,MACS SAKAS (MACS 6768),"MADHYA PRADESH, CHHATTISGARH, GUJARAT, RAJASTHAN, UTTAR PRADESH",54 - 57 Qt/Ha,Yes,Medium
1035,PADDY (DHAN),CAU-R 124 (Khingrasong 3) (IET-28907),"MEGHALAYA, ASSAM, ARUNACHAL PRADESH",25 - 30 Qt/Ha,Yes,Medium
1036,PADDY (DHAN),CAU-R 105 (Khingrasong 1) (IET-27496),MEGHALAYA,40 - 50 Qt/Ha,Yes,Medium
1037,COTTON,NBC-2020 BG-II,"TAMIL NADU, TELANGANA, ANDHRA PRADESH, KARNATAKA",18 - 20 Qt/Ha,Yes,Early
1038,SESAME (GINGELLY),TLT- 10 (Trombay Latur Til),MAHARASHTRA,8 - 10 Qt/Ha,Yes,Early
1039,LITTLE MILLET,Konkan Satwik (DPLV-1) (LMV 548,MAHARASHTRA,19 - 20 Qt/Ha,Yes,Late
1040,COTTON,CICR- H Bt Cotton 65/ ICAR- CICR 18 Bt,"MAHARASHTRA, MADHYA PRADESH, GUJARAT",14 - 18 Qt/Ha,Yes,Early
1041,COTTON,US 711 BG II,"TELANGANA, ANDHRA PRADESH, KARNATAKA, TAMIL NADU",25 - 28 Qt/Ha,Yes,Medium
1042,WHEAT,UNNAT HD 2932 (HD 3407),"MADHYA PRADESH, CHHATTISGARH, GUJARAT, RAJASTHAN, UTTAR PRADESH",46 - 70 Qt/Ha,Yes,Medium
1043,LINSEED,Kota Barani Alsi 7 (RL- 18106),RAJASTHAN,15 - 16 Qt/Ha,Yes,Early
1044,COTTON,NH-677,MAHARASHTRA,12 - 14 Qt/Ha,Yes,Medium
1045,LINSEED,Jawahar Linseed Sagar 133 (JLS-133) (SLS- 133),MADHYA PRADESH,11 - 12 Qt/Ha,Yes,Medium
1046,MAIZE (MAKKA),Phule Umed (QMH-1701),MAHARASHTRA,80 - 85 Qt/Ha,Yes,Medium
1047,FINGER MILLET (RAGI),VL Mandua- 402,UTTARAKHAND,22 - 25 Qt/Ha,Yes,Early
1048,PADDY (DHAN),HKR – 49 (IET-27866),"ODISHA, BIHAR, MAHARASHTRA, GUJARAT",55 - 60 Qt/Ha,Yes,Early
1049,MAIZE (MAKKA),VL Poshika (FQH-160),UTTARAKHAND,50 - 54 Qt/Ha,Yes,Early
1050,SORGHUM,SL 46,PUNJAB,18 - 20 Qt/Ha,Yes,Medium
1051,MAIZE (MAKKA),VL Triposhi (FQPLH -20),UTTARAKHAND,48 - 50 Qt/Ha,Yes,Early
1052,WHEAT,PBW Zinc 2 (PBW-823),PUNJAB,57 - 60 Qt/Ha,Yes,Medium
1053,MAIZE (MAKKA),Pusa Jawahar Hybrid Maize – 3 (AH- 8181),MADHYA PRADESH,89 - 91 Qt/Ha,Yes,Medium
1054,SOYBEAN,Shalimar Soybean- 3 (SKAU-S-3),KASHMIR,18 - 19 Qt/Ha,Yes,Medium
1055,BENGAL GRAM (CHICK PEA),PBG-10,PUNJAB,20 - 23 Qt/Ha,Yes,Medium
1056,COWPEA (PULSES),Shalimar Cowpea-3 (SKAU C-407),KASHMIR,13 - 14 Qt/Ha,Yes,Medium
1057,RAJMA (PULSES),Shalimar Rajmash-5 (SKAU R-91),KASHMIR,16 - 17 Qt/Ha,Yes,Early
1058,PADDY (DHAN),PR-131 (RYT 3888),PUNJAB,77 - 80 Qt/Ha,Yes,Medium
1059,WHEAT,PBW RS1 (WBL-1521),PUNJAB,42 - 45 Qt/Ha,Yes,Medium
1060,MAIZE (MAKKA),PMH 14 (JH-17011),PUNJAB,68 - 70 Qt/Ha,Yes,Late
1061,MAIZE (MAKKA),J 1008 (PFM-12),PUNJAB,396 - 398 Qt/Ha,Yes,Medium
1062,BENGAL GRAM (CHICK PEA),Parbhani Chana- 16 (BDNG 2018-16),MAHARASHTRA,23 - 30 Qt/Ha,Yes,Medium
1063,PADDY (DHAN),Labanga Dhan (CR Dhan 603),ODISHA,52 - 58 Qt/Ha,Yes,Medium
1064,ITALIAN MILLET (FOX TAIL MILLET),PDKV Yashashree (BFTM 82),MAHARASHTRA,22 - 23 Qt/Ha,Yes,Medium
1065,BENGAL GRAM (CHICK PEA),Kota Desi Chana 6 (RKG 19-1),RAJASTHAN,21 - 22 Qt/Ha,Yes,Early
1066,GRAIN AMARANTHUS,Gujarat Amaranth 7 (GA 7) (SKNA 808),KARNATAKA,15 - 16 Qt/Ha,Yes,Early
1067,PEARL MILLET,PCB 167 (GBL-5),PUNJAB,39 - 40 Qt/Ha,Yes,Medium
1068,BENGAL GRAM (CHICK PEA),Kota Desi Chana 5 (RKG 13 515-1),RAJASTHAN,16 - 17 Qt/Ha,Yes,Early
1069,BENGAL GRAM (CHICK PEA),Kota Desi Chana 4 (RKG 13 380),RAJASTHAN,16 - 17 Qt/Ha,Yes,Early
1070,SUNFLOWER,PDKV Suraj (PDKVSH-964),MAHARASHTRA,18 - 22 Qt/Ha,Yes,Medium
1071,SOYBEAN,MAUS 731,MAHARASHTRA,28 - 32 Qt/Ha,Yes,Early
1072,LINSEED,DLV-7 (Wish-Win),KARNATAKA,7 - 9 Qt/Ha,Yes,Medium
1073,PADDY (DHAN),Kaje 25-9 (BMR- Kajejaya (IET-30120),KARNATAKA,35 - 40 Qt/Ha,Yes,Medium
1074,PADDY (DHAN),KMP-225,KARNATAKA,60 - 65 Qt/Ha,Yes,Early
1075,PEAS,Shalimar Pea-2 (SKAU-P- 17),KASHMIR,12 - 13 Qt/Ha,Yes,Early
1076,SOYBEAN,Pusa Soybean 21 (DS 9421),DELHI,13 - 15 Qt/Ha,Yes,Early
1077,GROUNDNUT,Chhattisgarh Trombay Mungfali (CGTM),CHHATTISGARH,33 - 35 Qt/Ha,Yes,Medium
1078,LENTIL (MASUR),Pusa Shweta (PSL-19),"DELHI, HARYANA, RAJASTHAN",10.89 - 11 Qt/Ha,Yes,Medium
1079,PADDY (DHAN),"VL Barik Dhan (VL Dhan 89, VL 32560, IET 28895))","UTTARAKHAND, HIMACHAL PRADESH",43.2 - 45 Qt/Ha,Yes,Early
1080,LENTIL (MASUR),LH 17-19,"UTTAR PRADESH, RAJASTHAN, DELHI, UTTARAKHAND, PUNJAB, HARYANA, JAMMU AND KASHMIR",15.33 - 17.5 Qt/Ha,Yes,Medium
1081,CHILLIES,Dr. YSRHU -Tanvee (LCA-684),ANDHRA PRADESH,44 - 48 Qt/Ha,Yes,Late
1082,TOMATO,Tomato PusaPrasanskrit,DELHI,900 - 1000 Qt/Ha,Yes,Medium
1083,PADDY (DHAN),Malviya Sugandh Dhan- 156 (HUR156),"WEST BENGAL, UTTAR PRADESH",55 - 58 Qt/Ha,Yes,Medium
1084,PEAS,HFP 1426,"UTTAR PRADESH, WEST BENGAL, BIHAR, ASSAM, JHARKHAND",25 - 28 Qt/Ha,Yes,Early
1085,SUGARCANE (NOBLE CANE),Rajendra Ganna-5 (CoP 11438),"BIHAR, ASSAM, UTTAR PRADESH, WEST BENGAL",50 - 60 Qt/Ha,Yes,Early
1086,PEARL MILLET,Super-99,RAJASTHAN,19 - 21 Qt/Ha,Yes,Medium
1087,MAIZE (MAKKA),Phule Champion (QMH- 1819),MAHARASHTRA,85 - 90 Qt/Ha,Yes,Early
1088,PADDY (DHAN),Trombay Konkan Khara (IET-30185),MAHARASHTRA,45 - 50 Qt/Ha,Yes,Medium
1089,BLACK GRAM,Phule Rajan (PU-0819-18),MAHARASHTRA,8 - 9 Qt/Ha,Yes,Medium
1090,WINGED BEAN,Phule Shrawani (PWB 17-18),"MAHARASHTRA, CHHATTISGARH, UTTAR PRADESH, UTTARAKHAND",13 - 16 Qt/Ha,Yes,Late
1091,SORGHUM,Phule Purva (RSV-2371),MAHARASHTRA,20 - 25 Qt/Ha,Yes,Medium
1092,COMMON MILLET (PROSO MILLET),GPUP-32,KARNATAKA,18 - 20 Qt/Ha,Yes,Medium
1093,PEARL MILLET,BRBH-1 (BRBH-16620),KARNATAKA,29 - 30 Qt/Ha,Yes,Medium
1094,COTTON,US 707 BG II,"ANDHRA PRADESH, KARNATAKA, TAMIL NADU, TELANGANA",26 - 27 Qt/Ha,Yes,Medium
1095,DINANATH GRASS,Budel Dinanath-3 (JHD-19-4),"BIHAR, JHARKHAND, KARNATAKA, MAHARASHTRA",11 - 12 Qt/Ha,Yes,Medium
1096,OAT,JWGO-01 (Jawahar Wellington Grain Oats-01) (V8),MADHYA PRADESH,31 - 33 Qt/Ha,Yes,Medium
1097,COTTON,JEEO D- (1199 BG- II),"ANDHRA PRADESH, TAMIL NADU, TELANGANA, KARNATAKA",18 - 20 Qt/Ha,Yes,Medium
1098,COTTON,DC 5101 BG- II,"MAHARASHTRA, GUJARAT",21 - 22 Qt/Ha,Yes,Early
1099,COTTON,Daftari 3099 BG-II (Trumpcard BG-II),"RAJASTHAN, MAHARASHTRA, MADHYA PRADESH, GUJARAT",19 - 20 Qt/Ha,Yes,Medium
1100,SESAME (GINGELLY),Gujarat Til 7 (Banas Gaurav) (SKT 1501),GUJARAT,5 - 10 Qt/Ha,Yes,Late
1101,LINSEED,Azad Pragya (LCK 1516),UTTAR PRADESH,15 - 21 Qt/Ha,Yes,Medium
1102,BENGAL GRAM (CHICK PEA),Kota Kabuli Chana 4 (RKGK 13-416),"ANDHRA PRADESH, KARNATAKA",15 - 17 Qt/Ha,Yes,Medium
1103,SUGARCANE (NOBLE CANE),Ikshu-14 (CoLK 15206) (LG 07584),"HARYANA, RAJASTHAN, UTTARAKHAND, UTTAR PRADESH",89 - 90 Qt/Ha,Yes,Medium
1104,FINGER MILLET (RAGI),ML-322,KARNATAKA,47 - 48 Qt/Ha,Yes,Medium
1105,BENGAL GRAM (CHICK PEA),Pusa Chickpea Vijay (BGM 10217),UTTAR PRADESH,12 - 25 Qt/Ha,Yes,Medium
1106,GREEN GRAM,Co-9 (COGG 13-19),TAMIL NADU,8 - 17 Qt/Ha,Yes,Early
1107,SUGARCANE (NOBLE CANE),Ikshu-15 (CoLK 16466),"UTTAR PRADESH, BIHAR, JHARKHAND, WEST BENGAL, ASSAM",190 - 210 Qt/Ha,Yes,Early
1108,SOYBEAN,VL Soya 99 (VLS 99),"UTTARAKHAND, HIMACHAL PRADESH",20 - 25 Qt/Ha,Yes,Late
1109,LITTLE MILLET,GPUL-11,KARNATAKA,15 - 20 Qt/Ha,Yes,Medium
1110,Brown Top Millet,GPUBT 2,MAHARASHTRA,18 - 19 Qt/Ha,Yes,Medium
1111,PIGEON PEA (RED GRAM/ARHAR),Gujarat Tur 108 (GT 108: Banas Ujjwal) (SKNP 1614),GUJARAT,20 - 24 Qt/Ha,Yes,Medium
1112,OAT,Narendra Jaypee-1101 (NDO-1101),UTTAR PRADESH,18 - 23 Qt/Ha,Yes,Medium
1113,BLACK GRAM,BDU-12,KARNATAKA,10 - 12 Qt/Ha,Yes,Early
1114,SOYBEAN,Indore Soy 131 (IS 131) (NRC 131),MADHYA PRADESH,14 - 16.21 Qt/Ha,Yes,Early
1115,COTTON,CICR-A NC Cotton 67 (CNA 1092),"GUJARAT, MADHYA PRADESH, MAHARASHTRA",10 - 11 Qt/Ha,Yes,Medium
1116,COTTON,NCS 8022 Bt2,"TAMIL NADU, TELANGANA, KARNATAKA, ANDHRA PRADESH, MADHYA PRADESH, MAHARASHTRA, GUJARAT",26 - 28 Qt/Ha,Yes,Early
1117,INDIAN MUSTARD,CS 15000-1-1-1-4-2 (CS 62),UTTAR PRADESH,19 - 20 Qt/Ha,Yes,Medium
1118,INDIAN MUSTARD,CS 13000-3-2-2-5-2 (CS 61),UTTAR PRADESH,20 - 30 Qt/Ha,Yes,Medium
1119,INDIAN MUSTARD,Pusa Bold (Pusa Bold- WRR2),"PUNJAB, HARYANA, DELHI, RAJASTHAN, UTTAR PRADESH",20 - 25 Qt/Ha,Yes,Medium
1120,Bajra (Fodder),BAIF BAJRA-7,"ANDHRA PRADESH, KARNATAKA, TAMIL NADU, TELANGANA",405 - 410 Qt/Ha,Yes,Medium
1121,BENGAL GRAM (CHICK PEA),KCD-11 (KCD 2019-05),KARNATAKA,17 - 18 Qt/Ha,Yes,Early
1122,PADDY (DHAN),Sanjeevani Rice,CHHATTISGARH,35 - 38 Qt/Ha,Yes,Late
1123,PADDY (DHAN),S.O. 4388(E)Bauna Luchai-CTLM (Chhattisgarh Tromba,CHHATTISGARH,47 - 49 Qt/Ha,Yes,Early
1124,LATHYRUS,Nilima (WBK 1402-7),WEST BENGAL,18 - 20 Qt/Ha,Yes,Medium
1125,COTTON,CNH-18529 (CICR-H NC Cotton 64),"CHHATTISGARH, GUJARAT, MADHYA PRADESH, MAHARASHTRA",9 - 10 Qt/Ha,Yes,Medium
1126,COTTON,CICR- H Bt Cotton 66/ ICAR- CICR 20-31 Bt,"MAHARASHTRA, MADHYA PRADESH, GUJARAT",12 - 15 Qt/Ha,Yes,Early
1127,COTTON,Jai Ho BG-II,"GUJARAT, MAHARASHTRA, MADHYA PRADESH",18 - 21 Qt/Ha,Yes,Medium
1128,COTTON,BIO 6802 BG- II,"ANDHRA PRADESH, TAMIL NADU, GUJARAT, RAJASTHAN, MADHYA PRADESH",14 - 15 Qt/Ha,Yes,Medium
1129,COTTON,BIO 6938 BG-II,"TELANGANA, ANDHRA PRADESH, KARNATAKA, TAMIL NADU",20 - 24 Qt/Ha,Yes,Early
1130,COTTON,SS-1188 BG-II,"MADHYA PRADESH, GUJARAT, KARNATAKA, ANDHRA PRADESH, MAHARASHTRA",23 - 24 Qt/Ha,Yes,Medium
1131,LUCERNE (ALFALFA),IGFRI-DL-5,KARNATAKA,617 - 619 Qt/Ha,Yes,Medium
1132,SUGARCANE (NOBLE CANE),SNK 09211 (CoSnk-15102),KARNATAKA,1343 - 1345 Qt/Ha,Yes,Early
1133,SUGARCANE (NOBLE CANE),SNK 09227 (CoSnk-15104),KARNATAKA,2070 - 2071 Qt/Ha,Yes,Late
1134,COTTON,C 7938 BG-II,"KARNATAKA, TAMIL NADU, MAHARASHTRA, GUJARAT",15 - 19 Qt/Ha,Yes,Late
1135,LINSEED,BUAT Alsi-3 (LMS- 2012-42),UTTAR PRADESH,1 - 2 Qt/Ha,Yes,Medium
1136,LINSEED,Sabour Tisi-4 (BRLS 121),"UTTAR PRADESH, BIHAR, JHARKHAND, WEST BENGAL, ASSAM, NAGALAND",11 - 13 Qt/Ha,Yes,Medium
1137,SOYBEAN,Him Palam Soya-1 Himso-1689,"MADHYA PRADESH, MAHARASHTRA, UTTAR PRADESH, RAJASTHAN, GUJARAT",20 - 21 Qt/Ha,Yes,Medium
1138,LINSEED,SHA-5 (SUATS Alsi-5) (SHA-5),"UTTAR PRADESH, BIHAR, JHARKHAND, WEST BENGAL, ASSAM",13 - 17 Qt/Ha,Yes,Medium
1139,GOBHI SARSON,Him Palam Sarson 2 (AKGS19-8),"HIMACHAL PRADESH, PUNJAB, JAMMU AND KASHMIR",11 - 17 Qt/Ha,Yes,Medium
1140,PEAS,Shikhar (IPFD 19-1),"BIHAR, ASSAM, JHARKHAND, WEST BENGAL, UTTAR PRADESH",19 - 20 Qt/Ha,Yes,Medium
1141,COTTON,Phule Satpuda (JLA-1207),"MAHARASHTRA, MADHYA PRADESH, GUJARAT, ODISHA",26 - 30 Qt/Ha,Yes,Medium
1142,SUGARCANE (NOBLE CANE),Co 14005 (Arunima),"ANDHRA PRADESH, TAMIL NADU, TELANGANA, KERALA, KARNATAKA, GUJARAT, MAHARASHTRA, MADHYA PRADESH",1150 - 1180 Qt/Ha,Yes,Medium
1143,PADDY (DHAN),CR Dhan- 416 (IET-30201),"WEST BENGAL, MAHARASHTRA, GUJARAT",55 - 60 Qt/Ha,Yes,Medium
1144,PADDY (DHAN),Pusa 2090 (IET-29217),DELHI,70 - 80 Qt/Ha,Yes,Early
1145,PADDY (DHAN),Arize Dhan DT (IET-29000) (HRI-205),"ANDHRA PRADESH, BIHAR, WEST BENGAL, TAMIL NADU, TELANGANA, UTTAR PRADESH, MADHYA PRADESH, CHHATTISGARH, JHARKHAND, ODISHA",66 - 67 Qt/Ha,Yes,Medium
1146,WHEAT,Trombay Jodhpur Wheat 153 (TAW-153),RAJASTHAN,50 - 55 Qt/Ha,Yes,Medium
1147,FINGER MILLET (RAGI),VL Mandua-409,UTTARAKHAND,18 - 21 Qt/Ha,Yes,Medium
1148,TOBACCO,FCJ- 11 (CTRI Naveena),ANDHRA PRADESH,138 - 140 Qt/Ha,Yes,Medium
1149,COTTON,SS- 963 BT 2,"ANDHRA PRADESH, TAMIL NADU, TELANGANA, KARNATAKA",20 - 21 Qt/Ha,Yes,Early
1150,PADDY (DHAN),CR Dhan-809 (IET- 30282),"WEST BENGAL, ODISHA, JHARKHAND, ASSAM, BIHAR, TRIPURA",50 - 60 Qt/Ha,Yes,Medium
1151,PADDY (DHAN),Shalimar Rice-7 (SKUA540),JAMMU AND KASHMIR,80 - 81 Qt/Ha,Yes,Early
1152,PADDY (DHAN),Shalimar Rice-8 (SKUA522),JAMMU AND KASHMIR,77 - 78 Qt/Ha,Yes,Early
1153,PADDY (DHAN),RNC-0457/NK4101 (IET-29738),"UTTAR PRADESH, BIHAR, JHARKHAND, ODISHA, ANDHRA PRADESH, KERALA",64 - 66 Qt/Ha,Yes,Medium
1154,COTTON,RCH 1093 BG-II (Rasi Max 033 BG-II),"ANDHRA PRADESH, TELANGANA, TAMIL NADU, KARNATAKA",20 - 21 Qt/Ha,Yes,Early
1155,COTTON,Rasi Max 066 BG- II (RCH 1076 BG-II),"MAHARASHTRA, MADHYA PRADESH, GUJARAT, RAJASTHAN",22 - 23 Qt/Ha,Yes,Early
1156,COTTON,SP 7689 BG-II,TELANGANA,26 - 27 Qt/Ha,Yes,Medium
1157,PADDY (DHAN),CR Dhan- 337 (IET-29939),"BIHAR, ODISHA, WEST BENGAL, JHARKHAND",50 - 60 Qt/Ha,Yes,Medium
1158,PADDY (DHAN),CR Dhan -332 (IET-28506),"WEST BENGAL, ODISHA",45 - 60 Qt/Ha,Yes,Medium
1159,PADDY (DHAN),Swarna Purvi Dhan-4 (IET-29405),"BIHAR, HARYANA, JHARKHAND, GUJARAT",42 - 45 Qt/Ha,Yes,Medium
1160,PADDY (DHAN),Pusa 1824 (IET-28442),DELHI,88 - 90 Qt/Ha,Yes,Early
1161,INDIAN MUSTARD,RH 1975,"JAMMU, PUNJAB, HARYANA, DELHI, RAJASTHAN",20 - 30 Qt/Ha,Yes,Medium
1162,INDIAN MUSTARD,Pusa Double Zero Mustard 36 (PDZ 15),"UTTAR PRADESH, UTTARAKHAND, RAJASTHAN, MADHYA PRADESH",20 - 25 Qt/Ha,Yes,Medium
1163,INDIAN MUSTARD,Pusa Double Zero Mustard 35 (PDZ 14),"UTTAR PRADESH, UTTARAKHAND, RAJASTHAN, MADHYA PRADESH",20 - 25 Qt/Ha,Yes,Medium
1164,PADDY (DHAN),ADT 56 (IET27920),"BIHAR, CHHATTISGARH, JHARKHAND, WEST BENGAL, MADHYA PRADESH, MAHARASHTRA",49 - 52 Qt/Ha,Yes,Early
1165,PADDY (DHAN),CR Dhan- 810 (IET- 30409),"ASSAM, WEST BENGAL, ODISHA",35 - 40 Qt/Ha,Yes,Medium
1166,COTTON,Rasi Max 009 BG-II (RCH 1096 BG-II),"MADHYA PRADESH, MAHARASHTRA, GUJARAT",24 - 25 Qt/Ha,Yes,Early
1167,COTTON,PA 837,"ANDHRA PRADESH, KARNATAKA, TAMIL NADU, TELANGANA",15 - 16 Qt/Ha,Yes,Medium
1168,INDIAN MUSTARD,Trombay Jodhpur Mustard- 2 (TM- 267-3),RAJASTHAN,18 - 22 Qt/Ha,Yes,Medium
1169,PADDY (DHAN),ADV 8222 (IET-29692),"CHHATTISGARH, MAHARASHTRA",60 - 70 Qt/Ha,Yes,Early
1170,INDIAN MUSTARD,Trombay Jodhpur Mustard- 1 (TM108-1),RAJASTHAN,13 - 15 Qt/Ha,Yes,Medium
1171,OAT,Jawahar Oat- JO 07-310,"MADHYA PRADESH, MAHARASHTRA, CHHATTISGARH, GUJARAT, UTTAR PRADESH",582 - 583 Qt/Ha,Yes,Medium
1172,PADDY (DHAN),Telangana Rice-34560 (JGL34560),"KARNATAKA, TELANGANA",70 - 71 Qt/Ha,Yes,Medium
1173,PADDY (DHAN),Telangana Rice-1355 (WGL1355),"ODISHA, WEST BENGAL, BIHAR, TELANGANA, KERALA",65 - 66 Qt/Ha,Yes,Medium
1174,GRAIN AMARANTHUS,Jodhpur Rajgira 2 (RMA 120),"RAJASTHAN, GUJARAT, MAHARASHTRA, UTTAR PRADESH, ODISHA, JHARKHAND, CHHATTISGARH",14 - 15 Qt/Ha,Yes,Early
1175,Asalio,Jodhpur Asaliya 1,RAJASTHAN,14 - 16 Qt/Ha,Yes,Early
1176,GRAIN AMARANTHUS,Gujarat Amaranth 8 (GA- 8) (SKNA- 1407),"GUJARAT, RAJASTHAN, MAHARASHTRA, UTTAR PRADESH, CHHATTISGARH, JHARKHAND, ODISHA",14 - 15 Qt/Ha,Yes,Medium
1177,GRAIN AMARANTHUS,Jodhpur Rajgira 1 (RMA- 62),"RAJASTHAN, GUJARAT, UTTAR PRADESH, ODISHA, CHHATTISGARH",12 - 15 Qt/Ha,Yes,Early
1178,SUGARCANE (NOBLE CANE),Genda (CoSe 11453),"BIHAR, UTTAR PRADESH, WEST BENGAL",781 - 840 Qt/Ha,Yes,Late
1179,BENGAL GRAM (CHICK PEA),Pusa JG 16 (BGM 10221 DTIL),"GUJARAT, MADHYA PRADESH, MAHARASHTRA",21 - 22 Qt/Ha,Yes,Early
1180,CASTOR,Rajasthan Hybrid Castor – 2 (MHC-2),RAJASTHAN,36 - 37 Qt/Ha,Yes,Medium
1181,GRAIN AMARANTHUS,Gujarat Amaranth 9 (GA- 9) (SKNA -1701),"GUJARAT, MAHARASHTRA, UTTAR PRADESH, CHHATTISGARH, JHARKHAND, ODISHA",14 - 15 Qt/Ha,Yes,Medium
1182,GRAIN AMARANTHUS,Him Gauri,"HIMACHAL PRADESH, UTTARAKHAND",16 - 18 Qt/Ha,Yes,Early
1183,PADDY (DHAN),CSR 101 (CSR-389-16-22) (IET-30827),"UTTAR PRADESH, HARYANA, TAMIL NADU, KARNATAKA",39 - 42 Qt/Ha,Yes,Late
1184,PADDY (DHAN),CSR 105 (CSR PET- 27) (IET-30004),"UTTAR PRADESH, HARYANA, GUJARAT",47 - 50 Qt/Ha,Yes,Early
1185,SESAME (GINGELLY),Tanjila (CUMS-09A),"WEST BENGAL, BIHAR, ODISHA, MAHARASHTRA, CHHATTISGARH, TELANGANA, TAMIL NADU, KERALA, KARNATAKA",900 - 950 Qt/Ha,Yes,Medium
1186,MAIZE (MAKKA),IMH-230 (IMHSB 20R-6),"UTTAR PRADESH, WEST BENGAL, ODISHA, JHARKHAND, BIHAR",92 - 93 Qt/Ha,Yes,Medium
1187,COTTON,RCH 1136 BG-II (Rasi Max 036 BG- II),"HARYANA, PUNJAB, RAJASTHAN",26 - 27 Qt/Ha,Yes,Early
1188,PADDY (DHAN),DRR Dhan- 74 (IET- 30252),"KARNATAKA, MAHARASHTRA, TELANGANA, JHARKHAND",45 - 46 Qt/Ha,Yes,Medium
1189,PIGEON PEA (RED GRAM/ARHAR),Naam-88,"ANDHRA PRADESH, KARNATAKA, TAMIL NADU, TELANGANA",14 - 15 Qt/Ha,Yes,Early
1190,MAIZE (MAKKA),IMH-231 (IMHSB 20K-10),"ASSAM, BIHAR, JHARKHAND, ODISHA, UTTAR PRADESH, WEST BENGAL",70 - 71 Qt/Ha,Yes,Medium
1191,PADDY (DHAN),PANT SUGANDH DHAN 27,UTTARAKHAND,30 - 32 Qt/Ha,Yes,Early
1192,SAFFLOWER,ISF-300,"MAHARASHTRA, MADHYA PRADESH, ANDHRA PRADESH, KARNATAKA, CHHATTISGARH, TELANGANA",17 - 18 Qt/Ha,Yes,Medium
1193,COTTON,RCH 1103 BG-II (Rasi Max 003 BG-II),"PUNJAB, HARYANA, RAJASTHAN",29 - 30 Qt/Ha,Yes,Early
1194,PADDY (DHAN),VL Bosi Dhan (VL-32585) (IET- 28883),"HIMACHAL PRADESH, JAMMU AND KASHMIR, UTTARAKHAND",49 - 50 Qt/Ha,Yes,Early
1195,PADDY (DHAN),NLR Rice- 3684 (IET -29947),"ODISHA, BIHAR, UTTAR PRADESH, WEST BENGAL, KARNATAKA, ANDHRA PRADESH",60 - 65 Qt/Ha,Yes,Early
1196,Maize (fodder),HQPM 28,"MADHYA PRADESH, UTTAR PRADESH, MAHARASHTRA, CHHATTISGARH",350 - 352 Qt/Ha,Yes,Medium
1197,SUGARCANE (NOBLE CANE),Roshan (CoS-16233),"PUNJAB, HARYANA, UTTARAKHAND, RAJASTHAN, UTTAR PRADESH",120 - 121 Qt/Ha,Yes,Medium
1198,GRAIN AMARANTHUS,VL Chua 140,"HIMACHAL PRADESH, UTTARAKHAND",16 - 18 Qt/Ha,Yes,Medium
1199,FRENCH BEAN (VEGETABLE),Shalimar Rajmash-3 (SKAU-WB-1634),KASHMIR,13 - 14 Qt/Ha,Yes,Early
1200,GREEN GRAM,Lam Pesara 610 (LGG- 610),"ANDHRA PRADESH, TAMIL NADU, TELANGANA, KERALA, KARNATAKA, ODISHA",16 - 18 Qt/Ha,Yes,Early
1201,Greater Yam,Dr. YSRHU- Sabari (TGy 14-11) (D-23),ANDHRA PRADESH,350 - 400 Qt/Ha,Yes,Early
1202,CHILLIES,Arka Neelachal Prabha,ODISHA,50 - 60 Qt/Ha,Yes,Medium
1203,SPONGE GOURD,Pusa Tripti (DSat-4),DELHI,15 - 16 Qt/Ha,Yes,Early
1204,WINGED BEAN,Kashi Annapurna (VRWB-30),UTTAR PRADESH,350 - 400 Qt/Ha,Yes,Early
1205,PEA (VEGETABLE),Him Palam Meethi Phali-2 (DPEPP-10-1),HIMACHAL PRADESH,80 - 100 Qt/Ha,Yes,Medium
1206,PADDY (DHAN),Chhattisgarh Bhavya Dhan (IET-29523),"MAHARASHTRA, GUJARAT",53 - 54 Qt/Ha,Yes,Medium
1207,LENTIL (MASUR),Pant Lentil-15 (PL 342),"PUNJAB, HARYANA, DELHI, RAJASTHAN, UTTAR PRADESH, UTTARAKHAND, JAMMU AND KASHMIR",15 - 17 Qt/Ha,Yes,Medium
1208,PEAS,Pant Pea- 498,"PUNJAB, HARYANA, DELHI, RAJASTHAN, UTTAR PRADESH, UTTARAKHAND, JAMMU AND KASHMIR",20 - 22 Qt/Ha,Yes,Medium
1209,PEAS,Pant Pea-484,"PUNJAB, HARYANA, DELHI, RAJASTHAN, UTTAR PRADESH, UTTARAKHAND, JAMMU AND KASHMIR",23 - 24 Qt/Ha,Yes,Medium
1210,GROUNDNUT,ICAR - Girnar 6 (NRCGCS- 637),"RAJASTHAN, UTTAR PRADESH, PUNJAB, HARYANA",30 - 31 Qt/Ha,Yes,Late
1211,BENGAL GRAM (CHICK PEA),Pant Gram 10 (PG -265),"ASSAM, BIHAR, JHARKHAND, UTTAR PRADESH, WEST BENGAL",17 - 18 Qt/Ha,Yes,Medium
1212,PEAS,Pant Pea- 501,"PUNJAB, HARYANA, DELHI, RAJASTHAN, UTTAR PRADESH, UTTARAKHAND, JAMMU AND KASHMIR",21 - 23 Qt/Ha,Yes,Medium
1213,LENTIL (MASUR),Pant Lentil 14 (PL- 320),"PUNJAB, HARYANA, DELHI, RAJASTHAN, UTTAR PRADESH, UTTARAKHAND, JAMMU AND KASHMIR",15 - 16 Qt/Ha,Yes,Medium
1214,TOSSA JUTE,NJ-7068,"ASSAM, BIHAR, MAHARASHTRA, WEST BENGAL, ODISHA",32 - 33 Qt/Ha,Yes,Medium
1215,MAIZE (MAKKA),IBCH-402 (ibh 11-227),"UTTARAKHAND, HIMACHAL PRADESH, MEGHALAYA, MANIPUR, JAMMU AND KASHMIR",70 - 70 Qt/Ha,Yes,Early
1216,COTTON,TVH 007,"MAHARASHTRA, MADHYA PRADESH, GUJARAT",14 - 15 Qt/Ha,Yes,Medium
1217,MAIZE (MAKKA),Pusa Biofortified Maize Hybrid-5 (APTQH-5),"PUNJAB, HARYANA, DELHI, UTTARAKHAND, UTTAR PRADESH, BIHAR, JHARKHAND, ODISHA, WEST BENGAL, ANDHRA PRADESH, MAHARASHTRA, KARNATAKA, TAMIL NADU, TELANGANA, GUJARAT, MADHYA PRADESH, CHHATTISGARH, RAJASTHAN",84 - 85 Qt/Ha,Yes,Medium
1218,MAIZE (MAKKA),Pusa Popcorn Hybrid-2 (APCH-3),"ANDHRA PRADESH, MAHARASHTRA, KARNATAKA, TAMIL NADU, TELANGANA",50 - 51 Qt/Ha,Yes,Medium
1219,PADDY (DHAN),Arize 655 ST (IET-29741) (HRI-209),"HARYANA, PUNJAB, UTTAR PRADESH, BIHAR, JHARKHAND, ODISHA, MADHYA PRADESH, CHHATTISGARH, MAHARASHTRA, GUJARAT",66 - 67 Qt/Ha,Yes,Medium
1220,PADDY (DHAN),KKL (R) 4 (IET-30697) (KR- 19011),"PUDUCHERRY, TAMIL NADU, TELANGANA, ANDHRA PRADESH",38 - 40 Qt/Ha,Yes,Medium
1221,PADDY (DHAN),DRR Dhan- 77 (IET-28636),"BIHAR, JHARKHAND, GUJARAT, TAMIL NADU",41 - 42 Qt/Ha,Yes,Early
1222,PADDY (DHAN),DRR Dhan- 78 (IET- 30240),"TELANGANA, KARNATAKA",46 - 47 Qt/Ha,Yes,Medium
1223,BERSEEM (EGYPTIAN CLOVER),Jawahar Berseem 07-15 (JB 07-15),"MADHYA PRADESH, MAHARASHTRA, GUJARAT, CHHATTISGARH, UTTAR PRADESH",624 - 625 Qt/Ha,Yes,Medium
1224,BERSEEM (EGYPTIAN CLOVER),Jawahar Berseem 08-17 (JB 08-17),"MADHYA PRADESH, CHHATTISGARH, MAHARASHTRA, GUJARAT, UTTAR PRADESH",612 - 613 Qt/Ha,Yes,Medium
1225,OAT,Jawahar Oat 13-513 (JO-13-513),"PUNJAB, HARYANA, UTTAR PRADESH, RAJASTHAN",184 - 186 Qt/Ha,Yes,Medium
1226,COTTON,RCH 1169 BG-II (Rasi Max 069 BG-II),"MAHARASHTRA, MADHYA PRADESH, GUJARAT, RAJASTHAN",27 - 28 Qt/Ha,Yes,Early
1227,PADDY (DHAN),Arize 6585 ST (IET-29689),"HARYANA, PUNJAB, UTTAR PRADESH, BIHAR, JHARKHAND, ODISHA, MADHYA PRADESH, CHHATTISGARH, MAHARASHTRA, GUJARAT",61 - 65 Qt/Ha,Yes,Early
1228,SUGARCANE (NOBLE CANE),CoPb 99 (Copb-17215),"UTTAR PRADESH, PUNJAB, UTTARAKHAND, RAJASTHAN",900 - 1000 Qt/Ha,Yes,Medium
1229,PADDY (DHAN),HRI- 211 (2) (IET- 29743),"HARYANA, PUNJAB, UTTAR PRADESH, MADHYA PRADESH, CHHATTISGARH, BIHAR, MAHARASHTRA, GUJARAT",67 - 70 Qt/Ha,Yes,Medium
1230,COMMON MILLET (PROSO MILLET),CPRMV-1 (DHPM- 60 4/PMV 466),"KARNATAKA, TAMIL NADU",13 - 14 Qt/Ha,Yes,Medium
1231,SORGHUM,DSH-6 (CSH-49) (SPH-1943),"KARNATAKA, TAMIL NADU, TELANGANA, GUJARAT, RAJASTHAN",12 - 14 Qt/Ha,Yes,Early
1232,PADDY (DHAN),OUAT Kalinga Rice 18 (Saria) (ORJ-1342) (TP 29409),"BIHAR, WEST BENGAL, ODISHA",58 - 59 Qt/Ha,Yes,Medium
1233,PADDY (DHAN),CSR 104 (CSR YET- 59) (IET-29354),"HARYANA, UTTAR PRADESH",36 - 37 Qt/Ha,Yes,Early
1234,PADDY (DHAN),CR Dhan 811,"ODISHA, WEST BENGAL",37 - 38 Qt/Ha,Yes,Late
1235,COTTON,C 9314 BG-II,"PUNJAB, HARYANA, RAJASTHAN",26 - 27 Qt/Ha,Yes,Medium
1236,COTTON,PDKV Dhawal (AKA-2013-8),"MADHYA PRADESH, MAHARASHTRA, GUJARAT",12 - 13 Qt/Ha,Yes,Medium
1237,GROUNDNUT,ICAR-Konark (TCGS- 1707),"ODISHA, WEST BENGAL",24 - 25 Qt/Ha,Yes,Medium
1238,LENTIL (MASUR),Kota Masoor 6 (RKL 20-26 (D),"UTTAR PRADESH, RAJASTHAN, PUNJAB, UTTARAKHAND",10 - 20 Qt/Ha,Yes,Medium
1239,PADDY (DHAN),DRRH-6 (IIRRH-130) (IET-28123),"ODISHA, UTTAR PRADESH, BIHAR, GUJARAT, MAHARASHTRA",78 - 94 Qt/Ha,Yes,Early
1240,COTTON,PBD 88,"PUNJAB, HARYANA, RAJASTHAN",31 - 32 Qt/Ha,Yes,Medium
1241,COTTON,Ajeet 27-2 BG-II (ACH-27-2 BG- II),"MAHARASHTRA, GUJARAT, MADHYA PRADESH, TELANGANA, ANDHRA PRADESH, KARNATAKA, TAMIL NADU",27 - 28 Qt/Ha,Yes,Early
1242,CAPSICUM,Pusa Preet,DELHI,500 - 600 Qt/Ha,Yes,
1243,RADISH,Kashi Rituraj,UTTAR PRADESH,350 - 400 Qt/Ha,Yes,Medium
1244,BRINJAL,MDU 2 (HD 10-6-5-3),TAMIL NADU,330 - 350 Qt/Ha,Yes,Medium
1245,INDIAN BEAN (DOLICHOS BEAN),Arka Pradhan (IIHR-15-5),"JHARKHAND, UTTAR PRADESH, PUNJAB",270 - 300 Qt/Ha,Yes,Late
1246,LONG MELON,Kashi Vidhi (VRLM-1,UTTAR PRADESH,350 - 400 Qt/Ha,Yes,Early
1247,BHINDI (OKRA),Kashi Utkarsh (VRO-145),UTTAR PRADESH,150 - 200 Qt/Ha,Yes,Medium
1248,BITTER GOURD,Kashi Pratishtha (VRBTG-10),UTTAR PRADESH,300 - 400 Qt/Ha,Yes,Medium
1249,POINTED GOURD (PARWAL),Kashi Parwal-141,UTTAR PRADESH,250 - 300 Qt/Ha,Yes,Medium
1250,BOTTLE GOURD,Kashi Shubhra (VRBG- 14),UTTAR PRADESH,550 - 600 Qt/Ha,Yes,Medium
1251,TOMATO,Kashi Tapas (VRNTH- 19095),UTTAR PRADESH,430 - 460 Qt/Ha,Yes,Medium
1252,TOMATO,Kashi Adbhut (VRNTH- 18283),UTTAR PRADESH,370 - 400 Qt/Ha,Yes,Medium
1253,TOMATO,Pusa Cocktail Tomato,DELHI,1000 - 1100 Qt/Ha,Yes,Medium
1254,MUSK MELON,Pusa sunehari (DHM-39),"DELHI, UTTAR PRADESH, PUNJAB, HARYANA",560 - 570 Qt/Ha,Yes,Medium
1255,SAFFLOWER,Phule Bhumi (SSF-18-02),"ANDHRA PRADESH, CHHATTISGARH, KARNATAKA, MADHYA PRADESH, MAHARASHTRA, TELANGANA",18 - 19 Qt/Ha,Yes,Medium
1256,PEA (VEGETABLE),Kashi Purvi,UTTAR PRADESH,100 - 115.6 Qt/Ha,Yes,Early
1257,AMARANTHUS,Kashi Chaulai-1 (VRAM- 324),UTTAR PRADESH,300 - 400 Qt/Ha,Yes,Medium
1258,PEA (VEGETABLE),Kashi Tripti,UTTAR PRADESH,95 - 97 Qt/Ha,Yes,Medium
1259,TOMATO,PhuleJayshree (RHRCT- 12-6),MAHARASHTRA,530 - 550 Qt/Ha,Yes,Medium
1260,CARROT,Pusa Prateek (IPC-3),"RAJASTHAN, GUJARAT, HARYANA, DELHI, KARNATAKA, TAMIL NADU, KERALA, PUDUCHERRY",317 - 318 Qt/Ha,Yes,Early
1261,GRAPES,Manjari Kishmis,"MAHARASHTRA, KARNATAKA, TELANGANA, TAMIL NADU",400 - 450 Qt/Ha,Yes,Late
1262,SPINACH,Kashi Manu (VRWS-1),UTTAR PRADESH,600 - 700 Qt/Ha,Yes,Early
1263,SPINACH,Kashi Baramasi (VRPLK- 2),UTTAR PRADESH,500 - 750 Qt/Ha,Yes,Medium
1264,AMARANTHUS,Dr. YSRHU- Varna (VRA-1),ANDHRA PRADESH,252 - 270 Qt/Ha,Yes,Medium
1265,AJWAIN (BISHOPS WEED),Chhattisgarh Ajwain -1 (CG Ajwain-1),CHHATTISGARH,8 - 10 Qt/Ha,Yes,Medium
1266,CASSAVA (TAPIOCA),Dr. YSRHU- Aditya (PDP-9 (TCa 12-9),ANDHRA PRADESH,401 - 401.5 Qt/Ha,Yes,Early
1267,CHILLIES,SwarnaApurva (HC-70),JHARKHAND,150 - 160 Qt/Ha,Yes,Early
1268,INDIAN BEAN (DOLICHOS BEAN),Dr. YSRHU- Shrestha (VRDL-11),ANDHRA PRADESH,190 - 220 Qt/Ha,Yes,Medium
1269,CHILLIES,SwarnaArohi HC-69,JHARKHAND,150 - 160 Qt/Ha,Yes,Early
1270,ACID LIME,Dr. YSRHU- Vakula (TAL-94/14),ANDHRA PRADESH,530 - 540 Qt/Ha,Yes,Medium
1271,BROCCOLI,Pusa Purple Broccoli-1 (DPB-1),DELHI,210 - 215 Qt/Ha,Yes,Medium
1272,AJWAIN (BISHOPS WEED),Gujarat Ajwain 2,GUJARAT,11 - 12 Qt/Ha,Yes,Medium
1273,WHEAT,DDW55 (D) (KARAN MANJARI),"MADHYA PRADESH, GUJARAT, RAJASTHAN, CHHATTISGARH",34 - 36 Qt/Ha,Yes,Medium
1274,CARROT,Kashi Arun (VRCAR-186),"MADHYA PRADESH, MAHARASHTRA, KARNATAKA, TAMIL NADU, KERALA, GOA, PUDUCHERRY",200 - 250 Qt/Ha,Yes,Medium
1275,SAFFLOWER,ISF-123-Sel -15,"KARNATAKA, MAHARASHTRA, ANDHRA PRADESH, TELANGANA",16 - 17 Qt/Ha,Yes,Medium
1276,PADDY (DHAN),Swarna Purvi Dhan-5 (IET- 29036),"BIHAR, WEST BENGAL, JHARKHAND",17 - 18 Qt/Ha,Yes,Early
1277,PADDY (DHAN),ADV 8283 (IET -29690),"BIHAR, UTTAR PRADESH, CHHATTISGARH, MAHARASHTRA, MADHYA PRADESH",60 - 70 Qt/Ha,Yes,Early
1278,PADDY (DHAN),DRR Dhan- 79 (IET- 29859),"BIHAR, ODISHA, MADHYA PRADESH, MAHARASHTRA, CHHATTISGARH, TAMIL NADU, KARNATAKA",57 - 58 Qt/Ha,Yes,Medium
1279,BROAD BEAN (FABA BEAN),Kashi Sampada,UTTAR PRADESH,102 - 103 Qt/Ha,Yes,Early
1280,WATERMELON,Kashi Mohini (VRW- 514-1),UTTAR PRADESH,550 - 600 Qt/Ha,Yes,Early
1281,Greater Yam,Swagata (NEFY-7),GUJARAT,400 - 450 Qt/Ha,Yes,Medium
1282,BHINDI (OKRA),GNO-1 (PurnaRakshak),GUJARAT,120 - 121 Qt/Ha,Yes,Medium
1283,CHILLIES,Kashi Garima (CCH-11),UTTAR PRADESH,200 - 250 Qt/Ha,Yes,Medium
1284,PEARS,PusaPratiksha (GH-2015),"UTTARAKHAND, UTTAR PRADESH, CHHATTISGARH, HIMACHAL PRADESH, MADHYA PRADESH, PUNJAB, RAJASTHAN, WEST BENGAL, JHARKHAND, ODISHA",44 - 46 Qt/Ha,Yes,Medium
1285,CASHEW,BPP-10,ANDHRA PRADESH,332 - 335 Qt/Ha,Yes,Early
1286,PAPAYA,Pusa Peet (P-7-2),"BIHAR, DELHI, UTTAR PRADESH",36 - 41 Qt/Ha,Yes,Medium
1287,PADDY (DHAN),CR Dhan 812 (IET-32123),,,No,
1288,MAIZE (MAKKA),VL Biofortified Maize Hybrid 101 (VL Lophy),,,No,
1289,SAFFLOWER,PDKV White (AKS-351),,,No,
1290,PIGEON PEA (RED GRAM/ARHAR),BDNPH 2018-05,,,No,
1291,SESAME (GINGELLY),Thandava/ Simhagiri/ Ranga (YLM- 146),,,No,
1292,SOYBEAN,JS 23-03 (Jawahar Soybean 23-03),,,No,
1293,MAIZE (MAKKA),NK-7660 (SYN-207660),,,No,
1294,SPONGE GOURD,Ken Swadisht,,,No,
1295,SORGHUM,CO 34 (SPV-2429),,,No,
1296,LITTLE MILLET,PDKV Tejashree (BLM 18-21),,,No,
1297,PADDY (DHAN),Jagtiala Vari 28639 (JGL 28639) (IET- 30636),,,No,
1298,GROUNDNUT,Gujarat Groundnut- 42 (SorathShaan),,,No,
1299,PIGEON PEA (RED GRAM/ARHAR),Pusa Jawahar Arhar 22-02,,,No,
1300,BARLEY,DWRB- 223,,,No,
1301,PUMPKIN,PPH-1,,,No,
1302,MUSK MELON,Gujarat Melon 2 (GM 2: Anand Sheetal),,,No,
1303,CORIANDER,CG Raigarh Dhaniya-3 (RCC 12-7),,,No,
1304,BLACK GRAM,OUAT Kalinga Blackgram1(Shreeya) ( OBG 101),,,No,
1305,PADDY (DHAN),DRR Dhan 87 (IET- 31110),,,No,
1306,CASTOR,YRCH 3 (YRCH 19014),,,No,
1307,PADDY (DHAN),DRR Dhan 84 (Mahajaya) (IET-32051),,,No,
1308,MAIZE (MAKKA),Rajendra Pop Corn 2 (MPC-2141),,,No,
1309,SESAME (GINGELLY),GuiaratTil 9 (G.Til 9) (AT 383),,,No,
1310,FINGER MILLET (RAGI),Rajendra Madua-1 (RAUF-17),,,No,
1311,INDIAN MUSTARD,BPM 11 (Bharatpur Mustard 11) (DRMR 2018-19),,,No,
1312,SUNFLOWER,TilhanTec-SUNH-3 (IIOSH-434),,,No,
1313,ITALIAN MILLET (FOX TAIL MILLET),CFXMV-2 (FXV 647).,,,No,
1314,BRINJAL,PBSR-9322,,,No,
1315,INDIAN MUSTARD,PDKV Kartik (ACN 237),,,No,
1316,PADDY (DHAN),JKRH-2092 (JKRH-1170) (IET-30561),,,No,
1317,PADDY (DHAN),Lachmanti HTW-33-IR 105690-1-1B-B (IET- 28367),,,No,
1318,COTTON,SP 7704 BG-II,,,No,
1319,LUCERNE (ALFALFA),LLC- 6,,,No,
1320,GROUNDNUT,CAU-GSI,,,No,
1321,PADDY (DHAN),CO RH 5 (IET 24986),,,No,
1322,COWPEA (FODDER),IGFRI IGFRI -DC -215,,,No,
1323,LENTIL (MASUR),IPL- 342 (Uttam),,,No,
1324,TUBERROSE,Arka Sugandhi ,,,No,
1325,PADDY (DHAN),KRH7117 (Kaveri-7117) (IET-31193),,,No,
1326,LUCERNE (ALFALFA),IGFRI-DL-2 (IGFRI Dharwad Lucerne-2) (AWCL-2),,,No,
1327,PADDY (DHAN),Sabour Mahsuri Dhan (BRR 2176) (IET 29140),,,No,
1328,PADDY (DHAN),ASD 21 (AS 15024) (IET 29799),,,No,
1329,ITALIAN MILLET (FOX TAIL MILLET),FXVFXV- 652 (GPUF-16) (CFXMV-3),,,No,
1330,MAIZE (MAKKA),Pusa Jawahar Hybrid Maize-2 (AH-4271) (Hybrid),,,No,
1331,TOMATO,TH-1214,,,No,
1332,FINGER MILLET (RAGI),OUAT Kalinga Finger Millet-3 (Shreenidhi) ,,,No,
1333,BRINJAL,PBHL-56,,,No,
1334,MAIZE (MAKKA),ADV7154 (ADV-7434),,,No,
1335,COTTON,DC 5301 BG-II,,,No,
1336,PADDY (DHAN),RC Manichakhao-1,,,No,
1337,MAIZE (MAKKA),AH 8323 (Pusa Early Hybrid Maize- 6),,,No,
1338,COTTON,KR-150,,,No,
1339,PADDY (DHAN),OUAT Kalinga Rice 8 (Surya Shree) (IE27737),,,No,
1340,MAIZE (MAKKA),IQMH 212 (IQPMH-2114),,,No,
1341,COTTON,DLCH 459 BG -II,,,No,
1342,TURMERIC,Chhattisgarh Raigarh Haldi-3 (IT 36),,,No,
1343,PEARL MILLET,RHB 273 (MH 2673),,,No,
1344,GOBHI SARSON,PGSH- 2155,,,No,
1345,PADDY (DHAN),Telangana Rice-1719 (WGL 1719) (IET-30669),,,No,
1346,PEARL MILLET,MP 7173 (MH 2709),,,No,
1347,PADDY (DHAN),DRR Dhan 90 (IET- 29581),,,No,
1348,MAIZE (MAKKA),SMH 9099,,,No,
1349,MAIZE (MAKKA),IQMH 207 (IQPMH-2109),,,No,
1350,Bajra (Fodder),ADV 2285,,,No,
1351,WHEAT,PBW 891,,,No,
1352,OAT,OL- 1931,,,No,
1353,BENGAL GRAM (CHICK PEA),ADBeG-2 (Adilabad Shanaga-2),,,No,
1354,SORGHUM,CSV 64F (SPV-2881),,,No,
1355,SORGHUM,DSV-10 (CSV- 62) (SPV- 2773),,,No,
1356,PADDY (DHAN),Indravati Dhan (JDP-2018),,,No,
1357,BRINJAL,Kashi Utsav (IVBHL-22),,,No,
1358,PADDY (DHAN),CO 59 (CBMAS 14065) (IET- 24247),,,No,
1359,SAFFLOWER,PBNS-222 (Parbhani Sufalam),,,No,
1360,PADDY (DHAN),PNPG 114 (IET-30819),,,No,
1361,MAIZE (MAKKA),SRMH 999,,,No,
1362,COTTON,KCH 9216 BG-II,,,No,
1363,COTTON,RSCH-459 BG-II,,,No,
1364,PADDY (DHAN),DRR Dhan 83 (IET- 32045),,,No,
1365,LENTIL (MASUR),Pant Lentil 16 (PL- 366),,,No,
1366,WHEAT,Lok-79,,,No,
1367,BERSEEM (EGYPTIAN CLOVER),BL 48 (PC 114),,,No,
1368,PADDY (DHAN),Sabour Shriram Dhan (BRR210) (IET-30367),,,No,
1369,KODO MILLET,CKMV4(ATL3) KMV558(TNPsc313),,,No,
1370,PADDY (DHAN),Irabati CN2068 (IET-25903),,,No,
1371,COTTON,FDK 324,,,No,
1372,PADDY (DHAN),Telangana Rice 12509 (KNM-12509) (IET- 30642),,,No,
1373,Bajra (Fodder),Bundel Bajra-1 (JHPM- 22-2),,,No,
1374,MAIZE (MAKKA),IQMH 214 (IQPMH- 2204),,,No,
1375,NIGER (RAMTIL),GNNIG-5 (Aarohi),,,No,
1376,MAIZE (MAKKA),IMH 232,,,No,
1377,MAIZE (MAKKA),JKMH-4546,,,No,
1378,PADDY (DHAN),Sabour Kunwar Dhan (BRR 2141) (IET 28489),,,No,
1379,PIGEON PEA (RED GRAM/ARHAR),Telangana Kandi- 4 (TDRG- 272),,,No,
1380,GUAR (CLUSTER BEAN),Karan Guar-14 (RGR 18-1),,,No,
1381,MAIZE (MAKKA),IMH 233,,,No,
1382,MAIZE (MAKKA),MAHb15-84,,,No,
1383,PEAS,Pant Pea 517,,,No,
1384,COWPEA (PULSES),GC 8 (GC 1601),,,No,
1385,MAIZE (MAKKA),Pusa HQPM4 Improved (APQH-4),,,No,
1386,Aonla,Narendra Aonla-25,,,No,
1387,PEARL MILLET,MH 2417 (Pusa-1801),,,No,
1388,Bajra (Fodder),ADV 2184,,,No,
1389,MAIZE (MAKKA),PMH 16,,,No,
1390,COTTON,DC 5103 BG-II,,,No,
1391,SUGARCANE (NOBLE CANE),CoH 17261 (CoH 179),,,No,
1392,MAIZE (MAKKA),IQMH 213 (IQPMH-2203),,,No,
1393,Sorghum (fodder),CSV 69 BMR (BMR Forage Gold) (SPV-2912),,,No,
1394,COTTON,Indam-1624 BG-I,,,No,
1395,MAIZE (MAKKA),VNR-4324,,,No,
1396,MAIZE (MAKKA),VL Sweet Corn Hybrid 4 (VL Madhubala) (FSCH 131),,,No,
1397,PADDY (DHAN),OUAT Kalinga Rice 20 (Jayada) (ORJ- 1356),,,No,
1398,TOBACCO,CTRI Navya (FCH 2),,,No,
1399,COTTON,KCH 911 BG-II,,,No,
1400,PIGEON PEA (RED GRAM/ARHAR),Pusa Jawahar Arhar 21-29,,,No,
1401,MAIZE (MAKKA),R 8050 (R- 3474),,,No,
1402,NUTMEG,Kerala Shree,,,No,
1403,PEARS,ArkaKiran,,,No,
1404,BENGAL GRAM (CHICK PEA),Nandyal Gram- 924 (NBeG- 924),,,No,
1405,Maize (fodder),J 1008 (PFM 12),,,No,
1406,WHEAT,Karan Khushboo (DBW- 386),,,No,
1407,BERSEEM (EGYPTIAN CLOVER),Bundel Berseem- 9 (JHB-20-1),,,No,
1408,PADDY (DHAN),CR Dhan 324 (Abhaya Paushtik),,,No,
1409,BHINDI (OKRA),Kashi Sahishnu (VRO- 111),,,No,
1410,SUGARCANE (NOBLE CANE),CoPb 100 (CoPb 18213),,,No,
1411,SOYBEAN,MAUS 731Pusa Soybean 21,,,No,
1412,PADDY (DHAN),ADV 8200 UPLRH181325 (IET-29694),,,No,
1413,COTTON,KCH 9224 BG-II,,,No,
1414,SAFFLOWER,PBNS-221 (Parbhani Sujalam),,,No,
1415,MAIZE (MAKKA),IMH 234,,,No,
1416,Bajra (Fodder),SBH 104,,,No,
1417,MAIZE (MAKKA),IQMH 210 (IQPMH-2205),,,No,
1418,COTTON,PCH 7781 Bt 2,,,No,
1419,BENGAL GRAM (CHICK PEA),Pusa Chickpea Aswini (BG-4037),,,No,
1420,MOTH BEAN,CAZRI Moth- 7 (CZMO-18-4),,,No,
1421,PADDY (DHAN),CAU-R5 (Emoinuphou),,,No,
1422,MAIZE (MAKKA),Pusa Biofortified Maize Hybrid-6 (APTQH-1),,,No,
1423,RADISH,UHF R-12-1,,,No,
1424,BHINDI (OKRA),AOL 12-52 Gujarat Anand Okra 7 (GAO 7),,,No,
1425,Bajra (Fodder),Jawahar Pearl Millet 18-7 (JPM 18--7),,,No,
1426,RIDGE GOURD,Kashi Nanda (VRRG-6A),,,No,
1427,PADDY (DHAN),KKL (R) 5 (IET- 32036),,,No,
1428,MOTH BEAN,Pusa Sodicity Mungbean-12 (PSM-12),,,No,
1429,PADDY (DHAN),DRR Dhan 72 (IET 28821) (RP 5964-82),,,No,
1430,PADDY (DHAN),Suvashini HTW-46-IR 16L1833 (IET-29216),,,No,
1431,MAIZE (MAKKA),ADC-3 Pusa Composite-5 (PC-5)),,,No,
1432,COTTON,HYCH-411 Bt-II,,,No,
1433,PADDY (DHAN),MRP 5499 ( MEPH 170) (IET-30608),,,No,
1434,BLACK GRAM,IPU 13-6 (Tapti),,,No,
1435,SOYBEAN,CAU-MS 1,,,No,
1436,RAJMA (PULSES),Shalimar Rajmash 4,,,No,
1437,TOBACCO,DTV 9 (NBD 316),,,No,
1438,MAIZE (MAKKA),Rajendra Baby Corn- 1 (MBC-11-15),,,No,
1439,INDIAN MUSTARD,BPMQ 47 (DRMRCI(Q)47),,,No,
1440,PEARL MILLET,ICMA 13222,,,No,
1441,PADDY (DHAN),DRRH-7 (IET-30165),,,No,
1442,MAIZE (MAKKA),SRMH 99M66,,,No,
1443,Bajra (Fodder),SBH 002 (Sira Tej),,,No,
1444,Bajra (Fodder),ADV 175020,,,No,
1445,PADDY (DHAN),ADT 60 (IET-28471),,,No,
1446,COTTON,PRCH 8721 Bt 2,,,No,
1447,COTTON,KCH 9214 BG-II,,,No,
1448,MOTH BEAN,CAZRI Moth- 6 (CZMO-18-3),,,No,
1449,WHEAT,Pusa Wheat Kranti (HI- 1669),,,No,
1450,PADDY (DHAN),Gangavathi Churumuri,,,No,
1451,SOYBEAN,NRC- 197,,,No,
1452,BENGAL GRAM (CHICK PEA),Karan Chana 20 (RSGD 1155),,,No,
1453,FRENCH BEAN (VEGETABLE),Shalimar Rajmash-4 (SKAU-WB-341),,,No,
1454,GROUNDNUT,GNH 804,,,No,
1455,PEARL MILLET,US 7773 (MH 2717),,,No,
1456,PADDY (DHAN),Dweep Dhan-8,,,No,
1457,PIGEON PEA (RED GRAM/ARHAR),GJP-1820 Gujarat Tur 111 (SorathRatan),,,No,
1458,PEARL MILLET,FBL 4 (PCB 166),,,No,
1459,SOYBEAN,NRC-149 (NRCSC-3),,,No,
1460,PADDY (DHAN),DRR Dhan 82 (IET- 30756),,,No,
1461,BANYARD MILLET,GB-2 (Sabari),,,No,
1462,PEAS,Purvansh (IPFD 18-3 ),,,No,
1463,MAIZE (MAKKA),ADV 752 (ADV-7211),,,No,
1464,WHEAT,Rajendra Gehun-4,,,No,
1465,GROUNDNUT,ICAR-VRI 10 (VG 17008),,,No,
1466,Bajra (Fodder),Wonder Leaf (FSB 2021-1),,,No,
1467,BAJRA NAPIER HYBRID,BNH-26 (BAIF Napier Hybrid-26),,,No,
1468,GROUNDNUT,Sahyadri Durga,,,No,
1469,BITTER GOURD,Pusa Protected Bitter Gourd-2,,,No,
1470,Crossandra,Arka Chenna,,,No,
1471,BRINJAL,Kashi Modak (IVBSR-1,,,No,
1472,SPONGE GOURD,Kashi Vandana (VRSG- 17-2),,,No,
1473,PADDY (DHAN),CR Dhan 912 (IET-226446),,,No,
1474,SUGARCANE (NOBLE CANE),CoVSI 18121,,,No,
1475,COTTON,US 714 BG-II,,,No,
1476,MAIZE (MAKKA),Pusa Biofortified Maize Hybrid-8 (ALQH-9),,,No,
1477,OAT,HFO- 915,,,No,
1478,BARLEY,UPB 1106 (Pant Jau 1106),,,No,
1479,MAIZE (MAKKA),DKC-9126 (MCH 46),,,No,
1480,PIGEON PEA (RED GRAM/ARHAR),Gujarat Tur-110 (Navtur) (NPD 18-03),,,No,
1481,PADDY (DHAN),Rudrur Vari-1162 (RDR-1162) (IET 29160),,,No,
1482,COWPEA (PULSES),KBC-12,,,No,
1483,JACK FRUIT,Test 20-9-24,,,No,
1484,FINGER MILLET (RAGI),MP- 7214 (MH- 2626),,,No,
1485,PADDY (DHAN),CR Dhan 326 (Panchatatva),,,No,
1486,SESAME (GINGELLY),JagtialaNuvvulu- 3287 (JCS- 3287),,,No,
1487,INDIAN MUSTARD,SAMPOORNA (OUAT KALINGA MUSTARD 1 ),,,No,
1488,TOBACCO,ABD 132 (Nandyal Pogaku 2),,,No,
1489,MAIZE (MAKKA),DHM 211 (Telangana Makka-5) (BH-417193),,,No,
1490,MAIZE (MAKKA),Punjab Baby Corn 2,,,No,
1491,NIGER (RAMTIL),KBN-2,,,No,
1492,OAT,HFO- 917,,,No,
1493,GROUNDNUT,Pratap Mugphali 4 (UG 243),,,No,
1494,LENTIL (MASUR),JL6 - 3 (Jawahar Lentil 6-3),,,No,
1495,PEARS,Lal  Bahadur,,,No,
1496,PADDY (DHAN),JKRH-2601 (IET-28956),,,No,
1497,Fodder Oat,JHO-21-1 (Bundel Jai 2021-1),,,No,
1498,MAIZE (MAKKA),IQMH 208 (IQPMH-2012),,,No,
1499,COTTON,KCH 9377 BG-II,,,No,
1500,PADDY (DHAN),LG90303 (IET- 30593),,,No,
1501,MAIZE (MAKKA),DKC-9133,,,No,
1502,WHEAT,Pusa Atulya (HI-1674),,,No,
1503,FINGER MILLET (RAGI),ATL 2 (TNEc-1294),,,No,
1504,INDIAN BEAN (DOLICHOS BEAN),Kashi Bouni Sem-18 (VRBSEM-18),,,No,
1505,WHEAT,AKAW 5100,,,No,
1506,WHEAT,Pusa Surya (HD- 3428),,,No,
1507,COTTON,Gujarat Desi Cotton 5 (GDC 5: Anand Kanchan) (GVhv,,,No,
1508,TOBACCO,Sahydri Swarna (FCS-4),,,No,
1509,PIGEON PEA (RED GRAM/ARHAR),Phule Pallavi (Phule Tur-12 19-2),,,No,
1510,SESAME (GINGELLY),Ashrit (OUAT Kalinga Sesame- 1),,,No,
1511,VEGETABLE RAI/MUSTARD GREEN,Narendra Sarso Sag-1,,,No,
1512,ITALIAN MILLET (FOX TAIL MILLET),ATL 2 (TNSi -337),,,No,
1513,MAIZE (MAKKA),CP.509,,,No,
1514,SUGARCANE (NOBLE CANE),CoH 188 (CoH- 20261),,,No,
1515,INDIAN MUSTARD,Goverdhan KMR (L) 17-5,,,No,
1516,PADDY (DHAN),Konkan Suwas (RTN 15M6-52),,,No,
1517,MAIZE (MAKKA),PDKV Aarambha (BMH 18-2),,,No,
1518,PADDY (DHAN),CR Dhan 417 (IET- 30961),,,No,
1519,PADDY (DHAN),Phule Maval-7 (VDN-1808),,,No,
1520,PADDY (DHAN),Jagtiala Vari- 33124 (JGL- 33124) (IET- 28764),,,No,
1521,PADDY (DHAN),Phule Super Pawana (IGP-13-12-19),,,No,
1522,Maize (fodder),COH (M) 11 (Fodder) COH 12-686 ,,,No,
1523,WHEAT,Phule Shashwat (NIAW 4114),,,No,
1524,FENUGREEK,Karan Methi-1 (RMt-259),,,No,
1525,MAIZE (MAKKA),Pusa Male Sterile Baby Corn Hybrid-3 (ABHS-27),,,No,
1526,PADDY (DHAN),Jagtiala Vari- 28639 (JGL- 28639) (IET- 30636),,,No,
1527,PADDY (DHAN),Gangavathi Churumuri (GNV 1109),,,No,
1528,LATHYRUS,Bidhan Khesari-2 (KL-5),,,No,
1529,MAIZE (MAKKA),ADV 785 (ADV-7733),,,No,
1530,SWEET POTATO,Rajendra Sakarkand-7,,,No,
1531,BENGAL GRAM (CHICK PEA),Nandyal Gram- 1267 (NBeG-1267),,,No,
1532,PEA (VEGETABLE),VL Uphaar (VP 1429),,,No,
1533,PADDY (DHAN),KRH7374 (Kaveri-7374) (IET-30565),,,No,
1534,MAIZE (MAKKA),PMH 15,,,No,
1535,COTTON,Indam-1643 BG-II,,,No,
1536,COTTON,KR-149,,,No,
1537,LENTIL (MASUR),LL 1613,,,No,
1538,COTTON,DC 5418 BG-II,,,No,
1539,SORGHUM,CSH 57 (SPH 2024),,,No,
1540,OAT,OL 1988,,,No,
1541,MAIZE (MAKKA),COH (M) 12 (CMH 15-005),,,No,
1542,PEARL MILLET,VNR-3245 (MH 2712) (VNR-106),,,No,
1543,PADDY (DHAN),CR Dhan 325 (IET-29240),,,No,
1544,Sorghum (fodder),CSH 58MF (Sprint Gold Super) (SPH 2018),,,No,
1545,WHEAT,NWS-2222,,,No,
1546,CASSAVA (TAPIOCA),Sree Kaveri (TCa 14-5 (8S 501-2),,,No,
1547,BENGAL GRAM (CHICK PEA),Raj Vijay Kabuli Gram 2023 (RVKG- 2023),,,No,
1548,COMMON MILLET (PROSO MILLET),CFXMV-2 (FXV 647),,,No,
1549,MAIZE (MAKKA),Pusa Super Sweet Corn-3 (APSKH - 1),,,No,
1550,SESAME (GINGELLY),RT-392,,,No,
1551,LENTIL (MASUR),Kota Masoor 5 (RKL 14-175),,,No,
1552,SORGHUM,GJ-103 (Surati Ponk-1) (SRP-5),,,No,
1553,COWPEA (PULSES),SahyadriSamruddi (GP-1),,,No,
1554,INDIAN MUSTARD,Pusa Mustard 37(NPJ-253),,,No,
1555,PADDY (DHAN),CR Dhan 911(Basudev) [IET 28414],,,No,
1556,SORGHUM,CSH-56 (Mahabeej-727) (SPH-2021),,,No,
1557,SORGHUM,CSV 67 (SPV- 2976),,,No,
1558,PADDY (DHAN),IIAB Dhan 5 (IET- 30656),,,No,
1559,MAIZE (MAKKA),Rajendra Baby Corn-2 (MBC 21-10),,,No,
1560,MAIZE (MAKKA),IBCH 403,,,No,
1561,PADDY (DHAN),CR Sankar Dhan -706 (IET-30613),,,No,
1562,MAIZE (MAKKA),NK-7884 (SYN-207884),,,No,
1563,SORGHUM,CSV 65 Yellow (SPV 2906),,,No,
1564,MAIZE (MAKKA),Rajendranagar Makka-182 (DHM 182) (BH- 417182),,,No,
1565,AERIAL YAM,Konkan Kalika (TDb 13-1),,,No,
1566,SORGHUM,Maldandi Supreme (SPH- 2036),,,No,
1567,COMMON MILLET (PROSO MILLET),CPRMV-2 (PMV-473) (DHPM-8-3),,,No,
1568,PADDY (DHAN),OUAT Kalinga Rice 7 (Barunei) (IET 23666),,,No,
1569,AJWAIN (BISHOPS WEED),Dr. YSRHU Lam Varsha,,,No,
1570,SUGARCANE (NOBLE CANE),Co 18022 (Karan 18),,,No,
1571,MAIZE (MAKKA),Indam 1202,,,No,
1572,COTTON,RSCH-189 BG-II,,,No,
1573,LUCERNE (ALFALFA),LLC- 7,,,No,
1574,PADDY (DHAN),Rudrur Vari-1200 (RDR- 1200),,,No,
1575,PEAS,HFP 1709,,,No,
1576,MAIZE (MAKKA),SMH 4555,,,No,
1577,PADDY (DHAN),Sikkim Organic Chirakey Selection-1 (CS-1) (IET-30,,,No,
1578,MAIZE (MAKKA),Pusa Biofortified Maize Hybrid-7 (ALPQH-1),,,No,
1579,POTATO,Kufri Daksh (WS/07- 113(CPRI number: CP 4877),,,No,
1580,PADDY (DHAN),Mangala/B Dhan 24 (IET- 29940),,,No,
1581,COTTON,DC 5104 BG-II,,,No,
1582,PADDY (DHAN),CSR 108 (IET-31055),,,No,
1583,SUGARCANE (NOBLE CANE),CoS 17231 Bismil,,,No,
1584,COTTON,NCS 5455 Bt 2,,,No,
1585,PADDY (DHAN),JKRH-2062 (JKRH-1004) (IET-29700),,,No,
1586,PADDY (DHAN),Dweep Dhan-9,,,No,
1587,PADDY (DHAN),HKR-49 (IET-27866),,,No,
1588,GREEN GRAM,Dweep Mung -4,,,No,
1589,MAIZE (MAKKA),IMH 235,,,No,
1590,PADDY (DHAN),Srikar 2123 (SRH 333) (IET-30573),,,No,
1591,PADDY (DHAN),Dweep Dhan-10,,,No,
1592,MAIZE (MAKKA),RCRMH 20,,,No,
1593,PADDY (DHAN),Indam 200-055 (IET- 30604),,,No,
1594,PADDY (DHAN),CR Dhan 215 (IET- 29446),,,No,
1595,BLACK GRAM,VBN 12 (VBG 13-003),,,No,
1596,WHITE YAM,dddddd,,,No,
1597,SOYBEAN,JS 23-03 (Jawahar Soybean 23-03)JS 23-09 (Jawahar,,,No,
1598,MAIZE (MAKKA),Sikkim Organic Maize Composite-3/ SKOMC-3 (KDM-34),,,No,
1599,PADDY (DHAN),Malviya Dhan 105 Sub 1 (HUR-105) (IET-28024)Phule,,,No,
1600,CASSAVA (TAPIOCA),Rajendra Arvi-2,,,No,
1601,Bajra (Fodder),Jawahar Pearl Millet 18-37 (JPM 18--37),,,No,
1602,SORGHUM,RTS-43,,,No,
1603,WHEAT,Karan Shivani (DBW 327),,,No,
1604,PADDY (DHAN),DRR Dhan 81,,,No,
1605,FINGER MILLET (RAGI),Shreeprava (OKF Millet-2) (CFMV-2)(FMV-1198),,,No,
1606,MAIZE (MAKKA),Pusa Waxy Maize Hybrid-1 (AQWH-4),,,No,
1607,SAFFLOWER,RVSAF-18-1 ( Raj Vijay Safflower 18-1),,,No,
1608,CHILLIES,Dr. YSRHU- Chaitra (LCA-680),,,No,
1609,LITCHI,SwarnaMadhu (CHL-8) (CHES-8),,,No,
1610,MAIZE (MAKKA),DKC-9165,,,No,
1611,BHINDI (OKRA),Kashi Parakram (VRO- 119),,,No,
1612,POTATO,Kufri Lohit,,,No,
1613,COTTON,F 2743,,,No,
1614,INDIAN MUSTARD,RHH 2101,,,No,
1615,COTTON,DC-5417BG-II,,,No,
1616,PADDY (DHAN),CR Dhan 806 (VarsadhanSub1),,,No,
1617,GREEN GRAM,Dweep Mung -1,,,No,
1618,MAIZE (MAKKA),APQH 5,,,No,
1619,MAIZE (MAKKA),DHM 213 (Telangana Makka-6) (BH-417144),,,No,
1620,COTTON,33 SS 66 BG II,,,No,
1621,TOSSA JUTE,JRO-2024(Shanta),,,No,
1622,Maize (fodder),Master 1323 (FSM 2021-1),,,No,
1623,LENTIL (MASUR),Pant Pea 509,,,No,
1624,SPONGE GOURD,Thar Tapish (AHSG/2015/F5/01),,,No,
1625,COMMON MILLET (PROSO MILLET),Alluri (PMV 480),,,No,
1626,PADDY (DHAN),Warangal Vari-1246 (WGL 1246) (IET-28406),,,No,
1627,PIGEON PEA (RED GRAM/ARHAR),Pusa Jawahar Arhar Dwarf 22-01,,,No,
1628,BARLEY,Azad Barley-34 (KB- 2031),,,No,
1629,Bajra (Fodder),DFB-10 (VFB-10),,,No,
1630,PEARL MILLET,Pearl Millet Hybrid COH 10 (TNBH 1619) (Hybrid),,,No,
1631,WHEAT,Karan Saanvi (DBW- 443),,,No,
1632,INDIAN BEAN (DOLICHOS BEAN),PusaSem 6 (DB-15),,,No,
1633,PADDY (DHAN),RNE-0463 (NK7006) (IET- 30605),,,No,
1634,SOYBEAN,JS 23-09 (Jawahar Soybean 23-09),,,No,
1635,SORGHUM,DSH-7 (CSH-55) (SPH-1974),,,No,
1636,HS MESTA,AMV-11 (AHS-333),,,No,
1637,BOTTLE GOURD,Kashi Shubhara,,,No,
1638,CARROT,Krishna Prabha Vriddhi,,,No,
1639,GROUNDNUT,Groundnut CO- 8,,,No,
1640,PADDY (DHAN),PDKV Sakshi (IET-31949),,,No,
1641,MAIZE (MAKKA),Bioseed 9766,,,No,
1642,BLACK GRAM,Dweep Urd -1,,,No,
1643,PADDY (DHAN),JKRH-2082 Suraksha (JKRH-1135) (IET-30579),,,No,
1644,MAIZE (MAKKA),IQMH 206 (IQPMH-2108),,,No,
1645,PADDY (DHAN),CR Sankar Dhan-705 (Ganga) (IET- 29752),,,No,
1646,MAIZE (MAKKA),Pant Sankar Makka-7 (PSM-7) (DH-344),,,No,
1647,MAIZE (MAKKA),IQMH 209 (IQPMH-2105),,,No,
1648,MAIZE (MAKKA),APQH 1,,,No,
1649,COTTON,RVJK-SGF-1,,,No,
1650,PEARL MILLET,PA 9010 (MH 2631) (PB 1939),,,No,
1651,WHITE YAM,Rajendra Mishrikand-3,,,No,
1652,PADDY (DHAN),CR Dhan 805 (Naveen Shakti) [IET 29203],,,No,
1653,PADDY (DHAN),CSR 64 (CSR TPB 99) (IET-27866),,,No,
1654,PADDY (DHAN),DRR Dhan 88 (IET- 28070),,,No,
1655,SAFFLOWER,Phule Siddhi (SSF-18-69),,,No,
1656,MAIZE (MAKKA),CP Golden Sweet Super (Misthi),,,No,
1657,MAIZE (MAKKA),CP.111,,,No,
1658,MAIZE (MAKKA),Harlal-24,,,No,
1659,PEAS,HPF 1709,,,No,
1660,LITTLE MILLET,CLMV 3(LMV 539),,,No,
1661,PADDY (DHAN),CRDhan-704 (Shyamdev),,,No,
1662,BENGAL GRAM (CHICK PEA),Pusa Sumangala BGD- 133,,,No,
1663,CORIANDER,Karan Dhaniya-1 (Rcr-565/UD-565),,,No,
1664,MAIZE (MAKKA),VL Biofortified Maize Hybrid 201 (VL Suposhita) ,,,No,
1665,MAIZE (MAKKA),IQMH 211 (IQPMH-2113),,,No,
1666,ONION,tesdddd,,,No,
1667,BENGAL GRAM (CHICK PEA),PDKV – Super Jaki (AKG 1402),,,No,
1668,COMMON MILLET (PROSO MILLET),FXV- 652 (GPUF-16) (CFXMV-3),,,No,
1669,SORGHUM,CSV 63F (SPV-2884),,,No,
1670,MAIZE (MAKKA),HPC-4,,,No,
1671,GLADIOLUS,Pusa Sinduri ,,,No,
1672,FINGER MILLET (RAGI),VL Mandua 410 (CFMV 8) (FMV 1209),,,No,
1673,LITTLE MILLET,GV-5 (Mavli),,,No,
1674,SUGARCANE (NOBLE CANE),Rudrur Cheruku- 81,,,No,
1675,OAT,HFO- 1014,,,No,
1676,PADDY (DHAN),KKM 1 (IET-30079),,,No,
1677,PADDY (DHAN),CR Dhan 808 (IET 28834) (CRR 809-11-1-9-B),,,No,
1678,MAIZE (MAKKA),DKC-8333,,,No,
1679,PADDY (DHAN),CR Dhan 328,,,No,
1680,PADDY (DHAN),Telangana Rice-35105 (RNR 35105) (IET-36041),,,No,
1681,SORGHUM,CSV 66SS (SPV- 2890),,,No,
1682,PEARL MILLET,ICMB 13222,,,No,
1683,MAIZE (MAKKA),DM 9229 (HM-22201),,,No,
1684,MAIZE (MAKKA),P3309 (PM 22117),,,No,
1685,COTTON,Chhava BG-II (BGCH-2001 BG-II),,,No,
1686,PADDY (DHAN),Musafir HTW-30-IR 90257-B-273-1-B-B (IET-28374),,,No,
1687,COTTON,KCH 9228 BGII,,,No,
1688,MAIZE (MAKKA),Pant Sankar Makka-8 (PSM-8) (DH-346),,,No,
1689,PADDY (DHAN),Dweep Dhan-7,,,No,
1690,PEARL MILLET,APHB 126 (MH 2682),,,No,
1691,PADDY (DHAN),DRR Dhan 85 (IET- 32054),,,No,
1692,MAIZE (MAKKA),DHM 218 (Telangana Makka-7) (BH-417189),,,No,
1693,PADDY (DHAN),CR Dhan 335 (IET-30754),,,No,
1694,PADDY (DHAN),ICAR NEH TRC 739 (IET- 30772),,,No,
1695,ONION,NHRDF K-883,,,No,
1696,TOBACCO,1353 (LSTC 9) (FCRH 11),,,No,
1697,INDIAN BEAN (DOLICHOS BEAN),Kashi Bouni Sem-14 (VRBSEM-14),,,No,
1698,WHEAT,GW- 543,,,No,
1699,BENGAL GRAM (CHICK PEA),Raj Vijay Kabuli Gram (RVKG-2024),,,No,
1700,CAPSICUM,Apporva,,,No,
1701,MAIZE (MAKKA),DKC-9144,,,No,
1702,OAT,OL- 1949,,,No,
1703,PADDY (DHAN),Kampasagar Vari-6251 (KPS-6251) (IET 29975),,,No,
1704,RADISH,Him Palam Mooli-1,,,No,
1705,PADDY (DHAN),DRR Dhan 91 (IET- 32061),,,No,
1706,Maize (fodder),MAH 15-84,,,No,
1707,PADDY (DHAN),RNE-0456 (NK7104) (IET- 30603),,,No,
1708,PADDY (DHAN),DRR Dhan 89 (Super Swarna) (IET- 32064),,,No,
1709,PADDY (DHAN),Pusa Rice Hybrid 60 (Pusa RH 60) (IET-28965),,,No,
1710,MAIZE (MAKKA),VNR-4445 (VNR-37706),,,No,
1711,NIGER (RAMTIL),OUAT Kalinga Niger-1 (Prabhat) (ONS-175),,,No,
1712,PADDY (DHAN),RRX 3366 (IET- 30574),,,No,
1713,MAIZE (MAKKA),1035D923-01 (PM21204L),,,No,
1714,Bajra (Fodder),PCB-169 (FBL-7),,,No,
1715,SUNFLOWER,KBSH-90,,,No,
1716,GROUNDNUT,Gujarat Groundnut- 24 (SorathUrja),,,No,
1717,MAIZE (MAKKA),Gujarat Maize Hybrid 5 (GMH 5: Panam Gold) (GYH-19,,,No,
1718,MAIZE (MAKKA),HQPM-29,,,No,
1719,WHEAT,WH-1306,,,No,
1720,MAIZE (MAKKA),TMMH-2882,,,No,
1721,MAIZE (MAKKA),Sikkim Organic Maize Composite-4/ SKOMC-4 (KDM-35),,,No,
1722,RAJMA (PULSES),BR-39,,,No,
1723,SUGARCANE (NOBLE CANE),CoN- 18071 (GNS-13) (Madhuri),,,No,
1724,COTTON,CICR B Cotton 55 (CCB 51-2) (Hybrid),,,No,
1725,PEARL MILLET,PPMI 1239,,,No,
1726,RAJMA (PULSES),Shalimar Rajmash 3,,,No,
1727,Bajra (Fodder),PHBF 5 (PCB-168),,,No,
1728,WHEAT,HD 3390,DELHI,62.36 - 62.65 Qt/Ha,Yes,Late
1729,CHILLIES,Dr. YSRHU- Kranti (LCA-657),ANDHRA PRADESH,44 - 50 Qt/Ha,Yes,Late
1730,LENTIL (MASUR),IPL- 341 (Jagrati),,,No,
1731,COTTON,C 9403 BG-II,,,No,
1732,TURMERIC,GN Turmeric-1 (GNT-1) (NVST-37),GUJARAT,198+ Qt/Ha,Yes,Late
1733,INDIAN MUSTARD,Kesari Gold (31J3403),,,No,
1734,PEARL MILLET,AHB 1200 Fe (MH 2072 (AHB 1200),"RAJASTHAN, GUJARAT, HARYANA, PUNJAB, DELHI, MAHARASHTRA, TELANGANA, TAMIL NADU",31.7 - 31.7 Qt/Ha,Yes,Medium
1735,PADDY (DHAN),NPH 8899,"BIHAR, ASSAM, UTTAR PRADESH",53 - 54 Qt/Ha,Yes,Medium
1736,COWPEA (PULSES),karan chanwala 1 (CPD119),RAJASTHAN,7 - 8 Qt/Ha,Yes,Early
1737,MAIZE (MAKKA),Hi-Brix 53 (ADVSW-2),MADHYA PRADESH,136 - 140 Qt/Ha,Yes,Medium
1738,AMARANTHUS,Kashi Suhaavani (VRAM-42),UTTAR PRADESH,240 - 260 Qt/Ha,Yes,Late
1739,INDIAN BEAN (DOLICHOS BEAN),Kashi Khushal (VRSEM-3) (IIVR SEM-03),UTTAR PRADESH,387 - 390 Qt/Ha,Yes,Early
1740,PADDY (DHAN),JR 10,MADHYA PRADESH,55 - 60 Qt/Ha,Yes,Medium
1741,INDIAN BEAN (DOLICHOS BEAN),Chhattisgarh Sem-1,CHHATTISGARH,155 - 156 Qt/Ha,Yes,Late
1742,ONION,Pusa Shobha (Sel.126),"DELHI, UTTAR PRADESH, HARYANA, BIHAR, PUNJAB, RAJASTHAN, GUJARAT, MADHYA PRADESH, CHHATTISGARH, ODISHA",190 - 220 Qt/Ha,Yes,Medium
1743,LETTUCE,Phule Padma *GKL-2),MAHARASHTRA,298 - 300 Qt/Ha,Yes,Early
1744,BHINDI (OKRA),Phule Vimukta GKOK-S-4 (GKOS-12-5),MAHARASHTRA,200 - 210 Qt/Ha,Yes,Medium
1745,AMARANTHUS,Amaranthus PLR 1 (A8),TAMIL NADU,800 - 900 Qt/Ha,Yes,Early
1746,POTATO,Kufri Lima CP4054 (CIP 397065.28),"BIHAR, DELHI, HIMACHAL PRADESH, HARYANA, PUNJAB, GOA, CHHATTISGARH, GUJARAT",55 - 56 Qt/Ha,Yes,Medium
1747,PADDY (DHAN),KPH-459) (IET 24888),"GUJARAT, MAHARASHTRA",50 - 55 Qt/Ha,Yes,Medium
1748,BENGAL GRAM (CHICK PEA),JGK-5,,,No,
1749,MAIZE (MAKKA),Gujarat Anand Sweet Corn Hybrid 11 (GASCH 11: Madh,GUJARAT,120 - 133 Qt/Ha,Yes,Medium
1750,PADDY (DHAN),27P36,"CHHATTISGARH, ODISHA, JHARKHAND, UTTAR PRADESH, BIHAR",10 - 20 Qt/Ha,Yes,Medium
1751,BENGAL GRAM (CHICK PEA),PBG 8,PUNJAB,20 - 22 Qt/Ha,Yes,Medium
1752,BAJRA NAPIER HYBRID,DHN-15,KARNATAKA,910 - 1360 Qt/Ha,Yes,Perennial
1753,INDIAN MUSTARD,Kesari 5111 (PCJ03-401),,,No,
1754,PADDY (DHAN),S9002 (NK17508) (IET 24904),"MAHARASHTRA, HARYANA, JHARKHAND, UTTAR PRADESH",63 - 65 Qt/Ha,Yes,Early
1755,SOYBEAN,KBS 23,KARNATAKA,25 - 30 Qt/Ha,Yes,Early
1756,ONION,Pusa Soumya (Sel. BO-4),"BIHAR, CHANDIGARH, CHHATTISGARH, DELHI, HARYANA, PUNJAB, UTTAR PRADESH",250 - 260 Qt/Ha,Yes,Medium
1757,BENGAL GRAM (CHICK PEA),GBM 2,KARNATAKA,12 - 16 Qt/Ha,Yes,Medium
1758,PIGEON PEA (RED GRAM/ARHAR),Pusa Arhar 2018-2,"PUNJAB, HARYANA, DELHI, RAJASTHAN, UTTAR PRADESH",18 - 19 Qt/Ha,Yes,Early
1759,GARLIC,Yamuna safed-9 (G-386),"JAMMU, PUNJAB, DELHI, HARYANA, WEST BENGAL",200 - 250 Qt/Ha,Yes,Medium
1760,PADDY (DHAN),BS 158 (Arize Swift),MADHYA PRADESH,48 - 55 Qt/Ha,Yes,Medium
1761,LITTLE MILLET,Jawahar Kutki 4 (JK 4),MADHYA PRADESH,10 - 15 Qt/Ha,Yes,Medium
1762,PEARL MILLET,MBP-2,KARNATAKA,27.15 - 27.15 Qt/Ha,Yes,Medium
1763,SORGHUM,HTJH 3208 (SPH 1778) (HTJH3208),"ANDAMAN AND NICOBAR ISLANDS, ANDHRA PRADESH, ARUNACHAL PRADESH, ASSAM, BIHAR, CHANDIGARH, CHHATTISGARH, DADRA AND NAGAR HAVELI, DAMAN AND DIU, DELHI, GOA, GUJARAT, HARYANA, HIMACHAL PRADESH, JAMMU, JAMMU AND KASHMIR, JHARKHAND, KARNATAKA, KASHMIR, KERALA, LADAKH, LAKSHADWEEP, MADHYA PRADESH, MAHARASHTRA, MANIPUR, MEGHALAYA, MIZORAM, NAGALAND, ODISHA, PUDUCHERRY, PUNJAB, RAJASTHAN, SIKKIM, TAMIL NADU, TELANGANA, TRIPURA, UTTARAKHAND, UTTAR PRADESH, WEST BENGAL",45 - 47 Qt/Ha,Yes,Medium
1764,SORGHUM,HTJH 3301 (SPH 1779) (HTJH 3301),"ANDAMAN AND NICOBAR ISLANDS, ANDHRA PRADESH, ARUNACHAL PRADESH, ASSAM, BIHAR, CHANDIGARH, CHHATTISGARH, DADRA AND NAGAR HAVELI, DAMAN AND DIU, DELHI, GOA, GUJARAT, HARYANA, HIMACHAL PRADESH, JAMMU, JAMMU AND KASHMIR, JHARKHAND, KARNATAKA, KASHMIR, KERALA, LADAKH, LAKSHADWEEP, MADHYA PRADESH, MAHARASHTRA, MANIPUR, MEGHALAYA, MIZORAM, NAGALAND, ODISHA, PUDUCHERRY, PUNJAB, RAJASTHAN, SIKKIM, TAMIL NADU, TELANGANA, TRIPURA, UTTARAKHAND, UTTAR PRADESH, WEST BENGAL",36 - 45 Qt/Ha,Yes,Medium
1765,PADDY (DHAN),Ajit (IET 22066),"UTTARAKHAND, MAHARASHTRA, TAMIL NADU",47 - 48 Qt/Ha,Yes,Early
1766,GREEN GRAM,Kanika (IPM 302-2),UTTAR PRADESH,5 - 6 Qt/Ha,Yes,Medium
1767,JACK FRUIT,PLR (J) 2 (AH 2),TAMIL NADU,16 - 20 Qt/Ha,Yes,Late
1768,BITTER GOURD,DBGS-34,"BIHAR, CHANDIGARH, DELHI, HARYANA, PUNJAB, UTTAR PRADESH",90 - 95 Qt/Ha,Yes,Early
1769,CASSAVA (TAPIOCA),Tapioca YTP 1,TAMIL NADU,495 - 500 Qt/Ha,Yes,Medium
1770,BRINJAL,Gujarat Junagarh Brinjal Hybird-4 (GJBH-4),GUJARAT,340 - 428 Qt/Ha,Yes,Medium
1771,PADDY (DHAN),CR Dhan 309 (IET 25345)(IR95797-CR3847-2-1-1-1-1),"ASSAM, CHHATTISGARH, UTTAR PRADESH",46 - 47 Qt/Ha,Yes,Early
1772,WHEAT,Pusa Wheat 1620 (HI 1620),"PUNJAB, HARYANA, DELHI, RAJASTHAN, UTTAR PRADESH, JAMMU AND KASHMIR, HIMACHAL PRADESH, UTTARAKHAND",45 - 50 Qt/Ha,Yes,Medium
1773,PEARL MILLET,HHB 272 (MH1837) (Hybrid),"RAJASTHAN, HARYANA, GUJARAT",24.21 - 24.21 Qt/Ha,Yes,Early
1774,GREEN GRAM,ML 1808,PUNJAB,10 - 11.2 Qt/Ha,Yes,Medium
1775,COTTON,CICR-H Bt Cotton 50 (ICAR-CICR Bt 14)(CPT),MAHARASHTRA,26 - 34 Qt/Ha,Yes,Medium
1776,COTTON,ICAR-CICR BT 25 (ICAR-H BT COTTON 52),"ANDHRA PRADESH, TAMIL NADU, TELANGANA, KARNATAKA",15 - 17 Qt/Ha,Yes,Medium
1777,COTTON,ICAR-CICR BT 21 (ICAR-H BT COTTON 51),"MAHARASHTRA, MADHYA PRADESH, GUJARAT",10 - 11 Qt/Ha,Yes,Medium
1778,COTTON,NHH-44 BG II,"MAHARASHTRA, GUJARAT, MADHYA PRADESH",16 - 17 Qt/Ha,Yes,Medium
1779,SORGHUM,JAICAR HEERA (CSV 36/SPV 2301),"TAMIL NADU, TELANGANA, ANDHRA PRADESH, RAJASTHAN, GUJARAT",24 - 30 Qt/Ha,Yes,Medium
1780,COTTON,G.COT.HY-26 BG-II: SORATHSWET KANCHAN,"GUJARAT, MAHARASHTRA, MADHYA PRADESH",19 - 20 Qt/Ha,Yes,Medium
1781,COTTON,GUJARAT ANAND DESI COTTON 4 (WAGED RESHAM),GUJARAT,13 - 16 Qt/Ha,Yes,Medium
1782,COTTON,ARBHB-1601,"KARNATAKA, ANDHRA PRADESH, TELANGANA, TAMIL NADU",20 - 21 Qt/Ha,Yes,Late
1783,INDIAN MUSTARD,Pant Girija (PYS 2012-6),UTTARAKHAND,10 - 11 Qt/Ha,Yes,Medium
1784,COTTON,RS 2818,"RAJASTHAN, PUNJAB, HARYANA",30 - 39 Qt/Ha,Yes,Medium
1785,LENTIL (MASUR),Kota Masoor-1 (RKL 607-1),"MADHYA PRADESH, UTTAR PRADESH, RAJASTHAN, MAHARASHTRA, CHHATTISGARH, GUJARAT",13 - 15 Qt/Ha,Yes,Early
1786,COTTON,C 9333 BG II,"GUJARAT, MADHYA PRADESH, MAHARASHTRA",19 - 20 Qt/Ha,Yes,Medium
1787,SOYBEAN,VL Soya 89 (VLS 89),"UTTARAKHAND, HIMACHAL PRADESH",23 - 24 Qt/Ha,Yes,Late
1788,BHINDI (OKRA),Pusa Bhindi-5 (DOV-66),"BIHAR, CHANDIGARH, HARYANA, HIMACHAL PRADESH, JAMMU AND KASHMIR, JHARKHAND, KASHMIR, UTTAR PRADESH, PUNJAB, RAJASTHAN",18 - 20 Qt/Ha,Yes,Early
1789,WHEAT,SHUATS- W 15 (AAI- W 15),UTTAR PRADESH,45 - 50 Qt/Ha,Yes,Early
1790,SOYBEAN,Pant Soybean 21 (PS 1480),UTTARAKHAND,38 - 40 Qt/Ha,Yes,Medium
1791,LENTIL (MASUR),PL -9,,,No,
1792,GARLIC,AAS-2 (Vannur Local),KARNATAKA,59 - 69 Qt/Ha,Yes,Perennial
1793,PEAS,IPFD 13-2,UTTAR PRADESH,14.09 - 15.95 Qt/Ha,Yes,Early
1794,BLACK GRAM,Mukundra Urd-2 (KPU 405),"HARYANA, PUNJAB, HIMACHAL PRADESH, UTTARAKHAND, RAJASTHAN",10 - 11 Qt/Ha,Yes,Medium
1795,COTTON,PRAVIR (MC5403 BGH),"PUNJAB, HARYANA",36 - 41 Qt/Ha,Yes,Early
1796,MANGO,Phule Abhiruchi (Selection GKPM-5),MAHARASHTRA,135 - 280 Qt/Ha,Yes,Perennial
1797,COWPEA (VEGETABLE),Gujarat Danitwada Vegetable Copea-2 (GDVC-2),GUJARAT,103 - 120 Qt/Ha,Yes,Medium
1798,SUGARCANE (NOBLE CANE),Sahaj-3 (CoS- 12232),"UTTAR PRADESH, UTTARAKHAND, HARYANA, PUNJAB, RAJASTHAN",880 - 900 Qt/Ha,Yes,Late
1799,COTTON,SAMIR BGII,,,No,
1800,PIGEON PEA (RED GRAM/ARHAR),Mannemkonda Kandi (ICPH 2740),,,No,
1801,PIGEON PEA (RED GRAM/ARHAR),Ujwala (PRG 176),,,No,
1802,PEAS,IPFD 16-3,UTTAR PRADESH,16 - 17 Qt/Ha,Yes,Medium
1803,COTTON,RCH 846 BG II,"PUNJAB, HARYANA, RAJASTHAN",36 - 38 Qt/Ha,Yes,Medium
1804,COTTON,HS 292,"ANDHRA PRADESH, TELANGANA, TAMIL NADU, KARNATAKA",23 - 24 Qt/Ha,Yes,Medium
1805,COTTON,KCH 307 BG II,"HARYANA, PUNJAB, RAJASTHAN",35 - 37 Qt/Ha,Yes,Medium
1806,COTTON,KCH 305 BG II,"TAMIL NADU, TELANGANA, ANDHRA PRADESH, KARNATAKA",23.62 - 25 Qt/Ha,Yes,Medium
1807,COTTON,ARCH 501 BG II,"MADHYA PRADESH, MAHARASHTRA, GUJARAT",19 - 22 Qt/Ha,Yes,Medium
1808,COTTON,RCH 938 BG II,"PUNJAB, HARYANA, RAJASTHAN",37 - 39 Qt/Ha,Yes,Early
1809,COTTON,SP 7670 BGII,"MAHARASHTRA, MADHYA PRADESH, GUJARAT, ODISHA",15 - 17 Qt/Ha,Yes,Medium
1810,COTTON,NEO 1655 BG II,"ANDHRA PRADESH, TELANGANA, KARNATAKA, TAMIL NADU",,Yes,Early
1811,COTTON,NBC 1821 BG II,"TELANGANA, ANDHRA PRADESH, KARNATAKA, TAMIL NADU",25 - 27 Qt/Ha,Yes,Early
1812,COTTON,ACH-171-2 BG II,"MADHYA PRADESH, MAHARASHTRA",12.45 - 15 Qt/Ha,Yes,Late
1813,COTTON,RCH 951 BG II,"PUNJAB, HARYANA, RAJASTHAN",39.27 - 42 Qt/Ha,Yes,Medium
1814,COTTON,ARCH 777 BG II,"MAHARASHTRA, MADHYA PRADESH, GUJARAT",18 - 22 Qt/Ha,Yes,Late
1815,COTTON,NEO 1635 BG II,"ANDHRA PRADESH, KARNATAKA, KERALA, TAMIL NADU",18 - 22 Qt/Ha,Yes,Early
1816,COTTON,GN.Cot.-26 (GVHB 170),GUJARAT,16 - 17 Qt/Ha,Yes,Late
1817,COTTON,BIO 6524 BG II,RAJASTHAN,25 - 30 Qt/Ha,Yes,Medium
1818,COTTON,MC5516 BGII,"ANDHRA PRADESH, TELANGANA, KARNATAKA, TAMIL NADU",19 - 21 Qt/Ha,Yes,Medium
1819,COTTON,BIO GHH 324-2 BG II (BIO 6324 BG II),MADHYA PRADESH,13 - 15 Qt/Ha,Yes,Medium
1820,TURMERIC,GNT-2 (NVST-64),GUJARAT,280 - 300 Qt/Ha,Yes,Late
1821,COTTON,MC5431 BGII,"ANDHRA PRADESH, KARNATAKA, TELANGANA, TAMIL NADU",24 - 26 Qt/Ha,Yes,Medium
1822,GROUNDNUT,BSR 2 (BSG 0912)(INS I 2013-8),TAMIL NADU,2222 - 2360 Qt/Ha,Yes,Medium
1823,COTTON,Raichur Shakthi-455 (RAHH-455),"ANDHRA PRADESH, KARNATAKA, TAMIL NADU",14 - 20 Qt/Ha,Yes,Medium
1824,COTTON,F2228,,,No,
1825,COTTON,F2383,,,No,
1826,COTTON,Phule Asmita (RHH-0917),"MADHYA PRADESH, MAHARASHTRA, GUJARAT",8 - 9 Qt/Ha,Yes,Medium
1827,COTTON,SVPR 5 (TSH-0250),,,No,
1828,LINSEED,LSL-93,MAHARASHTRA,9 - 10 Qt/Ha,Yes,Early
1829,LINSEED,Kota Alsi-6,,,No,
1830,SOYBEAN,PDKV YELLOW GOLD (AMS 1001),MAHARASHTRA,21 - 22 Qt/Ha,Yes,Early
1831,SOYBEAN,IS 138 (NRC 138),"MADHYA PRADESH, UTTAR PRADESH, RAJASTHAN, GUJARAT, MAHARASHTRA",17 - 17.89 Qt/Ha,Yes,Early
1832,PIGEON PEA (RED GRAM/ARHAR),IPA-206,UTTAR PRADESH,11 - 15 Qt/Ha,Yes,Medium
1833,SOYBEAN,Uttarakhand Black Soybean (VL Bhat-202),UTTARAKHAND,15 - 18 Qt/Ha,Yes,Late
1834,SOYBEAN,Jwahar Soybean 20-98 (JS 20-98),"MADHYA PRADESH, UTTAR PRADESH, GUJARAT, MAHARASHTRA",20 - 25 Qt/Ha,Yes,Medium
1835,SOYBEAN,Jawahar Soybean- 20-116 (JS 20-116),"BIHAR, ASSAM, MADHYA PRADESH",20 - 21 Qt/Ha,Yes,Early
1836,PIGEON PEA (RED GRAM/ARHAR),GT-102,GUJARAT,15 - 16 Qt/Ha,Yes,Medium
1837,BAJRA NAPIER HYBRID,BNH-11 (BAIF Napier Hybrid-11),"PUNJAB, HARYANA, RAJASTHAN, MAHARASHTRA, GUJARAT, UTTAR PRADESH, MADHYA PRADESH, CHHATTISGARH, TAMIL NADU, KARNATAKA, KERALA, ANDHRA PRADESH, TELANGANA",1219 - 1250 Qt/Ha,Yes,Late
1838,BAJRA NAPIER HYBRID,BNH-14 (BAIF Napier Hybrid-14),"PUNJAB, HARYANA, RAJASTHAN, TAMIL NADU, KARNATAKA, KERALA, ANDHRA PRADESH, TELANGANA",1317 - 1400 Qt/Ha,Yes,Perennial
1839,BAJRA NAPIER HYBRID,CO 6 (TNCN 1280),TAMIL NADU,812+ Qt/Ha,Yes,Medium
1840,TORIA,TAPESHWARI ( TK 06-1),,,No,
1841,SORGHUM,CSV 34 (SPV 2307),"MAHARASHTRA, KARNATAKA, MADHYA PRADESH, GUJARAT",37 - 38 Qt/Ha,Yes,Medium
1842,BERSEEM (EGYPTIAN CLOVER),BUNDEL BERSEEM-5 (JHB-17-2),"UTTAR PRADESH, UTTARAKHAND, RAJASTHAN, PUNJAB, HARYANA, WEST BENGAL, JHARKHAND, BIHAR, ODISHA",866 - 1012 Qt/Ha,Yes,Late
1843,LUCERNE (ALFALFA),TSHL-1 (Telangana Dasharath),"MAHARASHTRA, GUJARAT, MADHYA PRADESH, CHANDIGARH",420 - 424 Qt/Ha,Yes,Medium
1844,PADDY (DHAN),GR 18 (DEVLI KOLAM),GUJARAT,54 - 58 Qt/Ha,Yes,Early
1845,PADDY (DHAN),CR Dhan 317 (Roshan),ODISHA,54 - 55 Qt/Ha,Yes,Medium
1846,WHEAT,PBW 869,PUNJAB,56 - 71 Qt/Ha,Yes,Medium
1847,COTTON,MR-786,,,No,
1848,TOSSA JUTE,Shweta (BCCC-1),"WEST BENGAL, ASSAM, BIHAR, ODISHA",25 - 30 Qt/Ha,Yes,Late
1849,OAT,OL 1861,"PUNJAB, HARYANA, RAJASTHAN, ASSAM, JHARKHAND, BIHAR, ODISHA, UTTAR PRADESH, GUJARAT, MAHARASHTRA, MADHYA PRADESH, TELANGANA, KARNATAKA, TAMIL NADU",21.4 - 24 Qt/Ha,Yes,Medium
1850,MAIZE (MAKKA),PAC 753,,,No,
1851,RICE BEAN (RED BEAN),Shyamalima (JCR-7-20),,,No,
1852,SAFFLOWER,RVSAF 14-1 (RAJ VIJAY SAFFLOWER),MADHYA PRADESH,17 - 18 Qt/Ha,Yes,Medium
1853,CARROT,Gujarat Dantewada Carrot-1 (GDC-1),GUJARAT,440 - 448 Qt/Ha,Yes,Medium
1854,COTTON,NANDYAL COTTON-24 (NDLH 2051-1),"MADHYA PRADESH, BIHAR",11 - 13 Qt/Ha,Yes,Medium
1855,BUFFEL GRASS (ANJAN GRASS),"CO 6CO 6,CO 6,CO 6 (TNCN 1280),CO 6,CO 6",,,No,
1856,Sorghum (fodder),CSV 35F (SPV 2317) (UTFS 85),"MAHARASHTRA, TAMIL NADU, KARNATAKA, MADHYA PRADESH, DELHI, GUJARAT, RAJASTHAN, UTTARAKHAND, UTTAR PRADESH, HARYANA, PUNJAB",535 - 600 Qt/Ha,Yes,Medium
1857,PIGEON PEA (RED GRAM/ARHAR),GRG 811 (Dharamaraj),KARNATAKA,11 - 15 Qt/Ha,Yes,Medium
1858,PIGEON PEA (RED GRAM/ARHAR),GNP-2 (BP-06-33),GUJARAT,12 - 14 Qt/Ha,Yes,Medium
1859,MAIZE (MAKKA),Shalimar QPMH-1 (KDQH-49),JAMMU AND KASHMIR,55 - 56 Qt/Ha,Yes,Early
1860,MAIZE (MAKKA),Shalimar Sweet Corn-1 (KDM-1263SC),JAMMU AND KASHMIR,106 - 107 Qt/Ha,Yes,Early
1861,MAIZE (MAKKA),Gujarat Anand Yellow Maize Hybrid 3 (GAYMH 3) (GYH-0363),,,No,
1862,Sorghum (fodder),CSV 40F (SPV 2387),"MAHARASHTRA, KARNATAKA, TAMIL NADU",430 - 450 Qt/Ha,Yes,Medium
1863,Sorghum (fodder),Fodder Sorghum CO 31 (TNFS 0952),RAJASTHAN,8 - 9 Qt/Ha,Yes,Early
1864,Maize (fodder),J 1007 (PFM 10),PUNJAB,411 - 413 Qt/Ha,Yes,Medium
1865,Maize (fodder),LadhowalPoporn Hybrid 2 (LPCH 2) (IMHP 1535) (Hybrid),"RAJASTHAN, MADHYA PRADESH, CHHATTISGARH, GUJARAT",26 - 28 Qt/Ha,Yes,Early
1866,LITTLE MILLET,Chhattisgarh Sonkutki (BL-41-3),CHHATTISGARH,14 - 15 Qt/Ha,Yes,Medium
1867,COWPEA (FODDER),MFC-09-3,KARNATAKA,279 - 321 Qt/Ha,Yes,Medium
1868,ONION,Bhima Light Red,"KARNATAKA, TAMIL NADU",300 - 383 Qt/Ha,Yes,Medium
1869,ONION,Gujarat Anand White Onion-2 (GAWO-2),GUJARAT,595 - 600 Qt/Ha,Yes,Early
1870,SUGARCANE (NOBLE CANE),COVC 16061,KARNATAKA,1400 - 1500 Qt/Ha,Yes,Early
1871,HS MESTA,AMV-9 (Aditya) (AHS-230),"ANDHRA PRADESH, BIHAR, ODISHA, MAHARASHTRA, WEST BENGAL",28 - 30 Qt/Ha,Yes,Medium
1872,CAULIFLOWER,Pusa Kartiki (DC 23000),"UTTAR PRADESH, UTTARAKHAND, PUNJAB, DELHI, HARYANA, JAMMU AND KASHMIR, JAMMU, HIMACHAL PRADESH",250 - 300 Qt/Ha,Yes,Early
1873,SUGARCANE (NOBLE CANE),CoLK 09204 (Ikshu-3),"PUNJAB, HARYANA, UTTARAKHAND, UTTAR PRADESH, RAJASTHAN",93 - 94 Qt/Ha,Yes,Late
1874,SUGARCANE (NOBLE CANE),CoVSI 03102,MAHARASHTRA,12.9 - 13 Qt/Ha,Yes,Late
1875,SUGARCANE (NOBLE CANE),Co 12029 (KARAN 13),"HARYANA, PUNJAB, RAJASTHAN, UTTARAKHAND, UTTAR PRADESH",110 - 115 Qt/Ha,Yes,Late
1876,SUGARCANE (NOBLE CANE),Co 09022 (Karan 12),,,No,
1877,SUGARCANE (NOBLE CANE),Gujarat Sugarcane-5 (CoN 05071),,,No,
1878,SUGARCANE (NOBLE CANE),Gujarat Sugarcane-6 (CoN 05072),,,No,
1879,SUGARCANE (NOBLE CANE),CoC 25,TAMIL NADU,1120 - 1400 Qt/Ha,Yes,Early
1880,GRAIN AMARANTHUS,KBGA-4,KARNATAKA,20 - 22 Qt/Ha,Yes,Medium
1881,CHILLIES,Parbhani Mirchi (PBNC-1),MAHARASHTRA,125 - 130 Qt/Ha,Yes,Medium
1882,COTTON,RHB-0711(Phule Dhara),,,No,
1883,PEARL MILLET,Phule Mahashakti (DHBH 1211/MH 2078),MAHARASHTRA,25.81 - 25.81 Qt/Ha,Yes,Late
1884,CABBAGE,Pusa Hybrid-81,,,No,
1885,POINTED GOURD (PARWAL),Kashi Amulya (VRPG-89),UTTAR PRADESH,209 - 210 Qt/Ha,Yes,Medium
1886,SUNFLOWER,COH 3 (CSFH 12205),,,No,
1887,PEARL MILLET,PA 9072 (MH 2082) (PB 1756),"GUJARAT, HARYANA, RAJASTHAN",26 - 27 Qt/Ha,Yes,Early
1888,SUGARCANE (NOBLE CANE),PHULE 10001 (MS 13081),MAHARASHTRA,1185 - 1500 Qt/Ha,Yes,Early
1889,BROAD BEAN (FABA BEAN),HAVFB-41 (Swarna Safal),JHARKHAND,20 - 24 Qt/Ha,Yes,Medium
1890,PEARL MILLET,BIO 8145 (MH 1970),"RAJASTHAN, GUJARAT, HARYANA, PUNJAB, MADHYA PRADESH, UTTAR PRADESH, DELHI",36 - 37 Qt/Ha,Yes,Late
1891,PEARL MILLET,PHB 2884,PUNJAB,33.06 - 33.06 Qt/Ha,Yes,Late
1892,PUMPKIN,Kashi Shishir (VRPKH-1),UTTAR PRADESH,400 - 450 Qt/Ha,Yes,Early
1893,COTTON,DSC 1651,,,No,
1894,WHITE YAM,Shri Haritha (DrH 657),KERALA,460 - 480 Qt/Ha,Yes,Medium
1895,COLOCASIA,Godavari Chema Kovvur Colocasia Selection- 3 (KCS-3),"ANDHRA PRADESH, TELANGANA",290 - 300 Qt/Ha,Yes,Early
1896,INDIAN MUSTARD,Raj Vijay Mustard 1,MADHYA PRADESH,13 - 23 Qt/Ha,Yes,Early
1897,COTTON,BS 30,"GUJARAT, MAHARASHTRA, RAJASTHAN, MADHYA PRADESH, ODISHA",15.4 - 18.85 Qt/Ha,Yes,Medium
1898,MUSK MELON,Pusa Madhurima (DM-159-1),DELHI,220 - 230 Qt/Ha,Yes,Medium
1899,RIDGE GOURD,Kashi Shivani (VRPG-27),"BIHAR, PUNJAB, UTTAR PRADESH, JHARKHAND",180 - 200 Qt/Ha,Yes,Medium
1900,BLACK GRAM,Birsa Urd 2 (RUB 12-02),JHARKHAND,12 - 14 Qt/Ha,Yes,Medium
1901,INDIAN MUSTARD,Bayer Mustard 5222 (Pro 5222),,,No,
1902,SOYBEAN,Basara (ASB-22),TELANGANA,31 - 32 Qt/Ha,Yes,Medium
1903,COTTON,Phule JLA-0603 (JLA -0603),"TAMIL NADU, KARNATAKA, ANDHRA PRADESH",15 - 16 Qt/Ha,Yes,Medium
1904,GARLIC,Bhima Omkar,,,No,
1905,SUMMER SQUASH,Kashi Subhangi (VRSS-06-12),UTTAR PRADESH,550 - 600 Qt/Ha,Yes,Medium
1906,SOYBEAN,NRC 127,"MADHYA PRADESH, GUJARAT, RAJASTHAN, UTTAR PRADESH, MAHARASHTRA",18 - 18.5 Qt/Ha,Yes,Medium
1907,GARLIC,Gujarat Junagadh Garlic-5 (GJG-5),GUJARAT,79 - 80 Qt/Ha,Yes,Medium
1908,TORIA,Raj Vijay Toria 2 (RMT 08-2),MADHYA PRADESH,11.19 - 15.4 Qt/Ha,Yes,Medium
1909,SOYBEAN,NRC 132,"KARNATAKA, TELANGANA, ANDHRA PRADESH, TAMIL NADU, CHHATTISGARH, JHARKHAND, WEST BENGAL, BIHAR",20 - 22 Qt/Ha,No,Medium
1910,SUNFLOWER,PDKVSH-952,MAHARASHTRA,12 - 13 Qt/Ha,Yes,Medium
1911,SORGHUM,SMJ-1 (Hurda variety),KARNATAKA,7 - 8 Qt/Ha,Yes,Late
1912,SUNFLOWER,PSH 1962,PUNJAB,25 - 30 Qt/Ha,Yes,Medium
1913,SAFFLOWER,RVSAF 18-1 (RAJ VIJAY SAFFLOWER 18-1),"MAHARASHTRA, KARNATAKA, ANDHRA PRADESH, MADHYA PRADESH, BIHAR, ODISHA",17 - 20 Qt/Ha,Yes,Medium
1914,COTTON,ATCH-704 BG II,"GUJARAT, MAHARASHTRA, MADHYA PRADESH",19 - 20 Qt/Ha,Yes,
1915,BRINJAL,Gujarat Anand Brinjal Hybrid-3 (GABH-3),GUJARAT,613 - 615 Qt/Ha,Yes,Early
1916,COTTON,JLA-505,,,No,
1917,COTTON,CO-14,,,No,
1918,TOSSA JUTE,Bidhan PAT-5 (BCCC-2),,,No,
1919,COTTON,"JRK-2013-2 JBMP 4 (UTKARSH),JRK-2013-2 JBMP 4 (UTK","WEST BENGAL, ODISHA, ANDHRA PRADESH, BIHAR, MAHARASHTRA, ASSAM, TRIPURA",43 - 44 Qt/Ha,Yes,Medium
1920,COTTON,Gujarat Cotton Hybrid-22 (G. Cot.Hy.22) (GJHH-4),GUJARAT,28 - 29 Qt/Ha,Yes,Medium
1921,COTTON,SCS 1061,"MADHYA PRADESH, MAHARASHTRA",14 - 15 Qt/Ha,Yes,Medium
1922,COTTON,Central Cotton CCH 12-2 (Suchitra),"GUJARAT, MAHARASHTRA, MADHYA PRADESH, ODISHA",17 - 18 Qt/Ha,Yes,Medium
1923,BUFFEL GRASS (ANJAN GRASS),Jaisalmeri Sewan (RLSB-11-50),,25000 - 30000 Qt/Ha,No,
1924,SUGARCANE (NOBLE CANE),Co 06022 (06 Co 022),,,No,
1925,OAT,OL 1802-1,"HARYANA, PUNJAB, RAJASTHAN, UTTARAKHAND",18 - 19 Qt/Ha,Yes,Medium
1926,SUGARCANE (NOBLE CANE),Ikshu-5 CoLk 11203,"PUNJAB, HARYANA, UTTARAKHAND, RAJASTHAN",105 - 106 Qt/Ha,Yes,Early
1927,OAT,Bundel Jai 20122 (JHO 2012-2),"TELANGANA, ANDHRA PRADESH, KARNATAKA, TAMIL NADU",20 - 25 Qt/Ha,Yes,Medium
1928,CLUSTER BEAN,Karan Guar-2 (RGS-3) Forage,,,No,
1929,BUCK WHEAT,"GK 3150,GK 3150","RAJASTHAN, GUJARAT, CHHATTISGARH, MADHYA PRADESH",80 - 95 Qt/Ha,Yes,Late
1930,RICE BEAN (RED BEAN),Jawahar Rice bean 05-4 (Jawahar Rice bean-2),"MADHYA PRADESH, CHHATTISGARH",260 - 300 Qt/Ha,Yes,Early
1931,CARDAMOM,Appangala-2 (NHY 35),"KARNATAKA, KERALA",9 - 12 Qt/Ha,Yes,Medium
1932,WHEAT,DBW 296 (Karan Aishwaraya),"DELHI, HARYANA, JAMMU AND KASHMIR, PUNJAB, RAJASTHAN, UTTAR PRADESH, UTTARAKHAND, HIMACHAL PRADESH",56 - 73 Qt/Ha,Yes,Medium
1933,COTTON,NANDYAL COTTON-23 (NDLH 2028-2),"ANDHRA PRADESH, TAMIL NADU, TELANGANA",12 - 13 Qt/Ha,Yes,Medium
1934,COTTON,C 352 BG II,"PUNJAB, HARYANA, RAJASTHAN",37 - 38 Qt/Ha,Yes,Medium
1935,COTTON,SOLAR 106 BG II,"GUJARAT, MAHARASHTRA, MADHYA PRADESH, RAJASTHAN",18 - 20 Qt/Ha,Yes,Medium
1936,COTTON,C 366 BG II,"GUJARAT, MAHARASHTRA, MADHYA PRADESH",20 - 21 Qt/Ha,Yes,Early
1937,COTTON,CICR- B Cotton 37 (CCB-51),"TAMIL NADU, TELANGANA, ANDHRA PRADESH, KARNATAKA",19.32 - 21.5 Qt/Ha,Yes,Early
1938,COTTON,Phule Mahi (RHB-1122) (SZ) (CZ),"KARNATAKA, ANDHRA PRADESH, TAMIL NADU",5.2 - 5.6 Qt/Ha,Yes,Late
1939,BRINJAL,Kashi Vijay (IVBL-23),"UTTAR PRADESH, JHARKHAND, PUNJAB, BIHAR",350 - 400 Qt/Ha,Yes,Early
1940,TOSSA JUTE,JRCJ-11,"WEST BENGAL, ODISHA, BIHAR, ASSAM",24 - 25 Qt/Ha,Yes,Medium
1941,PADDY (DHAN),BRRI Dhan 75 (Hua 565) (IET 24459),"ASSAM, WEST BENGAL, TRIPURA",45 - 61 Qt/Ha,Yes,Early
1942,PADDY (DHAN),Kalinga Dhan-1204,ODISHA,50 - 60 Qt/Ha,Yes,Medium
1943,PADDY (DHAN),"CR Dhan 412 (NICRA Dhan, Luna Ambika)",ODISHA,35 - 45 Qt/Ha,Yes,Late
1944,PADDY (DHAN),Kalinga Dhan-1501,"ODISHA, WEST BENGAL",42 - 43 Qt/Ha,Yes,Late
1945,PADDY (DHAN),Kampasagar Vari-1 (IET 27816),TELANGANA,64 - 65 Qt/Ha,Yes,Medium
1946,PIGEON PEA (RED GRAM/ARHAR),Rajendra Arhar-1 (DA-2012-1),BIHAR,26 - 30 Qt/Ha,Yes,Late
1947,POTATO,Kufri Ganga MS/6-1947 ( CPRI NO..CP4477 ),"DELHI, GUJARAT, GOA, HARYANA, HIMACHAL PRADESH, MAHARASHTRA",380 - 420 Qt/Ha,Yes,Medium
1948,BHINDI (OKRA),Kashi Shrishthi (VROH-12),UTTAR PRADESH,180 - 190 Qt/Ha,Yes,Medium
1949,PEARL MILLET,PCB 165 (GBL 2),PUNJAB,28.41 - 28.41 Qt/Ha,Yes,Late
1950,SESAME (GINGELLY),Gujarat Junagarh Til-5 (GJT 5),GUJARAT,10 - 13 Qt/Ha,Yes,Late
1951,BHINDI (OKRA),Gujarat Okra-6 (GO-6) (JOL-11-12),GUJARAT,125 - 130 Qt/Ha,Yes,Medium
1952,RIDGE GOURD,Kashi Khushi (VRS-1),UTTAR PRADESH,130 - 135 Qt/Ha,Yes,Early
1953,TOMATO,KTH-304 (Kaveri Tomato Hybrid-304),"PUNJAB, UTTAR PRADESH, BIHAR, JHARKHAND",800 - 900 Qt/Ha,Yes,Medium
1954,FINGER MILLET (RAGI),Chhattisgarh Ragi-3 (FMV-1102)(BR-14-3),"ASSAM, BIHAR, CHHATTISGARH, JHARKHAND, UTTARAKHAND, MADHYA PRADESH",24 - 32 Qt/Ha,Yes,Medium
1955,KODO MILLET,Gujarat Kodo Millet 4 (Dahod Kodra),GUJARAT,26 - 28 Qt/Ha,Yes,Medium
1956,WHEAT,HD 3293,"BIHAR, JHARKHAND, UTTAR PRADESH",38 - 40 Qt/Ha,Yes,Medium
1957,BHINDI (OKRA),Jammu-Okra -05 (Seli Special),JAMMU,124 - 130 Qt/Ha,Yes,Early
1958,MAIZE (MAKKA),Pant Poporn 1 (DPCH-306),"UTTARAKHAND, JAMMU AND KASHMIR, HIMACHAL PRADESH, ARUNACHAL PRADESH, ASSAM, MANIPUR, MEGHALAYA, MIZORAM",39.75 - 49.97 Qt/Ha,Yes,Medium
1959,POTATO,Kufri Mohan,"HARYANA, UTTAR PRADESH, ODISHA, BIHAR, WEST BENGAL",350 - 400 Qt/Ha,Yes,Medium
1960,MAIZE (MAKKA),Ladhowal Baby Corn Hybrid 3 (LBCH 3) (DMRHB 1305) (Hybrid),"HIMACHAL PRADESH, JAMMU AND KASHMIR, UTTARAKHAND, MEGHALAYA, SIKKIM, ASSAM, TRIPURA, NAGALAND, MANIPUR, ARUNACHAL PRADESH",13 - 14 Qt/Ha,Yes,Early
1961,SUGARCANE (NOBLE CANE),COPB 96,PUNJAB,85 - 90 Qt/Ha,Yes,Early
1962,MAIZE (MAKKA),GPMH- 1101,KARNATAKA,75 - 80 Qt/Ha,Yes,Early
1963,BARLEY,KB- 1425 (Azad Barley- 33),UTTAR PRADESH,23 - 25 Qt/Ha,Yes,Medium
1964,MAIZE (MAKKA),Pant Sankar Makka - 6 (PSM-6) (DH-296),UTTARAKHAND,75 - 80 Qt/Ha,Yes,Medium
1965,CORIANDER,Ajmer Coriander-1 (ACR-1),RAJASTHAN,11 - 12 Qt/Ha,Yes,Medium
1966,BARLEY,RD-2899,"CHHATTISGARH, GUJARAT, MADHYA PRADESH, RAJASTHAN, UTTAR PRADESH",42 - 43 Qt/Ha,Yes,Early
1967,SUGARCANE (NOBLE CANE),COPB 95,PUNJAB,460 - 470 Qt/Ha,Yes,Early
1968,SUGARCANE (NOBLE CANE),CoBln 02173(22/94) DOIYANG,,,No,
1969,PEARL MILLET,Central Pearl Millet Hybrid BHB- 1602 (MH 2192)),"HARYANA, RAJASTHAN, GUJARAT",25.29 - 25.29 Qt/Ha,Yes,Early
1970,PADDY (DHAN),BS129G (Arize 6129 Gold),CHHATTISGARH,25 - 27 Qt/Ha,Yes,Early
1971,SPINACH,Jammu Spinach Beet-07,JAMMU,150 - 160 Qt/Ha,Yes,Medium
1972,LINSEED,SABOUR TISI-2 (SABOUR-101),BIHAR,15 - 16 Qt/Ha,Yes,
1973,BLACK GRAM,Blackgram LBG 791,KARNATAKA,9 - 10 Qt/Ha,Yes,Medium
1974,BLACK GRAM,Kota Urd 3 (KPU 524-65),RAJASTHAN,11.98 - 15.12 Qt/Ha,Yes,Medium
1975,BLACK GRAM,Pant Urd 7 (PU 10-16),UTTARAKHAND,8 - 9 Qt/Ha,Yes,Medium
1976,BENGAL GRAM (CHICK PEA),IPCK 13-163 (Madhav) Kabuli,"PUNJAB, RAJASTHAN, UTTAR PRADESH, UTTARAKHAND, JAMMU AND KASHMIR, DELHI, HARYANA",18 - 19 Qt/Ha,Yes,Late
1977,PEA (VEGETABLE),Pusa Shree (GP-17),"UTTARAKHAND, HIMACHAL PRADESH, JAMMU AND KASHMIR",85 - 100 Qt/Ha,Yes,Early
1978,SORGHUM,GJ-42 (SR-666-1),,,No,
1979,PADDY (DHAN),CR DHAN-319,"BIHAR, ODISHA",60 - 70 Qt/Ha,Yes,Medium
1980,PADDY (DHAN),SWARNA SUKHA DHAN (IET 24692),JHARKHAND,35 - 44 Qt/Ha,Yes,Early
1981,PADDY (DHAN),CR DHAN-318 (IET 27803),"BIHAR, WEST BENGAL, UTTARAKHAND, HARYANA",52 - 53 Qt/Ha,Yes,Early
1982,PADDY (DHAN),Jammu Basmati 118 (SJBR 118),"JAMMU, JAMMU AND KASHMIR",33 - 33.5 Qt/Ha,Yes,Early
1983,WATERMELON,CAZRI Kalingada-1(CAZJK-13-2),"GUJARAT, RAJASTHAN",,Yes,Medium
1984,PADDY (DHAN),Punjab Basmati -5 (RYT 3432) (IET26153),PUNJAB,37 - 38 Qt/Ha,Yes,Medium
1985,PADDY (DHAN),Punjab Basmati -4 (RYT 3404) (IET25399,PUNJAB,43 - 44 Qt/Ha,Yes,Medium
1986,PADDY (DHAN),Malviya Sugandh Dhan HUR-917 (HUR 917),,,No,
1987,PADDY (DHAN),VL 7620,UTTARAKHAND,20 - 25 Qt/Ha,Yes,Early
1988,PADDY (DHAN),BIO 799 (IET 22919) (BIO-453),"BIHAR, ODISHA, JHARKHAND, WEST BENGAL, UTTAR PRADESH",60 - 100 Qt/Ha,Yes,Medium
1989,PADDY (DHAN),Inglongkiri (AAUDR 9301-14-1) IET 17452 IC-559417,,,No,
1990,PADDY (DHAN),GRH-2 (NVSR-H-1011),,,No,
1991,PADDY (DHAN),PAN-2423,WEST BENGAL,66 - 67 Qt/Ha,Yes,Early
1992,PADDY (DHAN),"JRH-19,JRH-19",,,No,
1993,MAIZE (MAKKA),Pratap Hybrid Maize-3 (PH-1974),"RAJASTHAN, GUJARAT, CHHATTISGARH, MADHYA PRADESH",55 - 56 Qt/Ha,Yes,Medium
1994,PIGEON PEA (RED GRAM/ARHAR),Gujarat Junagadh Pigeonpea-1 (GJP-1),,,No,
1995,PADDY (DHAN),VGD 1 (VG 09006) (IET 24606),,,No,
1996,PADDY (DHAN),Pusa Basmati-1985,"DELHI, UTTAR PRADESH, UTTARAKHAND, HARYANA, JAMMU AND KASHMIR",67 - 68 Qt/Ha,Yes,Early
1997,Greater Yam,Sree Neelima (Da 331),KERALA,330 - 350 Qt/Ha,Yes,Medium
1998,WHEAT,PBW 757,"DELHI, HARYANA, HIMACHAL PRADESH, JAMMU AND KASHMIR, UTTARAKHAND, UTTAR PRADESH, PUNJAB, RAJASTHAN",36 - 40 Qt/Ha,Yes,Medium
1999,SPONGE GOURD,Pusa Shresrha (DSGH-9),"DELHI, HARYANA, RAJASTHAN, UTTAR PRADESH",200 - 220 Qt/Ha,Yes,Medium
2000,AMARANTHUS,KBGA-1,,,No,
2001,RADISH,Pusa Jamuni (IPC PuPu),"DELHI, HARYANA, UTTAR PRADESH, PUNJAB, MADHYA PRADESH",500 - 520 Qt/Ha,Yes,Early
2002,MANGO,Pusa Pratibha [Hybrid H-1-1 (Amrapali x Sensation)],"DELHI, UTTARAKHAND, UTTAR PRADESH, CHHATTISGARH, HIMACHAL PRADESH, MADHYA PRADESH, PUNJAB, RAJASTHAN, WEST BENGAL, JHARKHAND, ODISHA",150 - 160 Qt/Ha,Yes,Medium
2003,ACID LIME,Pusa Abhinav (ALC-40),"DELHI, UTTAR PRADESH, PUNJAB, RAJASTHAN, MADHYA PRADESH, JHARKHAND, HARYANA, BIHAR",150 - 180 Qt/Ha,Yes,Medium
2004,ACID LIME,Ganganaga Acid Lime- 1,RAJASTHAN,250 - 277 Qt/Ha,Yes,Medium
2005,BLACK GRAM,Gujarat Urdbean 3 (GU-3: Anjani),GUJARAT,9 - 11 Qt/Ha,Yes,Medium
2006,COCONUT,"Mahuva,Mahuva",,,No,
2007,PADDY (DHAN),Bhupesh (IET 23324) (CN 1752-18-1-9-MLD19),"TRIPURA, TAMIL NADU, ODISHA, BIHAR",59 - 61 Qt/Ha,Yes,Medium
2008,PADDY (DHAN),27P37 PR 14101 (IET 24844),"CHHATTISGARH, MADHYA PRADESH, MAHARASHTRA",55 - 65 Qt/Ha,Yes,Medium
2009,PADDY (DHAN),GNRH-1 (NVSR-H-1003,GUJARAT,50 - 55 Qt/Ha,Yes,Early
2010,COTTON,BGDS 1033,"KARNATAKA, TAMIL NADU, ANDHRA PRADESH",20 - 25 Qt/Ha,Yes,Late
2011,COWPEA (PULSES),PANT GRAIN COWPEA-7 (PGCP-24),"KERALA, KARNATAKA, TAMIL NADU, ANDHRA PRADESH",11 - 12 Qt/Ha,Yes,Early
2012,COWPEA (PULSES),JAMMU LOBIA SUPER 60,JAMMU,12 - 14 Qt/Ha,Yes,Early
2013,PADDY (DHAN),DRR DHAN 59,"ANDHRA PRADESH, TELANGANA, TAMIL NADU, KARNATAKA, JHARKHAND",54 - 56 Qt/Ha,Yes,Medium
2014,PADDY (DHAN),DRR DHAN 58,"ANDHRA PRADESH, TELANGANA, TAMIL NADU, KARNATAKA, ODISHA, CHHATTISGARH, JHARKHAND, BIHAR, GUJARAT, MAHARASHTRA",50 - 60 Qt/Ha,Yes,Medium
2015,PADDY (DHAN),DRR DHAN 57,"CHHATTISGARH, JHARKHAND",47 - 51 Qt/Ha,Yes,Medium
2016,WHEAT,GW 451,,,No,
2017,WHEAT,Central Wheat HS- 562,,,No,
2018,MAIZE (MAKKA),ADV 7132 (ADV 765),"PUNJAB, HARYANA, DELHI, UTTARAKHAND, UTTAR PRADESH",88 - 100 Qt/Ha,Yes,Medium
2019,PADDY (DHAN),PUSA BASMATI 1885,"DELHI, HARYANA, UTTARAKHAND",44 - 46 Qt/Ha,Yes,Medium
2020,WHEAT,MACS 4028 (d),"MAHARASHTRA, KARNATAKA",19 - 30 Qt/Ha,Yes,Early
2021,PADDY (DHAN),HUR-1304 (Malviya Dhan-1304) (IET 23985),UTTAR PRADESH,35 - 36 Qt/Ha,Yes,Early
2022,FENNEL,Amer Fenne-2 (AF-2),"GUJARAT, RAJASTHAN, MADHYA PRADESH, UTTAR PRADESH, WEST BENGAL",17 - 18 Qt/Ha,Yes,Medium
2023,BHINDI (OKRA),Bhendi Hybrid CO 4,TAMIL NADU,250 - 255 Qt/Ha,Yes,Medium
2024,PADDY (DHAN),DRR DHAN 60,"ANDHRA PRADESH, TELANGANA, TAMIL NADU, KARNATAKA, ODISHA, CHHATTISGARH, JHARKHAND, BIHAR, GUJARAT, MAHARASHTRA",40 - 60 Qt/Ha,Yes,Medium
2025,COLOCASIA,Chhattisgarh Shakhen Bunda-1 (IGB-5),CHHATTISGARH,31 - 44 Qt/Ha,Yes,Medium
2026,PADDY (DHAN),Shalimar Rice-5 (SKUA-402),KASHMIR,45 - 50 Qt/Ha,Yes,Early
2027,PADDY (DHAN),DRR Dhan 51 (IET 25484),"UTTAR PRADESH, GUJARAT, TELANGANA, CHHATTISGARH",45 - 60 Qt/Ha,Yes,Late
2028,PADDY (DHAN),Sikkim Dhan-3 (IET 25539),SIKKIM,20 - 30 Qt/Ha,Yes,Medium
2029,PADDY (DHAN),CG Tejaswi Dhan (IGKV DH Rice-1),CHHATTISGARH,68 - 69 Qt/Ha,Yes,Medium
2030,TURMERIC,Rashmi (PTS-9),"ODISHA, ANDHRA PRADESH, TELANGANA, MADHYA PRADESH, MAHARASHTRA, CHANDIGARH",31 - 32 Qt/Ha,Yes,Medium
2031,Greater Yam,Sree Hima (TGy 12-1) (Da 406),KERALA,380 - 400 Qt/Ha,Yes,Medium
2032,PADDY (DHAN),CR Dhan 205 (IET 22737),"TAMIL NADU, GUJARAT, ODISHA, MADHYA PRADESH, PUNJAB",36 - 38 Qt/Ha,Yes,Early
2033,AJWAIN (BISHOPS WEED),Ajmer Ajwain-93 (AA-93),RAJASTHAN,9 - 10 Qt/Ha,Yes,Early
2034,AJWAIN (BISHOPS WEED),Ajmer Celery-2 (A-Cel-2),RAJASTHAN,6 - 10 Qt/Ha,Yes,Medium
2035,PADDY (DHAN),KPH 467,"CHHATTISGARH, MADHYA PRADESH, MAHARASHTRA",21 - 33 Qt/Ha,Yes,Medium
2036,GREEN GRAM,Azad Moong 1 (KM 2342),UTTAR PRADESH,5 - 6 Qt/Ha,Yes,Medium
2037,GREEN GRAM,MH- 1142,"UTTAR PRADESH, BIHAR, JHARKHAND, ASSAM, WEST BENGAL, UTTARAKHAND, HARYANA, RAJASTHAN, DELHI",11 - 11.5 Qt/Ha,Yes,Medium
2038,SESAME (GINGELLY),JAGTIALA TIL 2 (JCS 2454),TELANGANA,8 - 10 Qt/Ha,Yes,Late
2039,GREEN GRAM,IPM 512-1,"UTTAR PRADESH, BIHAR, JHARKHAND, WEST BENGAL",12 - 13 Qt/Ha,Yes,Medium
2040,SESAME (GINGELLY),MT-2013-3 (BUAT TIL-1),,,No,
2041,PADDY (DHAN),Kau Pournami (MO 23),KERALA,70 - 75 Qt/Ha,Yes,Medium
2042,GREEN GRAM,IPM 312-20,UTTAR PRADESH,6 - 7 Qt/Ha,Yes,Medium
2043,PEAS,TRCP 9,,,No,
2044,PIGEON PEA (RED GRAM/ARHAR),Gujarat Tur 106 (Mahi),GUJARAT,18 - 19 Qt/Ha,Yes,Medium
2045,PEAS,Harit (IPF 16-13),,,No,
2046,WHEAT,MP 3382(JW 3382),,,No,
2047,PADDY (DHAN),BNKR-3(SAMPRITI) IET-21987,WEST BENGAL,40 - 45 Qt/Ha,Yes,Late
2048,WHEAT,UAS-334,KARNATAKA,49 - 52 Qt/Ha,Yes,Medium
2049,PADDY (DHAN),CR Dhan 316 (CRRI Gaurav-1),ODISHA,56 - 57 Qt/Ha,Yes,Medium
2050,PADDY (DHAN),TELANGANA VARI 4,,,No,
2051,LENTIL (MASUR),RVL 13-5 (Raj Vijay Lentil 13-5),"MADHYA PRADESH, CHHATTISGARH, RAJASTHAN",12 - 14 Qt/Ha,Yes,Medium
2052,LENTIL (MASUR),PDL-1,"PUNJAB, HARYANA, DELHI, UTTAR PRADESH",9 - 9.5 Qt/Ha,Yes,Medium
2053,LENTIL (MASUR),IPL 321,UTTAR PRADESH,14 - 15 Qt/Ha,Yes,Medium
2054,LENTIL (MASUR),L-4729,"MADHYA PRADESH, UTTAR PRADESH, RAJASTHAN, CHHATTISGARH",47 - 48 Qt/Ha,Yes,Early
2055,LENTIL (MASUR),Jammu Lentil 71,JAMMU AND KASHMIR,14 - 15 Qt/Ha,Yes,Medium
2056,LENTIL (MASUR),Jammu Lentil 144,JAMMU AND KASHMIR,16 - 17 Qt/Ha,Yes,Early
2057,COTTON,CICR B COTTON 45 (CCB 143B),"TAMIL NADU, ANDHRA PRADESH, KARNATAKA",11 - 20 Qt/Ha,Yes,Medium
2058,LENTIL (MASUR),Shalimar Masoor-3,KASHMIR,11 - 13 Qt/Ha,Yes,Medium
2059,PADDY (DHAN),MTU 1212,"ANDHRA PRADESH, TELANGANA",62 - 65 Qt/Ha,Yes,Medium
2060,PADDY (DHAN),KALINGA DHAN 1203 (IET 27117),"CHHATTISGARH, ODISHA",50 - 51 Qt/Ha,Yes,Medium
2061,PADDY (DHAN),GR-15 (NVSR-6121),,,No,
2062,PADDY (DHAN),Chhattisgarh Rice Hybrid-2 (IRH 103) (IET 24956),CHHATTISGARH,51.44 - 53 Qt/Ha,Yes,Late
2063,WHEAT,AAI-W9 (SHIATS-W9),UTTAR PRADESH,38 - 40 Qt/Ha,Yes,Early
2064,AMARANTHUS,Gujarat Amaranth 6 (SKNA 401),GUJARAT,11 - 12 Qt/Ha,Yes,Medium
2065,FINGER MILLET (RAGI),DHFM-78-3,KARNATAKA,34 - 37 Qt/Ha,Yes,Late
2066,INDIAN MUSTARD,RLC 3,PUNJAB,15 - 25 Qt/Ha,Yes,Medium
2067,FINGER MILLET (RAGI),GPU-66,KARNATAKA,35 - 40 Qt/Ha,Yes,Late
2068,INDIAN MUSTARD,Bayer Mustard 5450,UTTAR PRADESH,14 - 20 Qt/Ha,Yes,Medium
2069,FINGER MILLET (RAGI),GNN-6,,,No,
2070,COTTON,Phule JLA- 0906 (JLA-0906),"MAHARASHTRA, MADHYA PRADESH, GUJARAT, ODISHA",13.6 - 15.41 Qt/Ha,Yes,Medium
2071,COTTON,PA- 812,"MAHARASHTRA, GUJARAT, MADHYA PRADESH",12.49 - 13.73 Qt/Ha,Yes,Medium
2072,FINGER MILLET (RAGI),VL 380 (VL Mandua 380),UTTARAKHAND,18 - 20 Qt/Ha,Yes,Medium
2073,MAIZE (MAKKA),L 315 (Him Palam Maize Composite-1),"HIMACHAL PRADESH, JAMMU AND KASHMIR, UTTARAKHAND",58 - 63 Qt/Ha,Yes,Medium
2074,PADDY (DHAN),PUSA BASMATI 1847,"DELHI, PUNJAB, HARYANA, JAMMU AND KASHMIR, UTTAR PRADESH",50 - 50 Qt/Ha,Yes,Early
2075,PADDY (DHAN),GNR-8 (AARTI),GUJARAT,28 - 32 Qt/Ha,Yes,Medium
2076,PADDY (DHAN),CO 54 (CB 12588),TAMIL NADU,61 - 69 Qt/Ha,Yes,Early
2077,LINSEED,LMS-2015-31 (BUAT Alsi 4),"RAJASTHAN, MADHYA PRADESH, MAHARASHTRA, CHHATTISGARH, KARNATAKA, ODISHA",12 - 15 Qt/Ha,Yes,Medium
2078,PIGEON PEA (RED GRAM/ARHAR),GT-104 (NPMK-15-05),,,No,
2079,MAIZE (MAKKA),PMH7(JH3956),,,No,
2080,PADDY (DHAN),ADT 55,TAMIL NADU,57 - 59 Qt/Ha,Yes,Early
2081,PIGEON PEA (RED GRAM/ARHAR),Rajendra Arhar 2 (DA 15-11),"UTTAR PRADESH, BIHAR, JHARKHAND, ASSAM, WEST BENGAL",1924 - 2277 Qt/Ha,Yes,Late
2082,PIGEON PEA (RED GRAM/ARHAR),BDN-2013-41 (Godawari),MAHARASHTRA,19 - 24 Qt/Ha,Yes,Early
2083,PADDY (DHAN),RICE TRY 4 (TR 05031),TAMIL NADU,46 - 58 Qt/Ha,Yes,Medium
2084,COTTON,CCH- 666 BG II,"ANDHRA PRADESH, TELANGANA, TAMIL NADU, KARNATAKA",16 - 17 Qt/Ha,Yes,Early
2085,SOYBEAN,KBVS 1 (Karune),"KARNATAKA, TELANGANA, ANDHRA PRADESH, MAHARASHTRA",50 - 70 Qt/Ha,Yes,Early
2086,PIGEON PEA (RED GRAM/ARHAR),Pusa Arhar 2017-1,"PUNJAB, UTTAR PRADESH, RAJASTHAN, HARYANA, DELHI",13 - 14 Qt/Ha,Yes,Early
2087,PIGEON PEA (RED GRAM/ARHAR),Pant Arhar 7 (PA 477),UTTARAKHAND,14 - 21 Qt/Ha,Yes,Early
2088,PIGEON PEA (RED GRAM/ARHAR),Pusa Arhar 151 (Pusa 151),"ASSAM, BIHAR, JHARKHAND, WEST BENGAL, UTTAR PRADESH",20 - 21 Qt/Ha,Yes,Late
2089,PIGEON PEA (RED GRAM/ARHAR),WRGE-121,"TELANGANA, KARNATAKA, ANDHRA PRADESH, ODISHA, TAMIL NADU",25 - 26 Qt/Ha,Yes,Medium
2090,PIGEON PEA (RED GRAM/ARHAR),Gujarat Tur 105 (GT-105: Janki),GUJARAT,18 - 19 Qt/Ha,Yes,Early
2091,MAIZE (MAKKA),MAH 14-5,,,No,
2092,MAIZE (MAKKA),SHIATS Makka-2 (IVT DMR 262),UTTAR PRADESH,35 - 40 Qt/Ha,Yes,Medium
2093,LITTLE MILLET,Phule Ekadashi (KOPLM 83),,,No,
2094,PADDY (DHAN),Sahayadri-5,,,No,
2095,GROUNDNUT,DH-232,KARNATAKA,2500 - 3000 Qt/Ha,Yes,Medium
2096,SORGHUM,AKJ-1 (Flaking variety),KARNATAKA,10 - 12 Qt/Ha,Yes,Late
2097,CASTOR,ICH 5,"TELANGANA, ANDHRA PRADESH, KARNATAKA, TAMIL NADU, ODISHA, MAHARASHTRA",16 - 17 Qt/Ha,Yes,Medium
2098,GROUNDNUT,KALINGA GROUNDNUT 101,ODISHA,3170 - 3179 Qt/Ha,Yes,Late
2099,PIGEON PEA (RED GRAM/ARHAR),Birsa Arhar-2 (BAUPP09-22),JHARKHAND,25 - 30 Qt/Ha,Yes,Late
2100,NIGER (RAMTIL),JNS 2015-9,MADHYA PRADESH,53 - 122 Qt/Ha,Yes,Medium
2101,COTTON,CICR-A COTTON 46 (CNA 1054),"MAHARASHTRA, GUJARAT, MADHYA PRADESH",12 - 15 Qt/Ha,Yes,Medium
2102,MAIZE (MAKKA),RCRMH-2,KARNATAKA,63 - 65 Qt/Ha,Yes,Medium
2103,MAIZE (MAKKA),X35H270 (PM 16202L),"ANDHRA PRADESH, TAMIL NADU, TELANGANA, RAJASTHAN, MADHYA PRADESH, GUJARAT",40 - 50 Qt/Ha,Yes,Late
2104,LENTIL (MASUR),Pant Lentil 11 (P L 164),UTTARAKHAND,13 - 15 Qt/Ha,Yes,Medium
2105,PEARL MILLET,Harabhara (HTBH 4902),"TELANGANA, TAMIL NADU, ANDHRA PRADESH, KERALA",410.2 - 500 Qt/Ha,Yes,Late
2106,GROUNDNUT,Groundnut (Arachis hypogaea L.),,,No,
2107,SORGHUM,CSH 39 R (SPH 1801),,,No,
2108,BLACK GRAM,PDKV BLACKGOLD (AKU 10-1),MAHARASHTRA,10 - 11 Qt/Ha,Yes,Medium
2109,BENGAL GRAM (CHICK PEA),Phule Vishwaraj (Phule G-15109),MAHARASHTRA,15 - 16 Qt/Ha,Yes,Medium
2110,TURMERIC,UTTAR RANGINI (UBKV Turmaric-3),WEST BENGAL,270 - 280 Qt/Ha,Yes,Medium
2111,BLACK GRAM,Gujarat Urd 2 (GJU 1509),GUJARAT,10 - 11 Qt/Ha,Yes,Medium
2112,BENGAL GRAM (CHICK PEA),RLB Chana Kabuli-1 (RLBGK 1),"ANDHRA PRADESH, KARNATAKA, ODISHA, TELANGANA, TAMIL NADU",15.96 - 16.78 Qt/Ha,Yes,Medium
2113,BENGAL GRAM (CHICK PEA),Pusa Chickpea 10216 (BGM 10216),"MADHYA PRADESH, MAHARASHTRA, GUJARAT, UTTAR PRADESH",25 - 30 Qt/Ha,Yes,Early
2114,COWPEA (PULSES),TC-901,"GUJARAT, MADHYA PRADESH, MAHARASHTRA, RAJASTHAN, WEST BENGAL, UTTARAKHAND",10 - 12 Qt/Ha,Yes,Early
2115,LINSEED,JLS-79,MADHYA PRADESH,15 - 18 Qt/Ha,Yes,Medium
2116,WHEAT,PBW 677,PUNJAB,40 - 50 Qt/Ha,Yes,Medium
2117,SOYBEAN,SL 1074,"PUNJAB, HARYANA, UTTAR PRADESH, DELHI",19 - 20 Qt/Ha,Yes,Medium
2118,AMARANTHUS,Gujarat Amaranth 5 (SKGPA 61),"GUJARAT, JHARKHAND, MAHARASHTRA, RAJASTHAN",19 - 25 Qt/Ha,Yes,Medium
2119,LINSEED,RLC- 161,"JAMMU, HIMACHAL PRADESH, PUNJAB, CHHATTISGARH",12.62 - 13.57 Qt/Ha,Yes,Medium
2120,WHEAT,UP 2844,,,No,
2121,PIGEON PEA (RED GRAM/ARHAR),CG Arhar-2 (Savitri),CHHATTISGARH,13 - 20 Qt/Ha,Yes,Medium
2122,PIGEON PEA (RED GRAM/ARHAR),Hybrid: IPH 09-5,"RAJASTHAN, GUJARAT, HARYANA, PUNJAB",18 - 20 Qt/Ha,Yes,Early
2123,SOYBEAN,MACS 1460,"ASSAM, MANIPUR, MEGHALAYA, CHHATTISGARH, ODISHA, WEST BENGAL, TELANGANA, TAMIL NADU, KARNATAKA, MAHARASHTRA, ANDHRA PRADESH",21 - 35 Qt/Ha,Yes,Medium
2124,GROUNDNUT,Phule Unnati (RHRG- 6083),MAHARASHTRA,2854 - 3990 Qt/Ha,Yes,Late
2125,BATHUA,Kashi Bathua-4 (VRCHE-4)(BKS/BS-4),UTTAR PRADESH,37 - 43 Qt/Ha,Yes,Medium
2126,BATHUA,Pusa Green (Bathua Selection-2),"BIHAR, UTTAR PRADESH, JHARKHAND",368 - 380 Qt/Ha,Yes,Early
2127,PADDY (DHAN),Bauna Kalanamak-102,KARNATAKA,30 - 45 Qt/Ha,Yes,Late
2128,COTTON,Phule Suman (RHH-1007),"MAHARASHTRA, MADHYA PRADESH, GUJARAT",28 - 29 Qt/Ha,Yes,Medium
2129,SORGHUM,K-12,TAMIL NADU,31 - 32 Qt/Ha,Yes,Early
2130,COTTON,PKV 081 Bt/CICR-H Bt Cotton 40,MAHARASHTRA,24 - 25 Qt/Ha,Yes,Medium
2131,LINSEED,SABOUR TISI-3 (BRLS 107-1),"UTTAR PRADESH, BIHAR, JHARKHAND, WEST BENGAL, ASSAM, NAGALAND, MADHYA PRADESH, RAJASTHAN, MAHARASHTRA, CHHATTISGARH, ODISHA, KARNATAKA",4.7 - 5.7 Qt/Ha,Yes,Medium
2132,LINSEED,TL 99,,,No,
2133,COTTON,G.Cot.40 (Gujarat Cotton 40) (GSHV 172),"BIHAR, UTTAR PRADESH",22 - 23 Qt/Ha,Yes,Medium
2134,LINSEED,RL-15584 (Kota Barani Alsi-6),"HIMACHAL PRADESH, JAMMU, PUNJAB",16 - 17 Qt/Ha,Yes,Medium
2135,LINSEED,Kota Alsi-6 (RL 13165),"UTTAR PRADESH, BIHAR, ODISHA",12 - 17 Qt/Ha,Yes,Medium
2136,FRENCH BEAN (VEGETABLE),Kashi Sampann (VRFBB-1)(NR/BKS-1),UTTAR PRADESH,289 - 290 Qt/Ha,Yes,Early
2137,AERIAL YAM,CG Dang Kanda-1,CHHATTISGARH,120 - 150 Qt/Ha,Yes,Medium
2138,PADDY (DHAN),PUNJAB BASMATI 3,,,No,
2139,SAFFLOWER,SSF-12-40,,,No,
2140,PADDY (DHAN),TRIPURA JALA,,,No,
2141,SOYBEAN,AMS 100-39 (PDKV AMBA),"MADHYA PRADESH, RAJASTHAN, GUJARAT",20 - 21 Qt/Ha,Yes,Medium
2142,LINSEED,LCK 1611 (Aparna),"JAMMU AND KASHMIR, PUNJAB, HARYANA, HIMACHAL PRADESH",13 - 24 Qt/Ha,Yes,Medium
2143,TORIA,Raj Vijay Toria 3 (RVT 3) (RTM 08-6),"MADHYA PRADESH, UTTAR PRADESH",13.92 - 14.67 Qt/Ha,Yes,Medium
2144,SOYBEAN,IS 142 (NRC 142),"MADHYA PRADESH, RAJASTHAN, GUJARAT, MAHARASHTRA, KARNATAKA, TELANGANA, ANDHRA PRADESH",19 - 22 Qt/Ha,Yes,Medium
2145,SAFFLOWER,Phule Gold (SSF-15-65),"ANDHRA PRADESH, MAHARASHTRA, TELANGANA, KARNATAKA",16 - 17 Qt/Ha,Yes,Medium
2146,SOYBEAN,Raj Vijay Soybean (RVS 76),"MADHYA PRADESH, UTTAR PRADESH, RAJASTHAN, GUJARAT",20 - 23 Qt/Ha,Yes,Medium
2147,COTTON,Cotton Hybrid SVPR-1(TSHH-0629),,,No,
2148,FENUGREEK,AFg-5 (Ajmer Fenugreek-5),RAJASTHAN,171 - 172 Qt/Ha,Yes,Medium
2149,INDIAN MUSTARD,Sachita (YSWB-2014/2),,,No,
2150,COTTON,LD 1019,PUNJAB,23 - 24 Qt/Ha,Yes,Medium
2151,SUGARCANE (NOBLE CANE),Gujarat sugarcane-8 (CoN 07072),,,No,
2152,OAT,JO 05-304 (MULTI CUT),"MADHYA PRADESH, CHHATTISGARH, MAHARASHTRA, GUJARAT, RAJASTHAN, UTTAR PRADESH",560 - 590 Qt/Ha,Yes,Medium
2153,Maize (fodder),AH 7043,"ANDAMAN AND NICOBAR ISLANDS, ANDHRA PRADESH, ARUNACHAL PRADESH, ASSAM, BIHAR, JHARKHAND, KARNATAKA, KASHMIR, KERALA, LAKSHADWEEP, MAHARASHTRA, MANIPUR, MEGHALAYA, MIZORAM, NAGALAND, ODISHA, SIKKIM, TAMIL NADU, TELANGANA, TRIPURA, UTTARAKHAND, UTTAR PRADESH, WEST BENGAL",187 - 188 Qt/Ha,Yes,Medium
2154,Bajra (Fodder),IGPISH as BBS Hybrid-1 (VTPH-3),,,No,
2155,Bajra (Fodder),TSFB 15-8,"KERALA, KARNATAKA, ANDHRA PRADESH, TELANGANA, TAMIL NADU",11 - 12 Qt/Ha,Yes,Medium
2156,SUGARCANE (NOBLE CANE),COPB 98 (COPB 14185),"PUNJAB, HARYANA, RAJASTHAN, UTTARAKHAND, UTTAR PRADESH",115 - 127 Qt/Ha,Yes,Medium
2157,COTTON,NBHB-1851 (H x B) BG II,"KARNATAKA, TAMIL NADU",18 - 20 Qt/Ha,Yes,Late
2158,COTTON,ACH-955-2 BG II,"PUNJAB, HARYANA, RAJASTHAN",36 - 38 Qt/Ha,Yes,Late
2159,COTTON,ACH-900-2 BG II,"ANDHRA PRADESH, TAMIL NADU, KARNATAKA, TELANGANA",23 - 25 Qt/Ha,Yes,Late
2160,COTTON,LAHB Cotton - 1,"ANDHRA PRADESH, TAMIL NADU, TELANGANA, KARNATAKA",17 - 18 Qt/Ha,Yes,Medium
2161,SORGHUM,GUJARAT JOWAR 43 (GJ 43) (DS 127),GUJARAT,25 - 28 Qt/Ha,Yes,Medium
2162,BAJRA NAPIER HYBRID,Napier Bajra Hybrid PBN 346,PUNJAB,17 - 20 Qt/Ha,Yes,Medium
2163,SOYBEAN,MACS 1281,"ANDHRA PRADESH, MAHARASHTRA, TELANGANA, TAMIL NADU",25 - 26 Qt/Ha,Yes,Early
2164,HS MESTA,Central Roselle Ratna (CRIJAF R-5),,,No,
2165,BERSEEM (EGYPTIAN CLOVER),BUNDEL BERSEEM-6 (JHB-17-1),"UTTARAKHAND, PUNJAB, HARYANA, RAJASTHAN, WEST BENGAL, JHARKHAND, BIHAR, ODISHA, UTTAR PRADESH",835 - 840 Qt/Ha,Yes,Late
2166,SUGARCANE (NOBLE CANE),Sankalp (Co- 12009),"ANDHRA PRADESH, KERALA, TAMIL NADU, TELANGANA, MAHARASHTRA, MADHYA PRADESH, KARNATAKA, GUJARAT, CHHATTISGARH",173.1 - 174 Qt/Ha,Yes,Medium
2167,SUGARCANE (NOBLE CANE),CoPb91 (CoPb09181),PUNJAB,72 - 105 Qt/Ha,Yes,Medium
2168,Maize (fodder),JKMH 4222,"GUJARAT, MADHYA PRADESH, CHHATTISGARH, RAJASTHAN",58 - 60 Qt/Ha,Yes,Early
2169,SUGARCANE (NOBLE CANE),COLK 14204 (IKSHU-8),"PUNJAB, HARYANA, UTTARAKHAND, RAJASTHAN, UTTAR PRADESH",920 - 980 Qt/Ha,Yes,Medium
2170,PADDY (DHAN),Telangana Sona (RNR- 15048)(IET23746),,,No,
2171,BLACK GRAM,IPU 17-1,MADHYA PRADESH,9 - 12 Qt/Ha,Yes,Early
2172,SUGARCANE (NOBLE CANE),KALINGA SUGARCANE-346,ODISHA,1126 - 1222 Qt/Ha,Yes,Early
2173,PEARL MILLET,PROAGRO 9450 (BAYER 9450),UTTAR PRADESH,38 - 40 Qt/Ha,Yes,Late
2174,SUGARCANE (NOBLE CANE),PHULE 09057 (COM 12085),MAHARASHTRA,1439 - 1500 Qt/Ha,Yes,Medium
2175,SUGARCANE (NOBLE CANE),VCF 0517 (Bahubali),,,No,
2176,SOYBEAN,RVSM 2011-35 (RVSM 35),"MADHYA PRADESH, UTTAR PRADESH, RAJASTHAN, GUJARAT, MAHARASHTRA",20.4 - 23.77 Qt/Ha,Yes,Medium
2177,SUGARCANE (NOBLE CANE),Co 13013 (AKSHAYA),"ANDHRA PRADESH, GUJARAT, KARNATAKA, KERALA, MADHYA PRADESH, MAHARASHTRA, TAMIL NADU, TELANGANA",1200 - 1220 Qt/Ha,Yes,Medium
2178,GRAIN AMARANTHUS,Chhattisgarh Rajgira-1 (Ambika GA 12-1),CHHATTISGARH,11 - 12 Qt/Ha,Yes,Early
2179,BROWN SARSON,HPBS-1,,,No,
2180,TORIA,TL 17,PUNJAB,12 - 17 Qt/Ha,Yes,Early
2181,SUNFLOWER,PSH 2080,PUNJAB,19 - 21 Qt/Ha,Yes,Medium
2182,SUNFLOWER,Phule Bhaskar (SS-0808),MAHARASHTRA,15 - 20 Qt/Ha,Yes,Early
2183,PEARL MILLET,86M84 (MH1890),,,No,
2184,SAFFLOWER,Pride (ISF-1),,,No,
2185,OAT,HFO 611,"PUNJAB, HARYANA, UTTAR PRADESH, UTTARAKHAND",160 - 165 Qt/Ha,Yes,Medium
2186,OAT,HFO 529,"HIMACHAL PRADESH, UTTARAKHAND, JAMMU AND KASHMIR",320 - 330 Qt/Ha,Yes,Early
2187,SUGARCANE (NOBLE CANE),CoH160/ Haryana Ganna 160 [CoH 160 (CoH 09262)],HARYANA,700 - 800 Qt/Ha,Yes,Medium
2188,COTTON,KR-111,HARYANA,37 - 44.44 Qt/Ha,Yes,Early
2189,COCONUT,Vynateya Ganga (PHOT x GBGD),ANDHRA PRADESH,100 - 118 Qt/Ha,Yes,Late
2190,COCONUT,Kalpa Ratna (IND-010S),"KERALA, KARNATAKA, TAMIL NADU",145 - 150 Qt/Ha,Yes,Perennial
2191,COCONUT,Gautami Ganga Gangbondam Green Dwarf (GBGD),"ANDHRA PRADESH, TAMIL NADU",75 - 90 Qt/Ha,Yes,Medium
2192,Sorghum (fodder),CSH-43 (SPH-1881),"MAHARASHTRA, TELANGANA, TAMIL NADU, KARNATAKA",910 - 965 Qt/Ha,Yes,Early
2193,COTTON,ACH-945-2 BG II,"PUNJAB, HARYANA, RAJASTHAN",41 - 43 Qt/Ha,Yes,Early
2194,COTTON,Gujarat Junagadh Cotton-102 (GJ.Cot- 102) (GJHV-516),"MADHYA PRADESH, MAHARASHTRA, GUJARAT",19 - 20 Qt/Ha,Yes,Medium
2195,BLACK GRAM,Ghantasala Minumu 1 (GBG 1),ANDHRA PRADESH,13 - 14 Qt/Ha,Yes,Medium
2196,SUGARCANE (NOBLE CANE),CoG 6 (G 2005 019),,,No,
2197,PEA (VEGETABLE),Matar Ageta-7,PUNJAB,90 - 92 Qt/Ha,Yes,Early
2198,RICE BEAN (RED BEAN),KBR 1,KARNATAKA,12 - 14 Qt/Ha,Yes,Early
2199,OAT,JO 10-506,"ODISHA, BIHAR, JHARKHAND, UTTAR PRADESH, ASSAM, MANIPUR",224 - 240 Qt/Ha,Yes,Medium
2200,SOYBEAN,Pusa Soybean 06,DELHI,21 - 25 Qt/Ha,Yes,Late
2201,BERSEEM (EGYPTIAN CLOVER),BL 44 (PC 91),"UTTAR PRADESH, ODISHA, JHARKHAND, BIHAR, WEST BENGAL, HARYANA, RAJASTHAN, PUNJAB, UTTARAKHAND",770 - 840 Qt/Ha,Yes,Medium
2202,SOYBEAN,AMS 2014-1 (PDKV Purva),,,No,
2203,HS MESTA,AMV-10 (AHS 286),"ANDHRA PRADESH, BIHAR, MAHARASHTRA, ODISHA",26 - 28 Qt/Ha,Yes,Late
2204,BENGAL GRAM (CHICK PEA),Awadh (GNG 2207),"WEST BENGAL, UTTAR PRADESH, BIHAR, JHARKHAND, ASSAM, MANIPUR",16 - 17 Qt/Ha,Yes,
2205,ANJAN GRASS,CAZRI Anjan 2178 (CAZRI 2178),RAJASTHAN,108 - 110 Qt/Ha,Yes,Early
2206,SUGARCANE (NOBLE CANE),GNS-10 (2008 N 210) (CoN 13073),,,No,
2207,SUGARCANE (NOBLE CANE),SNK 07680 (CoSnk 13103) Hiranyakeshi,,,No,
2208,ONION,Pusa Riddhi (Sel-383),"BIHAR, UTTAR PRADESH, RAJASTHAN, MAHARASHTRA, DELHI",330 - 350 Qt/Ha,Yes,Medium
2209,SUGARCANE (NOBLE CANE),Karan 11 (Co 06034),,,No,
2210,SUGARCANE (NOBLE CANE),Ikshu-4 CoLk 11206,"PUNJAB, HARYANA, UTTARAKHAND, RAJASTHAN",112 - 115 Qt/Ha,Yes,Late
2211,BENGAL GRAM (CHICK PEA),BGD-111-1,,,No,
2212,PADDY (DHAN),VNR 2245 (IET 20716) (VNR 204),,,No,
2213,WHEAT,UP 2865,,,No,
2214,BENGAL GRAM (CHICK PEA),Gujarat Junagadh Gram 6 (GJG 6),GUJARAT,18 - 19 Qt/Ha,Yes,Medium
2215,PADDY (DHAN),Dubraj Selection -1,,,No,
2216,BARLEY,Central Barley DWRB123 (DWRB 123),"PUNJAB, RAJASTHAN, HARYANA, UTTAR PRADESH, DELHI",36 - 40 Qt/Ha,Yes,Medium
2217,ONION,Bhima Super (R&N),"CHHATTISGARH, DELHI, GUJARAT, HARYANA, JAMMU, KARNATAKA, MADHYA PRADESH, MAHARASHTRA, ODISHA, PUNJAB, RAJASTHAN, TAMIL NADU",200 - 220 Qt/Ha,Yes,Medium
2218,WHEAT,Pusa Wheat 3249 (HD 3249),"UTTAR PRADESH, BIHAR, JHARKHAND, WEST BENGAL",48 - 50 Qt/Ha,Yes,Medium
2219,PADDY (DHAN),KALINGA DHAN 1301,"ANDHRA PRADESH, TAMIL NADU",68 - 71 Qt/Ha,Yes,Medium
2220,PADDY (DHAN),MTU 1281,"KARNATAKA, TAMIL NADU, TELANGANA",,Yes,
2221,PADDY (DHAN),PR 129 (RYT 3468),PUNJAB,72 - 75 Qt/Ha,Yes,Medium
2222,PADDY (DHAN),TROMBAY CHHATTISGARH VISHNUBHOG MUTANT (TCVM),CHHATTISGARH,40 - 45 Qt/Ha,Yes,Medium
2223,PADDY (DHAN),PR 128 (RYT 3437),PUNJAB,75 - 78 Qt/Ha,Yes,Medium
2224,PADDY (DHAN),CHHATTISGARH DHAN 1919,CHHATTISGARH,58 - 62 Qt/Ha,Yes,Medium
2225,MAIZE (MAKKA),CP.999,"KARNATAKA, TAMIL NADU, TELANGANA, MAHARASHTRA",6 - 10 Qt/Ha,Yes,Late
2226,MAIZE (MAKKA),PMH 11 (JH 12063),,,No,
2227,MAIZE (MAKKA),Gujarat Anand Yellow Maize Hybrid-1 (GAYMH-1)(1h-0461/Gyh-0461),,,No,
2228,MAIZE (MAKKA),DKC 9126 (MCH 46),,,No,
2229,MAIZE (MAKKA),Saktiman-5 (MHQPM 09-08),"UTTAR PRADESH, BIHAR, JHARKHAND, WEST BENGAL, ODISHA, CHHATTISGARH",66 - 120 Qt/Ha,Yes,Medium
2230,MAIZE (MAKKA),GK 3150,"PUNJAB, HARYANA, DELHI, UTTAR PRADESH",95 - 98 Qt/Ha,Yes,Late
2231,MAIZE (MAKKA),Gujarat Anand White Maize Hybrid-2 (GAWMH-2),GUJARAT,56 - 60 Qt/Ha,Yes,Medium
2232,LITTLE MILLET,Chhattisgarh Kutki-2 (BL-4),,400 - 500 Qt/Ha,No,
2233,COTTON,PAU Bt 2,"PUNJAB, RAJASTHAN, HARYANA",18 - 19 Qt/Ha,Yes,Medium
2234,PEARL MILLET,JKBH 1105 (MSH 254),UTTAR PRADESH,46 - 55 Qt/Ha,Yes,Medium
2235,PEARL MILLET,JKBH-1100 (MH-1810),UTTAR PRADESH,43 - 53 Qt/Ha,Yes,Medium
2236,BENGAL GRAM (CHICK PEA),IPC 2010-134 (Shiva),UTTAR PRADESH,17 - 20 Qt/Ha,Yes,Medium
2237,SORGHUM,CSH 35,,,No,
2238,BENGAL GRAM (CHICK PEA),Karan Kabuli- 4 (CSJK 174),"ANDHRA PRADESH, TELANGANA, TAMIL NADU, KARNATAKA",13 - 13.5 Qt/Ha,Yes,Early
2239,SORGHUM,BJV 44 (SPV 2034)),KARNATAKA,22 - 25 Qt/Ha,Yes,Late
2240,SORGHUM,SPV-2217,KARNATAKA,15 - 18 Qt/Ha,Yes,Medium
2241,FENUGREEK,Ajmer Fenugreek-4 (AFG-4),RAJASTHAN,19 - 21 Qt/Ha,Yes,Medium
2242,SUGARCANE (NOBLE CANE),Gujarat Sugarcane-7 (CoN 04131),,,No,
2243,BLACK GRAM,IPU-11-02,"UTTAR PRADESH, MADHYA PRADESH",8 - 10 Qt/Ha,Yes,Medium
2244,BLACK GRAM,Black Gram KKM 1,TAMIL NADU,9 - 11 Qt/Ha,Yes,Early
2245,LINSEED,JLS-66 (SLS 66),,,No,
2246,BENGAL GRAM (CHICK PEA),Pant Gram 9 (PG 158),UTTARAKHAND,17 - 18 Qt/Ha,Yes,Medium
2247,BENGAL GRAM (CHICK PEA),Indira Chana-1,CHHATTISGARH,20 - 25 Qt/Ha,Yes,Medium
2248,BENGAL GRAM (CHICK PEA),Nandyal Gram 857 (NBeG 857),"ANDHRA PRADESH, TELANGANA, KARNATAKA, TAMIL NADU",17 - 18 Qt/Ha,Yes,Early
2249,CORIANDER,Suruchi (LCC-234),ANDHRA PRADESH,15 - 18 Qt/Ha,Yes,Medium
2250,BENGAL GRAM (CHICK PEA),IPC 2011-112,UTTAR PRADESH,13 - 15 Qt/Ha,Yes,Medium
2251,BENGAL GRAM (CHICK PEA),GUJARAT GRAM 5 (GJG 0809),"UTTARAKHAND, HIMACHAL PRADESH, PUNJAB",14.43 - 16 Qt/Ha,Yes,Early
2252,GREEN GRAM,Varsha (IPM 2K-14-9),UTTAR PRADESH,5 - 6 Qt/Ha,Yes,Medium
2253,GREEN GRAM,Pusa 1431,"DELHI, HARYANA, RAJASTHAN, UTTAR PRADESH",12 - 14 Qt/Ha,Yes,Early
2254,CORIANDER,ACR-3,,,No,
2255,GREEN GRAM,MJS-118,,,No,
2256,GREEN GRAM,SML-1115,"MANIPUR, MIZORAM, TRIPURA",8 - 12 Qt/Ha,Yes,Medium
2257,GREEN GRAM,UTKARSHA (KM-11- 584),,,No,
2258,GREEN GRAM,Yadadri (WGG-42),,,No,
2259,GREEN GRAM,SML 1827,PUNJAB,11 - 12 Qt/Ha,Yes,Medium
2260,GREEN GRAM,MSJ 118 (Keshwanand Mung 2),RAJASTHAN,5 - 10 Qt/Ha,Yes,Medium
2261,GREEN GRAM,Arun (KM 2328),UTTAR PRADESH,8 - 11 Qt/Ha,Yes,Early
2262,GREEN GRAM,GBM-1,,,No,
2263,COWPEA (PULSES),Phule Vithai (Phule CP- 05040),,,No,
2264,HORSE GRAM (KULTHI),CRIDAVARDHAN (CRHG-22),,800 - 900 Qt/Ha,No,
2265,GREEN GRAM,PANT MUNG 8 (PM 09-6),UTTARAKHAND,9 - 10 Qt/Ha,Yes,Early
2266,LENTIL (MASUR),L 4727,"MADHYA PRADESH, UTTAR PRADESH, RAJASTHAN, CHHATTISGARH",11 - 15 Qt/Ha,Yes,Early
2267,HORSE GRAM (KULTHI),Chhattisgarh Kulthi-2,CHHATTISGARH,7 - 12 Qt/Ha,Yes,Late
2268,LENTIL (MASUR),SEKHAR -5,,,No,
2269,LENTIL (MASUR),IPL 526,UTTAR PRADESH,7 - 10 Qt/Ha,Yes,Early
2270,GREEN GRAM,RMG 975(Keshwanand Mung 1),RAJASTHAN,15 - 20 Qt/Ha,Yes,Medium
2271,SUGARCANE (NOBLE CANE),CoVC 16062,KARNATAKA,1700 - 1800 Qt/Ha,Yes,Medium
2272,GREEN GRAM,Gujarat Anand Mung Bean-5 (GAM-5),GUJARAT,18 - 20 Qt/Ha,Yes,Early
2273,PEAS,Central Field Pea IPFD 11-5,,,No,
2274,PEAS,Indira Matar 1 (RFP 2009-1),,,No,
2275,PEAS,Pant Pea 243,"MADHYA PRADESH, CHHATTISGARH, RAJASTHAN",20 - 24 Qt/Ha,Yes,Medium
2276,PEAS,Pant Pea 250,"UTTAR PRADESH, UTTARAKHAND, HARYANA, DELHI, JAMMU AND KASHMIR",25 - 30 Qt/Ha,Yes,Medium
2277,PEAS,VL Matar 61(VL 61),UTTARAKHAND,11 - 12 Qt/Ha,Yes,Medium
2278,PEAS,Central Field pea IPFD 2014-2,"MADHYA PRADESH, CHHATTISGARH, MAHARASHTRA, RAJASTHAN",22 - 23 Qt/Ha,Yes,Medium
2279,TORIA,AAU TS 38,"ASSAM, ARUNACHAL PRADESH, MANIPUR, NAGALAND, MIZORAM, JHARKHAND, WEST BENGAL, ODISHA",14 - 15 Qt/Ha,Yes,Early
2280,PADDY (DHAN),CR DHAN 702 (IET 25231),ODISHA,54 - 55 Qt/Ha,Yes,Medium
2281,PIGEON PEA (RED GRAM/ARHAR),WRG-255 (Warangal Kandi-2),TELANGANA,20 - 22 Qt/Ha,Yes,Medium
2282,PIGEON PEA (RED GRAM/ARHAR),Telangana Kandi (WRGE-93),,,No,
2283,CASTOR,Pragathi (PCS-262),,,No,
2284,CASTOR,Gujarat Anand Castor-11 (GAC 11),,,No,
2285,SORGHUM,Jaicar Raseela-CSV 49SS (SPV 2600),"MAHARASHTRA, TELANGANA, ANDHRA PRADESH, KARNATAKA, TAMIL NADU, GUJARAT, MADHYA PRADESH, UTTAR PRADESH, PUNJAB",454 - 455 Qt/Ha,Yes,Late
2286,OAT,JHO-2009-1 (Bundel Jai-2009-1),"UTTAR PRADESH, MADHYA PRADESH, MAHARASHTRA, GUJARAT",20 - 25 Qt/Ha,Yes,Medium
2287,OAT,Phule Surabhi (RO-11-1),KARNATAKA,383 - 385 Qt/Ha,Yes,Late
2288,CASTOR,Kohinoor (NBCH-66),,,No,
2289,BENGAL GRAM (CHICK PEA),IPCL 4-14 (IPCMAS-1),"HARYANA, PUNJAB, JAMMU AND KASHMIR, UTTAR PRADESH, RAJASTHAN",22 - 23 Qt/Ha,Yes,Medium
2290,GROUNDNUT,VRI 8(VG 09220),TAMIL NADU,2130 - 2700 Qt/Ha,Yes,Medium
2291,GROUNDNUT,ICGV 93468 (Avtar),UTTAR PRADESH,2400 - 2400 Qt/Ha,Yes,Early
2292,GROUNDNUT,J 87 (Gujarat Groundnut 36),"UTTAR PRADESH, PUNJAB",4000 - 4165 Qt/Ha,No,Medium
2293,SOYBEAN,Chhattisgarh Soya-1 (CG SOYA-1),CHHATTISGARH,35 - 38 Qt/Ha,Yes,Medium
2294,PADDY (DHAN),GNR-5 (NVSR-6137),GUJARAT,55 - 65 Qt/Ha,Yes,Medium
2295,GINGER,Mohini (UBKV AADA-1),"KERALA, ODISHA, HIMACHAL PRADESH, WEST BENGAL",140 - 145 Qt/Ha,Yes,Late
2296,RYEGRASS,PUNJAB RYEGRASS 2 (PBRG 2),"PUNJAB, JAMMU AND KASHMIR, UTTARAKHAND, HIMACHAL PRADESH",463 - 464 Qt/Ha,Yes,Medium
2297,SOYBEAN,VLS-89,,,No,
2298,SOYBEAN,PRAGYA (RVS-18),MADHYA PRADESH,18 - 19 Qt/Ha,Yes,Early
2299,LINSEED,Arpita,ODISHA,8 - 13 Qt/Ha,Yes,Early
2300,SUNFLOWER,RSFH 1887,KARNATAKA,12 - 25 Qt/Ha,Yes,Medium
2301,SUNFLOWER,Chhattisgarh Kusum-1 (RSS 2012-11),CHHATTISGARH,16 - 18 Qt/Ha,Yes,Medium
2302,PADDY (DHAN),Sahyadri Panchmukhi,KARNATAKA,55 - 56 Qt/Ha,Yes,Medium
2303,BROWN SARSON,Shalimar Sarson-2 (KBS-49),KASHMIR,12 - 14 Qt/Ha,Yes,Late
2304,SPINACH,Kashi Poi-3 (VRV-45),UTTAR PRADESH,60 - 61 Qt/Ha,Yes,Late
2305,WHITE CLOVER (SHAFTAL),HIM PALAM WHITE CLOVER-1 (PWC-25),"HIMACHAL PRADESH, UTTARAKHAND, JAMMU AND KASHMIR",170 - 210 Qt/Ha,Yes,Medium
2306,WHEAT,HUW 711 (Malviya 711),UTTAR PRADESH,42 - 44 Qt/Ha,Yes,Late
2307,COTTON,NANDYAL COTTON-22 (NDLH 2005-4),"MADHYA PRADESH, MAHARASHTRA, UTTAR PRADESH",12 - 13 Qt/Ha,Yes,Medium
2308,PADDY (DHAN),CR Dhan 413 (Reeta-Panidhan),ODISHA,49 - 50 Qt/Ha,Yes,Late
2309,COTTON,Phule Tarang (RHH-0707),,1300 - 1400 Qt/Ha,No,
2310,COTTON,SUVARNA SHUBHRA (AKH-09-5),MAHARASHTRA,12 - 17 Qt/Ha,Yes,Medium
2311,COTTON,RHCb-011 (Phule Rukhmai),,1400 - 1700 Qt/Ha,No,
2312,COTTON,PAU Bt 1,"PUNJAB, RAJASTHAN",25 - 27 Qt/Ha,Yes,Medium
2313,COTTON,GN Cot. Hy-18 (GSHH-2759),,,No,
2314,PADDY (DHAN),TROMBAY CHHATTISGARH SONAGATHI MUTANT (TCSM),CHHATTISGARH,59 - 62 Qt/Ha,Yes,Medium
2315,TOSSA JUTE,JROMU-1,WEST BENGAL,42 - 50 Qt/Ha,No,Medium
2316,CARROT,Pusa Vashda hybrid (IPC HCI),DELHI,390 - 400 Qt/Ha,Yes,Medium
2317,CLUSTER BEAN,MDUI Cluster Bean,TAMIL NADU,164 - 165 Qt/Ha,Yes,Medium
2318,ONION,Gujarat Junagadh White Onion-3 (GJWO-3),GUJARAT,398 - 400 Qt/Ha,Yes,Medium
2319,BITTER GOURD,DBGS-44,,,No,
2320,OAT,Bundel Jai-2010-1 (JHO- 2010-1),"ANDHRA PRADESH, TELANGANA, TAMIL NADU, KARNATAKA",305 - 310 Qt/Ha,Yes,Medium
2321,INDIAN MUSTARD,RH 725,"JAMMU, PUNJAB, HARYANA, DELHI, RAJASTHAN",20 - 21 Qt/Ha,Yes,Medium
2322,BOTTLE GOURD,Selection P-6 (Pusa Santushti),,,No,
2323,CAULIFLOWER,Kashi Gobhi-25 (VRCF-50) (BKS/BS/PMS-3),UTTAR PRADESH,250 - 300 Qt/Ha,Yes,Medium
2324,BOTTLE GOURD,GH-22 (Ghiya Hisar 22),HARYANA,250 - 300 Qt/Ha,Yes,Medium
2325,BOTTLE GOURD,HBGH-35 (Hisar Bottle Gourd Hybrid 35),HARYANA,301 - 310 Qt/Ha,Yes,Medium
2326,COTTON,G.Cot.20(GSHV 97/59),,,No,
2327,COTTON,GN.Cot.25,,,No,
2328,COTTON,GN.Cot.22,,,No,
2329,OAT,Shalimar Fodder Oats-3,,,No,
2330,LUCERNE (ALFALFA),Krishna (RRB-07-1),,,No,
2331,TOSSA JUTE,JROB-2,"WEST BENGAL, ODISHA, BIHAR, ASSAM, UTTAR PRADESH, TRIPURA",40 - 42 Qt/Ha,Yes,Medium
2332,TOSSA JUTE,KRO-4,"BIHAR, ODISHA, WEST BENGAL",29 - 32 Qt/Ha,Yes,Medium
2333,BRINJAL,Pusa Safed Baingan-1 (Sel.195),"DELHI, HARYANA, UTTAR PRADESH, RAJASTHAN",350 - 400 Qt/Ha,Yes,Early
2334,BRINJAL,Gujarat Round Brinjal-5 (GRB-5) (JB-12-06),GUJARAT,490 - 500 Qt/Ha,Yes,Medium
2335,BHINDI (OKRA),Gujarat Junagadh Okra Hybrid-4,"RAJASTHAN, GUJARAT, HARYANA, DELHI, MADHYA PRADESH, MAHARASHTRA",140 - 142 Qt/Ha,Yes,Early
2336,TALL FESCUE GRASS,Palam Fescue Grass-2 (Hima 14),"HIMACHAL PRADESH, UTTARAKHAND, JAMMU AND KASHMIR",250 - 300 Qt/Ha,Yes,Late
2337,POTATO,Kufri Lalit 2001-P-55 ( CP 4431 ),"UTTAR PRADESH, BIHAR, WEST BENGAL, ODISHA, ASSAM",230 - 290 Qt/Ha,Yes,Medium
2338,POTATO,Kufri Neelkanth MS/8-1565 (CPRI No. CP4475),"PUNJAB, HARYANA, MADHYA PRADESH, BIHAR, UTTARAKHAND, UTTAR PRADESH, CHHATTISGARH",36 - 38 Qt/Ha,Yes,Medium
2339,TOMATO,Kashi Amul (VRT-1202),"TAMIL NADU, KARNATAKA, KERALA",500 - 600 Qt/Ha,Yes,Medium
2340,CORIANDER,Gujarat Dantewada Leafy Coriander-1 (GDLC-1),GUJARAT,319 - 320 Qt/Ha,Yes,Late
2341,BARLEY,RD2849,,,No,
2342,RICE BEAN (RED BEAN),JRBJ 05-2,,,No,
2343,PADDY (DHAN),CSR 56 (IET24537),"UTTAR PRADESH, HARYANA",35 - 36 Qt/Ha,Yes,Medium
2344,PADDY (DHAN),Pusa 1592 (IET 22289),"PUNJAB, HARYANA, DELHI, JAMMU AND KASHMIR",47 - 48 Qt/Ha,Yes,Early
2345,COTTON,Sri Rama (NDLH-1938),,,No,
2346,PADDY (DHAN),PBNR 03-2,,3600 - 4000 Qt/Ha,No,
2347,PADDY (DHAN),ADT 51 (AD 09367) (IET 23617),,,No,
2348,BARLEY,Central Barley DWRB-137,"PUNJAB, HARYANA, UTTAR PRADESH, RAJASTHAN",40 - 45 Qt/Ha,Yes,Medium
2349,PADDY (DHAN),HRI 180 (Arize Tej Gold),,,No,
2350,PADDY (DHAN),JGL 18047 (Bathukamma),,,No,
2351,PADDY (DHAN),MPO (JW)1255,,,No,
2352,PADDY (DHAN),JR-81,MADHYA PRADESH,55 - 60 Qt/Ha,Yes,Medium
2353,PADDY (DHAN),JKRH 3333,"MADHYA PRADESH, WEST BENGAL, CHHATTISGARH, BIHAR, GUJARAT, ANDHRA PRADESH",70 - 80 Qt/Ha,Yes,Medium
2354,PADDY (DHAN),Bauna Kalanamak-101,,4+ Qt/Ha,No,
2355,PADDY (DHAN),CSR-46 (CSR 2K-262),UTTAR PRADESH,35 - 36 Qt/Ha,Yes,Medium
2356,PADDY (DHAN),JR 767,MADHYA PRADESH,30 - 42 Qt/Ha,Yes,Early
2357,PADDY (DHAN),CSR 60 (IET 25378) (CSR 2013 MI-10),"UTTAR PRADESH, PUDUCHERRY",35 - 36 Qt/Ha,Yes,Medium
2358,PADDY (DHAN),Bahadur Sub-1,ASSAM,59 - 60 Qt/Ha,Yes,Late
2359,PADDY (DHAN),SHIATS Dhan-2 (AAIR 203),UTTAR PRADESH,45 - 60 Qt/Ha,Yes,Medium
2360,PADDY (DHAN),CSR-49 (IET-20329) (CSR 2K 242),,,No,
2361,SUGARCANE (NOBLE CANE),Phule-10001 (MS 10001),MAHARASHTRA,1180 - 1510 Qt/Ha,Yes,Early
2362,PADDY (DHAN),CR DHAN 511 (IET 23906) (CR 2789-9-2),"WEST BENGAL, ODISHA",37 - 48 Qt/Ha,Yes,Late
2363,PADDY (DHAN),MTU 1156,ANDHRA PRADESH,70 - 75 Qt/Ha,Yes,Early
2364,BOTTLE GOURD,Utkal Shobha (BBOG 3-1),"HARYANA, MAHARASHTRA, CHHATTISGARH, DELHI, GUJARAT",330 - 340 Qt/Ha,Yes,Early
2365,RADISH,Pusa Radish (IPR WW1),HARYANA,440 - 450 Qt/Ha,Yes,Early
2366,PADDY (DHAN),Badshabhog Selection 1,,,No,
2367,PADDY (DHAN),"SHIATS Dhan-5, (AAIR 101) (IET 23723)",UTTAR PRADESH,46 - 50 Qt/Ha,Yes,Medium
2368,PADDY (DHAN),ADT 52 (IET 25521) (AD 13121),"CHHATTISGARH, MAHARASHTRA",49 - 50 Qt/Ha,Yes,Late
2369,PADDY (DHAN),Ranjit SUB -1,ASSAM,56 - 57 Qt/Ha,Yes,Late
2370,CUCUMBER,Pusa Parthino Carpy Cucumber-6 (DPaC-6),"DELHI, RAJASTHAN, UTTAR PRADESH",1260 - 1300 Qt/Ha,Yes,Early
2371,PADDY (DHAN),Chhattisgarh Zinc Rice-1,,,No,
2372,PADDY (DHAN),Tarunbhog Selection-1,,,No,
2373,PADDY (DHAN),Vishnubhog Selection-1,,,No,
2374,PADDY (DHAN),NLR 3354,ANDHRA PRADESH,70 - 75 Qt/Ha,Yes,Early
2375,WINGED BEAN,PWB 11-2 (Phule Chardhari Wal),"MAHARASHTRA, CHHATTISGARH, JHARKHAND",145 - 150 Qt/Ha,Yes,Late
2376,COTTON,NBC-1103 BG II (SZ),,,No,
2377,PADDY (DHAN),CN 1272-55-105 (IET-19886),,,No,
2378,BOTTLE GOURD,TNAU Bottle Gourd Hybrid CO 1,TAMIL NADU,790 - 850 Qt/Ha,Yes,Early
2379,PADDY (DHAN),KPR-1 (IET-23077),,,No,
2380,PADDY (DHAN),GNV 10-89 (IET 24716),,,No,
2381,BROAD BEAN (FABA BEAN),HFB-2,"HARYANA, PUNJAB, UTTAR PRADESH, CHHATTISGARH",25 - 26 Qt/Ha,Yes,Medium
2382,RIDGE GOURD,Indira Kankod-2 (RMD SG-3),"CHHATTISGARH, UTTAR PRADESH",59 - 60 Qt/Ha,Yes,Early
2383,CORIANDER,Konkan Kasturi (DPL-COR.1),MAHARASHTRA,7 - 8 Qt/Ha,Yes,Early
2384,SOYBEAN,SL 955,"PUNJAB, HARYANA, DELHI, UTTARAKHAND, UTTAR PRADESH, BIHAR",14 - 16 Qt/Ha,Yes,Medium
2385,CUCUMBER,Kashi Nutan (VRCUH-01),UTTAR PRADESH,175 - 180 Qt/Ha,Yes,Early
2386,CHRYSANTHEMUM,Arka Chandrika,"KERALA, KARNATAKA, TAMIL NADU, PUDUCHERRY",40 - 50 Qt/Ha,Yes,Medium
2387,marigold,Arka Bangara,KARNATAKA,100 - 110 Qt/Ha,Yes,Medium
2388,BANANA,Godavari Bontha Kovvur Banana Selection-5 (KBS-5),ANDHRA PRADESH,340 - 450 Qt/Ha,Yes,Late
2389,LONG MELON,Pusa Utkarsh (DLM-27),"DELHI, HARYANA, RAJASTHAN, UTTAR PRADESH",270+ Qt/Ha,Yes,Early
2390,COTTON,YC 7963 Bt II,"GUJARAT, MAHARASHTRA, MADHYA PRADESH",10 - 11 Qt/Ha,Yes,Medium
2391,ASH GOURD (PETHA),Pusa Sabzi Petha (DAG-12),"KARNATAKA, KERALA, TAMIL NADU",3210 - 4000 Qt/Ha,Yes,Early
2392,PADDY (DHAN),HUR-917,,,No,
2393,COTTON,PCH 5677 Bt II,"GUJARAT, MAHARASHTRA, MADHYA PRADESH",15 - 20 Qt/Ha,Yes,Early
2394,WHEAT,UAS 375,"MAHARASHTRA, KARNATAKA",14 - 26 Qt/Ha,Yes,Medium
2395,CARROT,Kashi Krishna (VRCAR-126)(BKS/BS-18),UTTAR PRADESH,200 - 230 Qt/Ha,Yes,Medium
2396,CHILLIES,CH-27,"BIHAR, JHARKHAND, PUNJAB, UTTAR PRADESH",140 - 160 Qt/Ha,Yes,Medium
2397,PADDY (DHAN),GNR-4,,,No,
2398,WHEAT,JRH-19,,4000 - 5000 Qt/Ha,No,
2399,HS MESTA,AMV-8 (AHS-216),"ANDHRA PRADESH, BIHAR, ODISHA, WEST BENGAL, MAHARASHTRA",28 - 30 Qt/Ha,Yes,Medium
2400,WHEAT,Pusa Malwi (HD 4728),,,No,
2401,WHEAT,HD 3117,,,No,
2402,WHEAT,Pusa Wheat 8777 (HI 8777),"MAHARASHTRA, KARNATAKA, TAMIL NADU",20 - 30 Qt/Ha,Yes,Medium
2403,WHEAT,Gujarat Junagadh Wheat 463 (GJW 463),GUJARAT,55 - 56 Qt/Ha,Yes,Medium
2404,PADDY (DHAN),Dhruba (BNKR-2),,,No,
2405,WHEAT,KRL 283,UTTAR PRADESH,52 - 58 Qt/Ha,Yes,Medium
2406,COMMON MILLET (PROSO MILLET),DHPM-2769,KARNATAKA,24 - 27 Qt/Ha,Yes,Medium
2407,PADDY (DHAN),"VL Dhan 159 (VL 20083, IET 26598)",,,No,
2408,BRINJAL,Kashi Himani (IVBL-26),UTTAR PRADESH,385 - 400 Qt/Ha,Yes,Medium
2409,BRINJAL,Pusa Hara Baingan-1 (G-190),"DELHI, HARYANA, RAJASTHAN, UTTAR PRADESH",400 - 450 Qt/Ha,Yes,Early
2410,BRINJAL,DBL-2,,,No,
2411,KODO MILLET,TNAU 86,,,No,
2412,MAIZE (MAKKA),HTMH 5109,"ANDHRA PRADESH, KARNATAKA, MAHARASHTRA, TAMIL NADU, TELANGANA",80 - 120 Qt/Ha,Yes,Late
2413,HS MESTA,DharwadMesta-1,,,No,
2414,PADDY (DHAN),Kalinga Dhan-1205 (IET 22579),"ODISHA, TAMIL NADU, CHHATTISGARH, UTTAR PRADESH",51 - 101 Qt/Ha,Yes,Medium
2415,PADDY (DHAN),"CR Dhan 803 (Trilochan, IET 26398)",ODISHA,40 - 55 Qt/Ha,Yes,Late
2416,PADDY (DHAN),RNR 15048,KARNATAKA,50 - 60 Qt/Ha,Yes,Early
2417,PADDY (DHAN),CSR 76 (IET 27070),UTTAR PRADESH,40 - 65 Qt/Ha,Yes,Medium
2418,PADDY (DHAN),CR Dhan 512 (Satrughan),ODISHA,39 - 43 Qt/Ha,Yes,Late
2419,PADDY (DHAN),Pandu Ranga (MCM 100) (IET 22611),,,No,
2420,PADDY (DHAN),Ksheera (IET 24495) (MTU 1172),"ODISHA, ANDHRA PRADESH",41 - 42 Qt/Ha,Yes,Late
2421,PADDY (DHAN),Ratnagiri-6 (RTN 65-1-2-2-2) (IET 25529),MAHARASHTRA,45 - 46 Qt/Ha,Yes,Medium
2422,PADDY (DHAN),Ratnagiri-7 (RTN RR-4) (IET 25448),MAHARASHTRA,40 - 45 Qt/Ha,Yes,Medium
2423,PADDY (DHAN),Nellore Dhanyarasi (NLR3354) (ET 26226),ANDHRA PRADESH,70 - 75 Qt/Ha,Yes,Early
2424,PADDY (DHAN),Maruteru Mahsuri MTU 1262 (IET 27151),ANDHRA PRADESH,65 - 70 Qt/Ha,Yes,Medium
2425,PADDY (DHAN),Nellore Siri (NLR 4001) (IET 25273),ANDHRA PRADESH,66 - 70 Qt/Ha,Yes,Late
2426,PADDY (DHAN),Bastar Dhan- 1 (IET 26624),"CHHATTISGARH, BIHAR, JHARKHAND",45 - 48 Qt/Ha,Yes,Medium
2427,PADDY (DHAN),Tripura Nirog,,,No,
2428,PADDY (DHAN),Ashutosh (OR 2331-14) (IET 21341),ODISHA,36 - 38 Qt/Ha,Yes,Late
2429,PADDY (DHAN),DRR Dhan 49 (IET 24557),"GUJARAT, MAHARASHTRA, KERALA",48 - 50 Qt/Ha,Yes,Medium
2430,PADDY (DHAN),CR Dhan 408 (Chakaakhi) (IET 20265) (CR491-1590- 330-2-1),,,No,
2431,PADDY (DHAN),TM 07278,"BIHAR, ODISHA",55 - 62 Qt/Ha,Yes,Medium
2432,PADDY (DHAN),Kau Supriya (PTB 61) (Hybrid),KERALA,56 - 60 Qt/Ha,Yes,Late
2433,PADDY (DHAN),Hasanta (OR 2328-5) (IET 21477),ODISHA,55 - 57 Qt/Ha,Yes,Late
2434,PADDY (DHAN),Gobinda (OR 2324-8) (IET 21009),ODISHA,53 - 55 Qt/Ha,Yes,Medium
2435,PADDY (DHAN),Tripura Chikan Dhan,TRIPURA,45 - 50 Qt/Ha,Yes,Medium
2436,PADDY (DHAN),Bina Dhan 17 GSR (SAGC7) (IET 24460),"WEST BENGAL, TRIPURA, ASSAM",58 - 79 Qt/Ha,Yes,Early
2437,PADDY (DHAN),MDU-6 (IET 23994),TAMIL NADU,61 - 62 Qt/Ha,Yes,Early
2438,PADDY (DHAN),PRIYA (CR Dhan 209) (IET 23467) (CR3695-1- 1),ODISHA,48 - 49 Qt/Ha,Yes,Early
2439,PADDY (DHAN),Kau VTL 11 (Jyotsna) (KAU. BIL4),KERALA,45 - 51 Qt/Ha,Yes,Early
2440,PADDY (DHAN),Kau Akshya (PTB 62) (Kau PTB 0615-01-25-17),KERALA,65 - 70 Qt/Ha,Yes,Late
2441,PADDY (DHAN),Kau Manu Rathna (HS-16),KERALA,61 - 58 Qt/Ha,Yes,Early
2442,PADDY (DHAN),Jammu Basmati 138 (SJBR 138),"JAMMU, JAMMU AND KASHMIR",36 - 37 Qt/Ha,Yes,Medium
2443,PADDY (DHAN),Rongkhang (AAUDR 9312-13-1) IET 18242 IC 574472,,,No,
2444,PADDY (DHAN),Kau-VTL-10 (Lavanya) KAUVTL- 51-5,KERALA,40 - 50 Qt/Ha,Yes,Medium
2445,PADDY (DHAN),DRR Dhan 47 (IET 23356),"ANDHRA PRADESH, KARNATAKA, TELANGANA, TAMIL NADU, PUDUCHERRY",60 - 70 Qt/Ha,Yes,Early
2446,PADDY (DHAN),CO52,TAMIL NADU,61 - 62 Qt/Ha,Yes,Medium
2447,PADDY (DHAN),PDKV Kisan (SKL-22-39-31-25-31-34),MAHARASHTRA,40 - 42 Qt/Ha,Yes,Medium
2448,PADDY (DHAN),Daksha (KMP-175),KARNATAKA,40 - 50 Qt/Ha,Yes,Early
2449,PADDY (DHAN),Sabour Ardhjal (BRR 0007),BIHAR,45 - 55 Qt/Ha,Yes,Early
2450,SESAME (GINGELLY),KALINGA SESAME 3-1 (OSC 79),ODISHA,52 - 56 Qt/Ha,Yes,Medium
2451,LENTIL (MASUR),Shekhar 4 (KLB 345),UTTAR PRADESH,9 - 15 Qt/Ha,Yes,Early
2452,LENTIL (MASUR),Pant Lentil-9 (PL 098),UTTARAKHAND,13 - 15 Qt/Ha,Yes,Medium
2453,GROUNDNUT,Phule Morna (KDG 123),"GUJARAT, RAJASTHAN, ODISHA, WEST BENGAL, JHARKHAND, MANIPUR, TAMIL NADU, ANDHRA PRADESH, KARNATAKA, MAHARASHTRA",2210 - 2212 Qt/Ha,Yes,Late
2454,COTTON,PA 810,"MAHARASHTRA, MADHYA PRADESH, GUJARAT",11.24 - 11.41 Qt/Ha,Yes,Medium
2455,COTTON,ATCH-605 BG II,"MAHARASHTRA, MADHYA PRADESH, GUJARAT",14 - 16 Qt/Ha,Yes,Early
2456,COTTON,ADIG (MC 5401) BG II,"ARUNACHAL PRADESH, TELANGANA",22 - 23 Qt/Ha,Yes,Early
2457,COTTON,MC5405 BGII,"ANDHRA PRADESH, TELANGANA, KARNATAKA",18 - 20 Qt/Ha,Yes,Early
2458,COTTON,MC5408 BGII,"RAJASTHAN, PUNJAB, HARYANA",12 - 14 Qt/Ha,Yes,Early
2459,Bajra (Fodder),TSFB 15-4,"KERALA, KARNATAKA, TAMIL NADU, TELANGANA, PUDUCHERRY",426 - 427 Qt/Ha,Yes,Medium
2460,PADDY (DHAN),MTU Rice 1239 (IET 26263),ANDHRA PRADESH,62 - 63 Qt/Ha,Yes,Medium
2461,KODO MILLET,Gujarat Anand Kodra-3 (GAK-3),GUJARAT,24 - 26 Qt/Ha,Yes,Medium
2462,BENGAL GRAM (CHICK PEA),Raj Vijay Gram 204 (RVG 204) (RVSSG 8102),MADHYA PRADESH,20 - 25 Qt/Ha,Yes,Early
2463,CASTOR,GNCH-1,GUJARAT,25 - 30 Qt/Ha,Yes,Medium
2464,TOSSA JUTE,DAWB-ZARSKgr-Jute-KRO4,"BIHAR, ASSAM, WEST BENGAL, ODISHA, MAHARASHTRA",29 - 30 Qt/Ha,Yes,Medium
2465,PADDY (DHAN),Sabour Deep (RAU 3055),BIHAR,35 - 40 Qt/Ha,Yes,Early
2466,SUGARCANE (NOBLE CANE),Revathi (2000 A 225 (CoA 05323),ANDHRA PRADESH,1200 - 1285 Qt/Ha,Yes,Late
2467,SUGARCANE (NOBLE CANE),GNS-11 (Navya) (CoN 13072),GUJARAT,1357 - 1400 Qt/Ha,Yes,Early
2468,Sorghum (fodder),CSV 33 MF (SPV-2242),"HARYANA, PUNJAB, RAJASTHAN, GUJARAT, UTTAR PRADESH, UTTARAKHAND, TAMIL NADU, KARNATAKA",25 - 27 Qt/Ha,Yes,Medium
2469,BENGAL GRAM (CHICK PEA),Raj Vijay Gram 210 (RVG 210),MADHYA PRADESH,20 - 21 Qt/Ha,Yes,Medium
2470,LENTIL (MASUR),IPL 225,UTTAR PRADESH,9 - 10 Qt/Ha,Yes,Early
2471,OAT,Pant Forage Oat 4 (UPO 10-2),UTTARAKHAND,300 - 400 Qt/Ha,Yes,Medium
2472,PADDY (DHAN),"VL Sikkim Dhan-4 (VL 32130, IET 26596)",SIKKIM,40 - 50 Qt/Ha,Yes,Medium
2473,PADDY (DHAN),CR Dhan 315 (IET 27179),"GUJARAT, MAHARASHTRA",50 - 55 Qt/Ha,Yes,Medium
2474,NIGER (RAMTIL),GNNIG-3,GUJARAT,3 - 4 Qt/Ha,Yes,Medium
2475,COTTON,GN.Cot.Hy-14 (GSHH-2729),GUJARAT,25 - 26 Qt/Ha,Yes,Medium
2476,PIGEON PEA (RED GRAM/ARHAR),BDN 716 (BDN 2008-7),MAHARASHTRA,18 - 20 Qt/Ha,Yes,Medium
2477,SOYBEAN,Pant Soybean 23 (PS 1523),UTTARAKHAND,40 - 41 Qt/Ha,Yes,Medium
2478,PADDY (DHAN),CR Dhan 506 (IET 23053) (CR2687-2-3-1-1-1),"ASSAM, ANDHRA PRADESH, KARNATAKA",44 - 46 Qt/Ha,Yes,Late
2479,GREEN GRAM,Pusa 1371,"TRIPURA, MANIPUR, JAMMU AND KASHMIR, HIMACHAL PRADESH",9 - 11 Qt/Ha,Yes,Medium
2480,SUNFLOWER,DSFH-3,KARNATAKA,18 - 20 Qt/Ha,Yes,Early
2481,MAIZE (MAKKA),Pusa Vivek QPM-9 Improved (APQH-9),"JAMMU AND KASHMIR, HIMACHAL PRADESH, UTTARAKHAND, MEGHALAYA, SIKKIM",55 - 56 Qt/Ha,Yes,Early
2482,PEARL MILLET,Mahabeej 1005 (MH-1852),MAHARASHTRA,30 - 33 Qt/Ha,Yes,Medium
2483,COTTON,DHB 1071,"ANDHRA PRADESH, TAMIL NADU, KARNATAKA",16 - 17 Qt/Ha,Yes,Late
2484,MAIZE (MAKKA),Pusa HM-4 Improved (AQH-4),"PUNJAB, HARYANA, DELHI, UTTARAKHAND, UTTAR PRADESH",,Yes,Medium
2485,BAJRA NAPIER HYBRID,Phule Gunwant (RBN-2011-12),MAHARASHTRA,1150 - 1200 Qt/Ha,Yes,Medium
2486,FABA BEAN,HFB-1 (HB-82),"BIHAR, CHANDIGARH, UTTAR PRADESH, JHARKHAND, PUNJAB",20 - 25 Qt/Ha,Yes,Medium
2487,ITALIAN MILLET (FOX TAIL MILLET),Rajendra Kauni-1 (RAU-2),BIHAR,25 - 30 Qt/Ha,Yes,Medium
2488,PADDY (DHAN),JKRH 2154 (IET 24914),"DELHI, UTTARAKHAND, RAJASTHAN, JHARKHAND, JAMMU AND KASHMIR, BIHAR",62 - 66 Qt/Ha,Yes,Early
2489,COTTON,Central Cotton CSH-3075 (CSH-3075),"HARYANA, PUNJAB, RAJASTHAN",23 - 25 Qt/Ha,Yes,Medium
2490,WHEAT,Pusa Ujala (HI 1605),"TAMIL NADU, KARNATAKA, MAHARASHTRA",29 - 30 Qt/Ha,Yes,Early
2491,WHEAT,HD 3171,"ASSAM, UTTAR PRADESH, WEST BENGAL, BIHAR",29 - 30 Qt/Ha,Yes,Medium
2492,WHEAT,PUSA TEJAS (HI 8759),"MADHYA PRADESH, RAJASTHAN, UTTAR PRADESH, CHHATTISGARH, GUJARAT",55 - 57 Qt/Ha,Yes,Medium
2493,WHEAT,MACS 3949 (d),"MAHARASHTRA, KARNATAKA, TAMIL NADU",45 - 47 Qt/Ha,Yes,Medium
2494,PADDY (DHAN),JRB-1 (IET 23422),"ODISHA, BIHAR, UTTAR PRADESH, MAHARASHTRA, MADHYA PRADESH, KERALA",55 - 57 Qt/Ha,Yes,Early
2495,MAIZE (MAKKA),Shalimar Pop Corn-1 (KDPC-2),JAMMU AND KASHMIR,40 - 45 Qt/Ha,Yes,Early
2496,COTTON,Raj Vijay Kapas 67 (RVK 67) (IH 67 (HR),MADHYA PRADESH,16 - 20 Qt/Ha,Yes,Medium
2497,PADDY (DHAN),CR Dhan 703 (IET 25278),ODISHA,58 - 59 Qt/Ha,Yes,Medium
2498,COTTON,PBH 116,"HARYANA, PUNJAB, RAJASTHAN",19 - 23 Qt/Ha,Yes,Medium
2499,MAIZE (MAKKA),Karimnagar Makka (KNMH- 4010141),"ANDHRA PRADESH, MAHARASHTRA, TELANGANA, TAMIL NADU, KARNATAKA",79 - 80 Qt/Ha,Yes,Early
2500,WHEAT,AAI-W10 (SHIATS-w10),UTTAR PRADESH,45 - 50 Qt/Ha,Yes,Medium
2501,PADDY (DHAN),Mahisagar (IET 22100),GUJARAT,50 - 55 Qt/Ha,Yes,Early
2502,FINGER MILLET (RAGI),GNN-7,GUJARAT,24 - 25 Qt/Ha,Yes,Medium
2503,COWPEA (PULSES),Tirupati cowpea - 1 (TPTC-29),"ANDHRA PRADESH, KARNATAKA, TAMIL NADU, ODISHA",10 - 12 Qt/Ha,Yes,Medium
2504,PADDY (DHAN),Telangana Vari-2 IET 26027(WGL 697),"TELANGANA, ANDHRA PRADESH, TAMIL NADU",62 - 71 Qt/Ha,Yes,Medium
2505,COWPEA (PULSES),Phule Rakhumai (PCP 0306-1),"TELANGANA, TAMIL NADU, ANDHRA PRADESH, KERALA, KARNATAKA",9 - 10 Qt/Ha,Yes,Early
2506,PADDY (DHAN),Gujarat Anand Rice-3 (GAR-3) (NWGR-4005),GUJARAT,50 - 55 Qt/Ha,Yes,Medium
2507,PADDY (DHAN),Pant Dhan 26 (UPR 3425-14-3-1),UTTARAKHAND,38 - 45 Qt/Ha,Yes,Early
2508,SORGHUM,PDKV Kalyani (AKSV-181) (SPV 2029),MAHARASHTRA,35 - 38 Qt/Ha,Yes,Medium
2509,PADDY (DHAN),"RC Maniphou-13 (RCM-30), IET 24200)",MANIPUR,80 - 81 Qt/Ha,Yes,Medium
2510,PADDY (DHAN),Gangavati Ageti (IET-19251),KARNATAKA,65 - 70 Qt/Ha,Yes,Early
2511,GREEN GRAM,IPM 205-7(Virat),"PUNJAB, HARYANA, UTTAR PRADESH, KARNATAKA, TAMIL NADU, MADHYA PRADESH, GUJARAT",10 - 12 Qt/Ha,Yes,Early
2512,TORIA,Raj Vijay Toria - 1,MADHYA PRADESH,11 - 12 Qt/Ha,Yes,Medium
2513,COWPEA (FODDER),TNFC 0926,"ASSAM, WEST BENGAL, UTTAR PRADESH, JHARKHAND, ODISHA",252 - 255 Qt/Ha,Yes,Medium
2514,LINSEED,PRIYAM (BAU-2012-1),"PUNJAB, HARYANA, HIMACHAL PRADESH, UTTARAKHAND",20 - 21 Qt/Ha,Yes,Medium
2515,SUGARCANE (NOBLE CANE),GNS-9 [(2004 N 817) (CoN 09072)],GUJARAT,12 - 13 Qt/Ha,Yes,Early
2516,PADDY (DHAN),Purna (IET-18654),GUJARAT,25 - 30 Qt/Ha,Yes,Early
2517,INDIAN MUSTARD,Pant Sweta (PYS 2007-10),UTTARAKHAND,15 - 20 Qt/Ha,Yes,Early
2518,TORIA,Pant Hill Toria-1 (PT-2006-4),UTTARAKHAND,10 - 12 Qt/Ha,Yes,Medium
2519,WHEAT,Unnat PBW 343 (PBW 723),"UTTAR PRADESH, RAJASTHAN, DELHI, JAMMU AND KASHMIR",48 - 50 Qt/Ha,Yes,Medium
2520,PIGEON PEA (RED GRAM/ARHAR),Red gram CO 9 (CRG 2012-25),"TAMIL NADU, TELANGANA, ANDHRA PRADESH, KARNATAKA, ODISHA",16 - 18 Qt/Ha,Yes,Medium
2521,PADDY (DHAN),Rice CR 1009 Sub1,KARNATAKA,55 - 60 Qt/Ha,Yes,Late
2522,SUGARCANE (NOBLE CANE),Ikshu-7 (CoLk 12209),"UTTAR PRADESH, BIHAR, JHARKHAND, ASSAM, WEST BENGAL",90 - 100 Qt/Ha,Yes,Late
2523,SORGHUM,KMJ-1 (Popping variety),KARNATAKA,9 - 12 Qt/Ha,Yes,Late
2524,COWPEA (PULSES),Bidhan Sadabahar (BCCP-3),WEST BENGAL,140 - 145 Qt/Ha,Yes,Early
2525,LATHYRUS,Bidhan Khesari -1 BK-14-1(LAT 15-6),WEST BENGAL,15 - 17 Qt/Ha,Yes,Early
2526,FINGER MILLET (RAGI),Tirumala (PPR 1012),ANDHRA PRADESH,30 - 35 Qt/Ha,Yes,Medium
2527,FINGER MILLET (RAGI),GN-8 (WN-585),GUJARAT,28 - 33 Qt/Ha,Yes,Early
2528,GARLIC,Gujarat Anand Garlic-6 (GAG-6),GUJARAT,90 - 92 Qt/Ha,Yes,Early
2529,WHEAT,DBW 303 (Karan Vaishnavi),"CHHATTISGARH, GUJARAT, MADHYA PRADESH, RAJASTHAN",58 - 80 Qt/Ha,Yes,Medium
2530,SOYBEAN,NRCSL1,"PUNJAB, DELHI",17 - 19 Qt/Ha,Yes,Medium
2531,BENGAL GRAM (CHICK PEA),PDKV KANCHAN (AKG-1109).,MAHARASHTRA,19 - 21 Qt/Ha,Yes,Early
2532,LENTIL (MASUR),RVL 13-7 (Raj Vijay Lentil 13-7),MADHYA PRADESH,11 - 13 Qt/Ha,Yes,Medium
2533,PADDY (DHAN),RH 150025 (ADV 8082),"MADHYA PRADESH, MAHARASHTRA, CHHATTISGARH",66 - 70 Qt/Ha,Yes,Early
2534,GREEN GRAM,VBN4 (VGG 10-008),TAMIL NADU,10 - 12 Qt/Ha,Yes,Medium
2535,BENGAL GRAM (CHICK PEA),IPC 2006-77,"CHHATTISGARH, MADHYA PRADESH, MAHARASHTRA, GUJARAT, RAJASTHAN, UTTAR PRADESH",12 - 18 Qt/Ha,Yes,Early
2536,PADDY (DHAN),NLR 3041,TELANGANA,60 - 65 Qt/Ha,Yes,Medium
2537,PADDY (DHAN),DRR Dhan-55 (RP 5591-123-16-2) IET 26194,"BIHAR, CHHATTISGARH",49 - 50 Qt/Ha,Yes,Medium
2538,MOTH BEAN,RMO-2251 (MARUDHAR RMO-225-1-6-3),"DELHI, RAJASTHAN, HIMACHAL PRADESH, PUNJAB, UTTARAKHAND, UTTAR PRADESH, HARYANA",4 - 5 Qt/Ha,Yes,Early
2539,PEARL MILLET,PB 1705 (MH 2008),"RAJASTHAN, GUJARAT, HARYANA, PUNJAB, DELHI, MADHYA PRADESH, UTTAR PRADESH",34 - 38 Qt/Ha,Yes,Medium
2540,PADDY (DHAN),NLR 40024,ANDHRA PRADESH,65 - 70 Qt/Ha,Yes,Early
2541,PADDY (DHAN),Karjat 8,MAHARASHTRA,35 - 40 Qt/Ha,Yes,Late
2542,FINGER MILLET (RAGI),Vegavathi (VR 929),"ANDHRA PRADESH, MAHARASHTRA, ODISHA, JHARKHAND, KARNATAKA, GUJARAT, TAMIL NADU, PUDUCHERRY",35 - 40 Qt/Ha,Yes,Medium
2543,PADDY (DHAN),28S44 (IET 26549) (PHI-17108),"TAMIL NADU, TELANGANA, KARNATAKA, ANDHRA PRADESH",45 - 55 Qt/Ha,Yes,Medium
2544,FINGER MILLET (RAGI),VL Mandua 382,UTTARAKHAND,10 - 12 Qt/Ha,Yes,Medium
2545,SUGARCANE (NOBLE CANE),Co 09004 (Amritha),"TAMIL NADU, ANDHRA PRADESH, KERALA, TELANGANA, MAHARASHTRA, KARNATAKA, GUJARAT, MADHYA PRADESH, CHHATTISGARH",10 - 11 Qt/Ha,Yes,Early
2546,PEARL MILLET,Proagro Marutej (XMT 1358),RAJASTHAN,16 - 17 Qt/Ha,Yes,Early
2547,MAIZE (MAKKA),Pant Sankar Makka-5 (PSM-5),UTTARAKHAND,49 - 50 Qt/Ha,Yes,Early
2548,HS MESTA,Central Roselle JRHS-1,"WEST BENGAL, MAHARASHTRA, ANDHRA PRADESH, TAMIL NADU, BIHAR, ODISHA",25 - 30 Qt/Ha,Yes,Medium
2549,PADDY (DHAN),CG Jawaphool Trombay (RTR-31),CHHATTISGARH,37 - 38 Qt/Ha,Yes,Late
2550,PADDY (DHAN),Trombay Karjat Kolam (BARCKKV 13) (IET 27000),MAHARASHTRA,40 - 45 Qt/Ha,Yes,Medium
2551,PADDY (DHAN),CO 53 (CB 06803 (IET 24057),TAMIL NADU,37.18 - 41.99 Qt/Ha,Yes,Medium
2552,PADDY (DHAN),Sasya (BPT-2411) (IET 23081),ANDHRA PRADESH,70 - 75 Qt/Ha,Yes,Late
2553,COTTON,SAMIR BG II,"ANDHRA PRADESH, TELANGANA, KARNATAKA, TAMIL NADU, MADHYA PRADESH, MAHARASHTRA, GUJARAT",15 - 27 Qt/Ha,Yes,Late
2554,WHEAT,Sabour Nirjal,BIHAR,28 - 30 Qt/Ha,Yes,Medium
2555,PADDY (DHAN),KPH-471 (IET 25746),"HARYANA, PUNJAB, UTTARAKHAND, TELANGANA, KERALA, KARNATAKA",77 - 78 Qt/Ha,Yes,Medium
2556,PADDY (DHAN),Bhavathi (BPT-2782) (IET 27124),ANDHRA PRADESH,70 - 75 Qt/Ha,Yes,Late
2557,Sorghum (fodder),CSV- 44F (SPV- 2445/ S713),"MAHARASHTRA, TAMIL NADU, KARNATAKA",13 - 14 Qt/Ha,Yes,Late
2558,PADDY (DHAN),Pusa Basmati 1692 (IET 26995),"DELHI, HARYANA, UTTAR PRADESH",52.58 - 53.33 Qt/Ha,Yes,Medium
2559,COTTON,Central Cotton CICR CNA - 1028 (CNA- 1028),"MAHARASHTRA, GUJARAT, MADHYA PRADESH",13 - 13.5 Qt/Ha,Yes,Medium
2560,COTTON,RCH 947 BG II,"MAHARASHTRA, MADHYA PRADESH, GUJARAT",19 - 20 Qt/Ha,Yes,Early
2561,CASTOR,JAWAHAR CASTOR-4 (JC-4),"CHHATTISGARH, MADHYA PRADESH, MAHARASHTRA, ANDHRA PRADESH, GUJARAT, TELANGANA, KARNATAKA",25 - 27 Qt/Ha,Yes,Medium
2562,MAIZE (MAKKA),ADV 759 (ADV 1390064) (Hybrid),"TELANGANA, TAMIL NADU, MAHARASHTRA, KARNATAKA, ANDHRA PRADESH",93 - 94 Qt/Ha,Yes,Late
2563,MAIZE (MAKKA),ADV 757 (ADV 7037) (Hybrid),"KARNATAKA, MAHARASHTRA, ANDHRA PRADESH, TELANGANA, TAMIL NADU",92 - 93 Qt/Ha,Yes,Late
2564,COTTON,Daftari- 333 (BG II),GUJARAT,17 - 18 Qt/Ha,Yes,Medium
2565,COTTON,Daftari- 615 (BG II),"ANDHRA PRADESH, TELANGANA, KARNATAKA, TAMIL NADU",22 - 23 Qt/Ha,Yes,Medium
2566,COTTON,MC5403 BGII,"PUNJAB, HARYANA, RAJASTHAN",35 - 36 Qt/Ha,Yes,Early
2567,COTTON,NBC 1111 BG II,"ANDHRA PRADESH, KARNATAKA, TAMIL NADU, TELANGANA",19 - 26 Qt/Ha,Yes,Medium
2568,PADDY (DHAN),TRC 2014-8 (IET 24197),"HIMACHAL PRADESH, KARNATAKA",42 - 45 Qt/Ha,Yes,Medium
2569,Maize (fodder),LADHOWAL POPCORN HYBRID 3 (LPCH 3) IMHP 1540,"ANDHRA PRADESH, BIHAR, CHHATTISGARH, DELHI, GOA, GUJARAT, HARYANA, JAMMU, JHARKHAND, KARNATAKA, KASHMIR, MADHYA PRADESH, MAHARASHTRA, ODISHA, PUDUCHERRY, PUNJAB, RAJASTHAN, TAMIL NADU, TELANGANA, TRIPURA, UTTAR PRADESH, WEST BENGAL",33 - 34 Qt/Ha,Yes,Early
2570,WHEAT,WH 1270,"HARYANA, PUNJAB, DELHI, RAJASTHAN",75 - 76 Qt/Ha,Yes,Medium
2571,WHEAT,DDW 48,HARYANA,46 - 47 Qt/Ha,Yes,Medium
2572,BENGAL GRAM (CHICK PEA),Raj Vijay Kabuli Gram 121 (RVKG 121),MADHYA PRADESH,36 - 37 Qt/Ha,Yes,Medium
2573,COTTON,Central Cotton NHH 250 (NHH 250),"MADHYA PRADESH, MAHARASHTRA, GUJARAT",14 - 15 Qt/Ha,Yes,Medium
2574,PIGEON PEA (RED GRAM/ARHAR),Chhattisgarh Arhar-1 (RPS 2007-10),CHHATTISGARH,15.35 - 19.25 Qt/Ha,Yes,Medium
2575,PADDY (DHAN),MTU 1223 (IET 25856),ANDHRA PRADESH,49 - 50 Qt/Ha,Yes,Late
2576,PADDY (DHAN),VL Dhan 88 (IET 25819) (VL 32224),"UTTARAKHAND, HIMACHAL PRADESH",49 - 50 Qt/Ha,Yes,Early
2577,PEARL MILLET,VPMH-7,KARNATAKA,23.52 - 23.52 Qt/Ha,Yes,Medium
2578,LINSEED,Jawahar Linseed-165 (PKDL-165),"JAMMU AND KASHMIR, HIMACHAL PRADESH, PUNJAB, HARYANA, UTTARAKHAND",13 - 14 Qt/Ha,Yes,Late
2579,PADDY (DHAN),SAVA 134 (IET 24797),,22 - 28 Qt/Ha,No,
2580,MAIZE (MAKKA),VL Sweet Corn Hybrid-2 (FSCH 75),"JAMMU AND KASHMIR, HIMACHAL PRADESH, UTTARAKHAND, ASSAM, ARUNACHAL PRADESH, MANIPUR, MEGHALAYA, MIZORAM, NAGALAND, SIKKIM, TRIPURA",103 - 105 Qt/Ha,Yes,Medium
2581,PADDY (DHAN),"DRR Dhan 53 {RP-6113-Partho-BB9,(IET 27294)","TELANGANA, ANDHRA PRADESH, TAMIL NADU, KARNATAKA, BIHAR, GUJARAT, ODISHA, JHARKHAND",55 - 60 Qt/Ha,Yes,Medium
2582,OAT,Bundel Jai-2015-1,"JAMMU AND KASHMIR, HIMACHAL PRADESH",225 - 280 Qt/Ha,Yes,Medium
2583,COTTON,RVK-11 (Raj Vijay Kapas-11) (IH 11),"TAMIL NADU, KARNATAKA, ANDHRA PRADESH",19 - 20 Qt/Ha,Yes,Medium
2584,COTTON,PA-740,"ANDHRA PRADESH, KARNATAKA, TAMIL NADU",13 - 15 Qt/Ha,Yes,Medium
2585,FINGER MILLET (RAGI),VL Mandua 378,UTTARAKHAND,20 - 21 Qt/Ha,Yes,Medium
2586,PADDY (DHAN),ARIZE 6129 BS-129G (HRI-179-IET-22878),"CHHATTISGARH, MADHYA PRADESH",52 - 56 Qt/Ha,Yes,Early
2587,PADDY (DHAN),Arize 6444 Gold (BS-444G-HRI- 174) (IET- 22379),"MADHYA PRADESH, CHHATTISGARH",60 - 65 Qt/Ha,Yes,Medium
2588,OAT,OL 11 (OL 1760),PUNJAB,635 - 636 Qt/Ha,Yes,Medium
2589,BERSEEM (EGYPTIAN CLOVER),BL-43,PUNJAB,976 - 978 Qt/Ha,Yes,Late
2590,PEARL MILLET,NBH 4903 (Balwan) (MH 2035),"MAHARASHTRA, KARNATAKA, TAMIL NADU, TELANGANA, ANDHRA PRADESH",30 - 35 Qt/Ha,Yes,Late
2591,WHEAT,HD 3298,"PUNJAB, HARYANA, DELHI, RAJASTHAN, UTTAR PRADESH",47 - 48 Qt/Ha,Yes,Early
2592,PEARL MILLET,MH 2114 (DHBH 1397),"RAJASTHAN, GUJARAT, HARYANA, PUNJAB, MADHYA PRADESH, UTTAR PRADESH",33.9 - 33.9 Qt/Ha,Yes,Medium
2593,MAIZE (MAKKA),VL Maize Hybrid-57 (FH 3754),"ASSAM, JAMMU AND KASHMIR, HIMACHAL PRADESH, UTTARAKHAND, ARUNACHAL PRADESH, MANIPUR, MEGHALAYA, MIZORAM",50 - 52 Qt/Ha,Yes,Early
2594,GROUNDNUT,PDKVG-335 (AK 335),MAHARASHTRA,2200 - 2400 Qt/Ha,Yes,Late
2595,PADDY (DHAN),Indam 100-012 (IET 26999),"UTTAR PRADESH, PUNJAB",66 - 67 Qt/Ha,Yes,Medium
2596,LENTIL (MASUR),IPL 329,UTTAR PRADESH,10 - 11 Qt/Ha,Yes,Medium
2597,INDIAN MUSTARD,Anushka (YSWB-2011-10-1),"BIHAR, JHARKHAND, ODISHA, TRIPURA, ASSAM, MANIPUR",12 - 15 Qt/Ha,Yes,Early
2598,SUGARCANE (NOBLE CANE),CoPb 94,PUNJAB,100 - 101 Qt/Ha,Yes,Medium
2599,BLACK GRAM,Shashi (OBG 33),ODISHA,11 - 12 Qt/Ha,Yes,Medium
2600,WHEAT,MACS 4058 (d),"MAHARASHTRA, KARNATAKA",29 - 37 Qt/Ha,Yes,Medium
2601,Maize (fodder),Baby corn GAYMH-1 (GAYMH-1),"ANDHRA PRADESH, MAHARASHTRA, TAMIL NADU, TELANGANA, MADHYA PRADESH, GUJARAT, CHHATTISGARH",14 - 15 Qt/Ha,Yes,Early
2602,LENTIL (MASUR),PSL-9,"PUNJAB, HARYANA, DELHI, RAJASTHAN",9 - 10 Qt/Ha,Yes,Medium
2603,PADDY (DHAN),MRP 5433 MEPH-129 (IET 25793),MAHARASHTRA,55 - 60 Qt/Ha,Yes,Medium
2604,PIGEON PEA (RED GRAM/ARHAR),AL 882 (AL 1992),PUNJAB,14 - 15 Qt/Ha,Yes,Early
2605,BENGAL GRAM (CHICK PEA),Pant Gram 6 (PG 119),UTTARAKHAND,17 - 22 Qt/Ha,Yes,Medium
2606,BENGAL GRAM (CHICK PEA),IPC 2004-98 (Desi),UTTAR PRADESH,14 - 14.5 Qt/Ha,Yes,Medium
2607,COTTON,BS 279 (CULTURE NAME BS 279),ODISHA,20 - 21 Qt/Ha,Yes,Medium
2608,LENTIL (MASUR),LL 1373,"RAJASTHAN, UTTAR PRADESH, HARYANA, UTTARAKHAND, PUNJAB",15 - 16 Qt/Ha,Yes,Medium
2609,SUNFLOWER,LSFH-171,"MAHARASHTRA, TAMIL NADU, TELANGANA, ODISHA, BIHAR, WEST BENGAL, ANDHRA PRADESH",18 - 19 Qt/Ha,Yes,Medium
2610,MAIZE (MAKKA),DMRH 1305,"ARUNACHAL PRADESH, JAMMU AND KASHMIR, HIMACHAL PRADESH, UTTARAKHAND, MEGHALAYA, SIKKIM, ASSAM, TRIPURA, NAGALAND, MANIPUR",44 - 45 Qt/Ha,Yes,Early
2611,SAFFLOWER,NARI-96,"MADHYA PRADESH, MAHARASHTRA, TAMIL NADU, TELANGANA, RAJASTHAN, CHANDIGARH",20 - 22 Qt/Ha,Yes,Medium
2612,PADDY (DHAN),CR Dhan 510 (IET 23895) (CR 2593-1-1-1-1),"WEST BENGAL, ODISHA",42 - 45 Qt/Ha,Yes,Late
2613,PADDY (DHAN),CR Dhan 801 (IET 25667) (IR96322-34-223-B-1-1-1-CR3955-2),ASSAM,47 - 50 Qt/Ha,Yes,Late
2614,SAFFLOWER,SSF-13-71,"MAHARASHTRA, KARNATAKA, TELANGANA, ANDHRA PRADESH",19 - 20 Qt/Ha,Yes,Medium
2615,PADDY (DHAN),Rajendra Nilam (RAU-1484-Aer- 04) (IET 24010),BIHAR,35 - 36 Qt/Ha,Yes,Early
2616,BENGAL GRAM (CHICK PEA),Pant Gram 5 (PG0109),"HARYANA, PUNJAB, UTTARAKHAND, UTTAR PRADESH, JAMMU AND KASHMIR, RAJASTHAN",20 - 25 Qt/Ha,Yes,Medium
2617,FINGER MILLET (RAGI),KMR-340,KARNATAKA,40 - 45 Qt/Ha,Yes,Early
2618,MAIZE (MAKKA),Ladhowal Quality Maize Hybrid 1 (LQMH 1) (IMHQPM 1530) (Hybrid),"UTTAR PRADESH, PUNJAB, HARYANA, DELHI, UTTARAKHAND",71 - 72 Qt/Ha,Yes,Medium
2619,COTTON,Phule Prabha (RHB-0812),"ANDHRA PRADESH, TAMIL NADU, KARNATAKA",22 - 24 Qt/Ha,Yes,Late
2620,WHEAT,UP 2784,UTTARAKHAND,45 - 52 Qt/Ha,Yes,Medium
2621,GROUNDNUT,Central Groundnut Raj Mungfali 3 (RG 559-3),"RAJASTHAN, UTTAR PRADESH, PUNJAB",31670 - 3173 Qt/Ha,No,Late
2622,MAIZE (MAKKA),SHIATS Makka-3 (SHIATS MS-3) (IVT DMR 117),UTTAR PRADESH,35 - 40 Qt/Ha,Yes,Medium
2623,BARLEY,VLB 94,UTTARAKHAND,18 - 20 Qt/Ha,Yes,Medium
2624,INDIAN MUSTARD,SVJ-64,HARYANA,37.22 - 40 Qt/Ha,Yes,Medium
2625,GROUNDNUT,GKVK 5,KARNATAKA,13 - 16 Qt/Ha,Yes,Medium
2626,LINSEED,HIM PALAM ALSI -1 (KL-241),HIMACHAL PRADESH,27 - 30 Qt/Ha,Yes,Medium
2627,PIGEON PEA (RED GRAM/ARHAR),BRG 5,KARNATAKA,18 - 25 Qt/Ha,Yes,Medium
2628,OAT,UPO-06-1 (Pant forage Oat-3),UTTARAKHAND,570 - 571 Qt/Ha,Yes,Medium
2629,PADDY (DHAN),CAU-R4 (Eenotphou) (IET 22469),MANIPUR,38 - 45 Qt/Ha,Yes,Late
2630,PADDY (DHAN),CAU-R2 (Tomthinphou) (IET23540,MANIPUR,42 - 45 Qt/Ha,Yes,Early
2631,PADDY (DHAN),PR 127 (RYT 13316),PUNJAB,70 - 75 Qt/Ha,Yes,Medium
2632,LINSEED,Utera Alsi (RLC-143),"CHHATTISGARH, ODISHA, MADHYA PRADESH, BIHAR, JHARKHAND, ASSAM",5 - 7 Qt/Ha,Yes,Medium
2633,SOYBEAN,Raj Soya -18 (Pragya),MADHYA PRADESH,18 - 19 Qt/Ha,Yes,Early
2634,COWPEA (PULSES),MFC-09-1,"KERALA, KARNATAKA, ANDHRA PRADESH, TAMIL NADU, PUDUCHERRY",10 - 12 Qt/Ha,Yes,Medium
2635,WHEAT,Him Palam Gehun 2 (HPW 368),HIMACHAL PRADESH,40 - 45 Qt/Ha,Yes,Medium
2636,BARLEY,Him Palam Jau 1 (HBL 713),HIMACHAL PRADESH,30 - 35 Qt/Ha,Yes,Medium
2637,LINSEED,Jawahar Linseed Sagar-95 (JLS-95) (SLS-95),"MADHYA PRADESH, UTTAR PRADESH, RAJASTHAN",9 - 12 Qt/Ha,Yes,Medium
2638,BENGAL GRAM (CHICK PEA),PUSA 3043 (BG 3043),"BIHAR, JHARKHAND, WEST BENGAL, UTTAR PRADESH, ASSAM",15 - 20 Qt/Ha,Yes,Early
2639,GROUNDNUT,Phule Warna (KDG 128),"ANDHRA PRADESH, MAHARASHTRA, KARNATAKA, TAMIL NADU, GUJARAT, RAJASTHAN",2425 - 2425 Qt/Ha,Yes,Late
2640,SUGARCANE (NOBLE CANE),Co 11015 (Atulya),"TAMIL NADU, KERALA, ANDHRA PRADESH, TELANGANA, KARNATAKA, GUJARAT, MAHARASHTRA, MADHYA PRADESH",1050 - 1080 Qt/Ha,Yes,Early
2641,GUINEA GRASS,Dharwad Guinea Grass-1 (DGG-1) (RSDGG-1),"ANDAMAN AND NICOBAR ISLANDS, ANDHRA PRADESH, ARUNACHAL PRADESH, ASSAM, BIHAR, CHANDIGARH, CHHATTISGARH, DADRA AND NAGAR HAVELI, DAMAN AND DIU, DELHI, GOA, GUJARAT, HARYANA, HIMACHAL PRADESH, JAMMU, JAMMU AND KASHMIR, JHARKHAND, KARNATAKA, KASHMIR, KERALA, LADAKH, LAKSHADWEEP, MADHYA PRADESH, MAHARASHTRA, MANIPUR, MEGHALAYA, MIZORAM, NAGALAND, ODISHA, PUDUCHERRY, PUNJAB, RAJASTHAN, SIKKIM, TAMIL NADU, TELANGANA, TRIPURA, UTTARAKHAND, UTTAR PRADESH, WEST BENGAL",8 - 10 Qt/Ha,Yes,Medium
2642,PIGEON PEA (RED GRAM/ARHAR),Pant Arhar 6 (PA 421),"UTTAR PRADESH, PUNJAB, HARYANA, DELHI, UTTARAKHAND",16 - 17 Qt/Ha,Yes,Early
2643,WHEAT,CoW 3,TAMIL NADU,40 - 41 Qt/Ha,Yes,Medium
2644,MARVEL GRASS,Phule Govardhan (Marvel-2008- 1),MAHARASHTRA,585 - 586 Qt/Ha,Yes,Early
2645,LUCERNE (ALFALFA),CO 2 (TND 1308),TAMIL NADU,200 - 300 Qt/Ha,Yes,Early
2646,WHEAT,PDKV SARDAR (AKAW-4210-6),MAHARASHTRA,40 - 42 Qt/Ha,Yes,Early
2647,BLACK GRAM,VBN 8 (VBG 09-005),"ANDHRA PRADESH, KARNATAKA, ODISHA, TAMIL NADU",13 - 14 Qt/Ha,Yes,Medium
2648,PEARL MILLET,NBH 5929 (MH 2423),"GUJARAT, HARYANA, MADHYA PRADESH, UTTAR PRADESH",38 - 38 Qt/Ha,Yes,Late
2649,MAIZE (MAKKA),HTMH 5108,"KARNATAKA, TELANGANA, ANDHRA PRADESH, TAMIL NADU, MAHARASHTRA",80 - 86 Qt/Ha,Yes,Late
2650,SUGARCANE (NOBLE CANE),SNK-632 (CoSnk 03632) variety),KARNATAKA,19 - 20 Qt/Ha,Yes,Late
2651,MAIZE (MAKKA),Pusa HQPM-5 Improved (APQH5),"UTTARAKHAND, TELANGANA, TAMIL NADU, RAJASTHAN, PUNJAB, MADHYA PRADESH, CHHATTISGARH, GUJARAT, UTTAR PRADESH, ANDHRA PRADESH, ARUNACHAL PRADESH, TRIPURA, NAGALAND, MANIPUR, MEGHALAYA, SIKKIM, BIHAR, MAHARASHTRA, WEST BENGAL, JHARKHAND, ODISHA",67 - 68 Qt/Ha,Yes,Medium
2652,COTTON,Central Cotton CCH 14-1(Sunantha),"ANDHRA PRADESH, KARNATAKA, TELANGANA, TAMIL NADU",16 - 17 Qt/Ha,Yes,Medium
2653,PEAS,RFP 4 (Keshwanand Matar 1),RAJASTHAN,10 - 20 Qt/Ha,Yes,Medium
2654,BENGAL GRAM (CHICK PEA),JG 36 (Jawahar Gram 36),MADHYA PRADESH,20 - 22 Qt/Ha,Yes,Medium
2655,FINGER MILLET (RAGI),VL Mandua 348,UTTARAKHAND,17 - 19 Qt/Ha,Yes,Medium
2656,WHEAT,UAS-466,"GUJARAT, MADHYA PRADESH, RAJASTHAN, CHHATTISGARH",38 - 40 Qt/Ha,Yes,Medium
2657,NIGER (RAMTIL),IGPN-8004 (Phule Vaitarana),MAHARASHTRA,4 - 10 Qt/Ha,Yes,Medium
2658,BENGAL GRAM (CHICK PEA),Pusa Parvati (BG 3062),"GUJARAT, MAHARASHTRA, MADHYA PRADESH, RAJASTHAN, UTTAR PRADESH",22.7 - 24 Qt/Ha,Yes,Early
2659,WHEAT,Pusa Wheat 8802 (HI 8802),"TAMIL NADU, KARNATAKA, MAHARASHTRA",28.07 - 30 Qt/Ha,Yes,Medium
2660,SUGARCANE (NOBLE CANE),Uphar (Co 10026),"TAMIL NADU, KERALA, ANDHRA PRADESH, TELANGANA, KARNATAKA, GUJARAT, MAHARASHTRA, MADHYA PRADESH",138 - 140 Qt/Ha,Yes,Early
2661,COTTON,G.Cot-38 (Gujarat Cotton-38) (GJHV-497),"MAHARASHTRA, GUJARAT, MADHYA PRADESH",19 - 20 Qt/Ha,Yes,Late
2662,BAJRA NAPIER HYBRID,PBN 351,"GUJARAT, UTTAR PRADESH, MADHYA PRADESH, CHANDIGARH",,Yes,Medium
2663,BARLEY,Karan Maltsona (DWRB 160),"PUNJAB, HARYANA, DELHI, UTTAR PRADESH, RAJASTHAN",53 - 55 Qt/Ha,Yes,Medium
2664,FABA BEAN,Swarna Gaurav,BIHAR,47 - 50 Qt/Ha,Yes,Medium
2665,PADDY (DHAN),Muktashree (IET 21845),WEST BENGAL,40 - 55 Qt/Ha,Yes,Medium
2666,SEN GRASS,CAZRI Sewan-1 (CAZRI 30-5),RAJASTHAN,156 - 157 Qt/Ha,Yes,Medium
2667,COTTON,G.Cot.- 34 (Gujarat Cotton 34) (GISV 272),"GUJARAT, MAHARASHTRA, MADHYA PRADESH",23 - 24 Qt/Ha,Yes,Medium
2668,GROUNDNUT,Phule Chaitanya (Central-KDG 160),"ANDHRA PRADESH, TAMIL NADU, TELANGANA",2180 - 2185 Qt/Ha,Yes,Late
2669,BENGAL GRAM (CHICK PEA),Phule Vikrant (Phule G 0405),"MADHYA PRADESH, GUJARAT, RAJASTHAN",20 - 21 Qt/Ha,Yes,Medium
2670,PEARL MILLET,HHB 67 Improved 2,"RAJASTHAN, HARYANA, GUJARAT",20 - 20 Qt/Ha,Yes,Early
2671,WHEAT,Pusa Wheat 3271 (HD 3271),"HARYANA, DELHI, RAJASTHAN, PUNJAB, BIHAR",32 - 34 Qt/Ha,Yes,Medium
2672,SOYBEAN,MAUS-612,MAHARASHTRA,20 - 25 Qt/Ha,Yes,Medium
2673,PADDY (DHAN),Sandhya (IET 25508) (NP 9359-9),"CHHATTISGARH, TELANGANA",54 - 55 Qt/Ha,Yes,Medium
2674,GREEN GRAM,IPM 410-3 (Shikha),"RAJASTHAN, PUNJAB, HARYANA, DELHI, HIMACHAL PRADESH, UTTARAKHAND, JAMMU, GUJARAT, MADHYA PRADESH, MAHARASHTRA",11 - 13 Qt/Ha,Yes,Medium
2675,INDIAN MUSTARD,Gujarat Dantiwada Mustard-5 (GDM 5) (SKM 518),"PUNJAB, HARYANA, JAMMU, RAJASTHAN, DELHI",12 - 33 Qt/Ha,Yes,Late
2676,PEARL MILLET,Nutrifast- ADV 961 (ADV0061),"TAMIL NADU, TELANGANA, KARNATAKA",800 - 950 Qt/Ha,Yes,Medium
2677,SUNNHEMP,Kavita (SUIN-3),"BIHAR, UTTAR PRADESH, WEST BENGAL, JHARKHAND, CHHATTISGARH",10 - 12 Qt/Ha,Yes,Medium
2678,LITTLE MILLET,DHLM -14-1 (DHLtMV -14-1),"TAMIL NADU, KARNATAKA, GUJARAT, MAHARASHTRA, ODISHA",14 - 15 Qt/Ha,Yes,Medium
2679,LITTLE MILLET,DHLM -36-3 (DHLtMV -36-3),"ANDAMAN AND NICOBAR ISLANDS, ANDHRA PRADESH, ARUNACHAL PRADESH, ASSAM, BIHAR, CHANDIGARH, CHHATTISGARH, DADRA AND NAGAR HAVELI, DAMAN AND DIU, DELHI, GOA, GUJARAT, HARYANA, HIMACHAL PRADESH, JAMMU, JAMMU AND KASHMIR, KARNATAKA, KASHMIR, KERALA, LADAKH, LAKSHADWEEP, MADHYA PRADESH, MAHARASHTRA, MANIPUR, MEGHALAYA, MIZORAM, NAGALAND, ODISHA, PUDUCHERRY, PUNJAB, RAJASTHAN, SIKKIM, TAMIL NADU, TELANGANA, TRIPURA, UTTARAKHAND, UTTAR PRADESH, WEST BENGAL",11 - 12 Qt/Ha,Yes,Medium
2680,PADDY (DHAN),S4001 (NK14722) (IET 24117),"ASSAM, BIHAR, JHARKHAND, UTTAR PRADESH",58 - 60 Qt/Ha,Yes,Medium
2681,WHEAT,PUSA WHEAT 3237 (HD 3237),"PUNJAB, HARYANA, DELHI, RAJASTHAN, UTTAR PRADESH, JAMMU AND KASHMIR, HIMACHAL PRADESH, UTTARAKHAND",50 - 63 Qt/Ha,Yes,Medium
2682,SORGHUM,Jaicar Gold (CSH 41) (SPH 1820),"MADHYA PRADESH, MAHARASHTRA, RAJASTHAN, GUJARAT, KARNATAKA, ANDHRA PRADESH, TAMIL NADU, TELANGANA",45 - 47 Qt/Ha,Yes,Medium
2683,PEARL MILLET,AHB 1269Fe (MH 2185) (AHB 1269),"GUJARAT, HARYANA, DELHI, MAHARASHTRA, TAMIL NADU, TELANGANA, PUNJAB, RAJASTHAN",31.68 - 31.68 Qt/Ha,Yes,Medium
2684,WHEAT,DDW 47,"MADHYA PRADESH, GUJARAT, RAJASTHAN, CHHATTISGARH",37 - 38 Qt/Ha,Yes,Medium
2685,WHEAT,PBW 771,"PUNJAB, DELHI, RAJASTHAN, HARYANA",48 - 50 Qt/Ha,Yes,Medium
2686,SORGHUM,RVICSH 28,MADHYA PRADESH,650 - 680 Qt/Ha,Yes,Medium
2687,SORGHUM,Jaicar Sona (CSV 39/ SPV 2358),"TAMIL NADU, TELANGANA, ANDHRA PRADESH, RAJASTHAN, GUJARAT",30 - 34 Qt/Ha,Yes,Medium
2688,KODO MILLET,Dahod Kodo (CKMV 2),"ANDHRA PRADESH, CHANDIGARH, GUJARAT, MADHYA PRADESH, TAMIL NADU",28 - 30 Qt/Ha,Yes,Medium
2689,WHEAT,Karan Narendra (DBW 222),"UTTAR PRADESH, ODISHA, WEST BENGAL, TRIPURA, NAGALAND, MIZORAM, MEGHALAYA, MANIPUR, JHARKHAND, BIHAR, ASSAM, ARUNACHAL PRADESH",48 - 50 Qt/Ha,Yes,Medium
2690,WHEAT,Gujarat Wheat 1346 (GW 1346),"MAHARASHTRA, KARNATAKA, TAMIL NADU",35 - 40 Qt/Ha,Yes,Early
2691,PADDY (DHAN),Improved Chinnor,MAHARASHTRA,30 - 32 Qt/Ha,Yes,Late
2692,SOYBEAN,Dsb.23 (DSB 23-2),"ANDHRA PRADESH, KARNATAKA, TAMIL NADU, TELANGANA, KERALA, MAHARASHTRA",25 - 30 Qt/Ha,Yes,Medium
2693,FINGER MILLET (RAGI),Chhattisgarh Ragi-2 (BR-36),CHHATTISGARH,35 - 37 Qt/Ha,Yes,Medium
2694,BLACK GRAM,VBN 9 (VBG 12-111),"ANDHRA PRADESH, TAMIL NADU, KARNATAKA, ODISHA",12 - 13 Qt/Ha,Yes,Medium
2695,INDIAN MUSTARD,BJC 1 (PC 6),PUNJAB,13 - 20 Qt/Ha,Yes,Medium
2696,PEAS,IPFD 6-3,UTTAR PRADESH,14 - 16 Qt/Ha,Yes,Medium
2697,GREEN GRAM,ML 2056,PUNJAB,10 - 15 Qt/Ha,Yes,Medium
2698,WHEAT,HUW 669 (Malviya 669),UTTAR PRADESH,19 - 22 Qt/Ha,Yes,Late
2699,BLACK GRAM,VBN 10 (VBG 12-034),"ANDHRA PRADESH, KARNATAKA, ODISHA, TAMIL NADU",11 - 12 Qt/Ha,Yes,Medium
2700,PIGEON PEA (RED GRAM/ARHAR),Bheema (GRG-152),"MADHYA PRADESH, MAHARASHTRA, GUJARAT, CHHATTISGARH",21 - 25 Qt/Ha,Yes,Early
2701,PADDY (DHAN),Gosaba-5 (Chinsurah Nona-1) (IET-23403),WEST BENGAL,50 - 51 Qt/Ha,Yes,Late
2702,WHEAT,Chhattisgarh Gehun-3 (CG 1013),CHHATTISGARH,35 - 40 Qt/Ha,Yes,Early
2703,WHEAT,Pusa Wheat 1621 (HI 1621),"UTTAR PRADESH, HARYANA, DELHI",31 - 32 Qt/Ha,Yes,Early
2704,WHEAT,Pusa Wheat 1628 (HI 1628),"DELHI, HARYANA, PUNJAB",51 - 53 Qt/Ha,Yes,Medium
2705,PADDY (DHAN),Chhattisgarh Madhuraj Dhaan-55,CHHATTISGARH,40 - 45 Qt/Ha,Yes,Medium
2706,PADDY (DHAN),Pusa Basmati 1728,"PUNJAB, UTTAR PRADESH, HARYANA, DELHI, UTTARAKHAND",39 - 42 Qt/Ha,Yes,Late
2707,LENTIL (MASUR),IPL 534,MADHYA PRADESH,11 - 16 Qt/Ha,Yes,Early
2708,GUAR (CLUSTER BEAN),karan guar 1(RGr-12-1),RAJASTHAN,10 - 15 Qt/Ha,Yes,Early
2709,BLACK GRAM,IPU 13-1,UTTAR PRADESH,9 - 10 Qt/Ha,Yes,Medium
2710,GREEN GRAM,Pant Mung 9 (PM 09-11),UTTARAKHAND,11 - 13 Qt/Ha,Yes,Early
2711,BENGAL GRAM (CHICK PEA),Super Annigeri-1 (MABC-WR-SAI),KARNATAKA,15 - 18 Qt/Ha,Yes,Medium
2712,BLACK GRAM,IPU 10-26,MADHYA PRADESH,8 - 10 Qt/Ha,Yes,Medium
2713,PADDY (DHAN),MRP 5626 MEPH - 134 (IET 26198),"TELANGANA, MADHYA PRADESH, PUNJAB, HARYANA, MAHARASHTRA, GUJARAT, JHARKHAND",45 - 50 Qt/Ha,Yes,Early
2714,BENGAL GRAM (CHICK PEA),Him Palam Chana 1 (DKG 986),HIMACHAL PRADESH,17 - 18 Qt/Ha,Yes,Early
2715,INDIAN MUSTARD,CS-60 (CS2800-1-2-3-5-1),"PUNJAB, RAJASTHAN, UTTAR PRADESH, HARYANA",16 - 18 Qt/Ha,Yes,Medium
2716,PADDY (DHAN),MRP 5222 MEPH 126 (IET 25269),"ODISHA, BIHAR, WEST BENGAL, MAHARASHTRA",60 - 65 Qt/Ha,Yes,Late
2717,HS MESTA,JBMP 3 (Priya) (JRK-2011-1),"ANDHRA PRADESH, MAHARASHTRA, WEST BENGAL, ODISHA, BIHAR, ARUNACHAL PRADESH, ASSAM, MANIPUR, MEGHALAYA, MIZORAM, NAGALAND, TRIPURA",26 - 30 Qt/Ha,Yes,Medium
2718,MAIZE (MAKKA),P3401(X35D601),"JAMMU AND KASHMIR, HIMACHAL PRADESH, TELANGANA, TAMIL NADU, KARNATAKA, HARYANA, PUNJAB",85 - 90 Qt/Ha,Yes,Medium
2719,MAIZE (MAKKA),P3533,"ANDHRA PRADESH, TELANGANA, MAHARASHTRA, KARNATAKA, TAMIL NADU, HARYANA, PUNJAB, UTTAR PRADESH",94 - 95 Qt/Ha,Yes,Late
2720,WHEAT,PBW 660,PUNJAB,34 - 40 Qt/Ha,Yes,Medium
2721,MAIZE (MAKKA),Malaviya Swarn Makka-1 (VEQH 16-1),"UTTAR PRADESH, PUNJAB, HARYANA, UTTARAKHAND",67.28 - 71.7 Qt/Ha,Yes,Medium
2722,COTTON,RCH 929 BG II,"ANDHRA PRADESH, TELANGANA, KARNATAKA, TAMIL NADU",20 - 21 Qt/Ha,Yes,Early
2723,COTTON,"JKCH 15551 BGII,JKCH 15551 BGII","MAHARASHTRA, GUJARAT, MADHYA PRADESH",22 - 25 Qt/Ha,Yes,Medium
2724,LINSEED,Him Palam Alsi-2 (KL-263),"HIMACHAL PRADESH, PUNJAB, HARYANA, JAMMU AND KASHMIR",15 - 20 Qt/Ha,Yes,Medium
2725,WHEAT,Birsa Gehun - 4 (JKW-261),"PUNJAB, HARYANA, DELHI",51 - 52 Qt/Ha,Yes,Early
2726,MAIZE (MAKKA),Pusa HM4 Male Sterile Baby Corn (Shishu),"PUNJAB, DELHI, HARYANA, UTTARAKHAND, UTTAR PRADESH",65.79 - 70.74 Qt/Ha,Yes,Medium
2727,PADDY (DHAN),CNRH -102 (IET 22913),"ODISHA, BIHAR, JHARKHAND, WEST BENGAL, UTTAR PRADESH, MADHYA PRADESH, CHHATTISGARH, TRIPURA, ASSAM, MANIPUR",59 - 73 Qt/Ha,Yes,Medium
2728,OAT,Jawahar Oat 04-315 (Jawahar Oat 5),MADHYA PRADESH,391 - 505 Qt/Ha,Yes,Medium
2729,MAIZE (MAKKA),Central Maize VL 55 (FH3605),"HIMACHAL PRADESH, JAMMU AND KASHMIR, UTTARAKHAND, TELANGANA, ANDHRA PRADESH, KARNATAKA, MAHARASHTRA, TAMIL NADU",25 - 26 Qt/Ha,Yes,Early
2730,COTTON,RS 2827,"RAJASTHAN, PUNJAB, HARYANA",33 - 35 Qt/Ha,Yes,Medium
2731,SOYBEAN,SHALIMAR SOYBEAN-1 (AGR/538),KASHMIR,20 - 21 Qt/Ha,Yes,Early
2732,PEARL MILLET,Balwan (NBH 4903) (MH 1743),RAJASTHAN,31 - 33 Qt/Ha,Yes,Late
2733,PEARL MILLET,BHB-1202 (Bikaner Hybrid Bajra-1202) (MH 1831),RAJASTHAN,17.76 - 17.76 Qt/Ha,Yes,Early
2734,WHEAT,DBW 168,"MAHARASHTRA, KARNATAKA",48 - 50 Qt/Ha,Yes,Medium
2735,MAIZE (MAKKA),DMRH-1308 (Rabi - Irrigated condition),"RAJASTHAN, GUJARAT, CHHATTISGARH, MADHYA PRADESH",95 - 97 Qt/Ha,Yes,Late
2736,PADDY (DHAN),PUSA BASMATI 1886,"PUNJAB, DELHI, JAMMU AND KASHMIR, HARYANA, UTTAR PRADESH",44 - 45 Qt/Ha,Yes,Medium
2737,PADDY (DHAN),NPH-XI (IET 27332),"JHARKHAND, WEST BENGAL",58 - 60 Qt/Ha,Yes,Early
2738,WHEAT,HUW 838,"PUNJAB, HARYANA, DELHI",50 - 55 Qt/Ha,Yes,Late
2739,PADDY (DHAN),PUSA BASMATI 1979,"DELHI, HARYANA, UTTAR PRADESH, JAMMU AND KASHMIR",59 - 60 Qt/Ha,Yes,Medium
2740,WHEAT,Pusa Prabhat (HI 8823),"MADHYA PRADESH, CHHATTISGARH, GUJARAT, RAJASTHAN, UTTAR PRADESH",35 - 40 Qt/Ha,Yes,Medium
2741,WHEAT,Him Phaphra,"HIMACHAL PRADESH, UTTARAKHAND, JAMMU AND KASHMIR",6 - 7 Qt/Ha,Yes,Medium
2742,MAIZE (MAKKA),Pusa HQPM-1 Improved,"JAMMU AND KASHMIR, ASSAM, TRIPURA, UTTARAKHAND, SIKKIM, MANIPUR, NAGALAND",80 - 81 Qt/Ha,Yes,Medium
2743,COTTON,CO 18 (TCB 37),"MAHARASHTRA, MADHYA PRADESH, GUJARAT",8 - 10 Qt/Ha,Yes,Late
2744,OAT,Central Oat OS 403,"ASSAM, MANIPUR, ODISHA, WEST BENGAL, UTTAR PRADESH, BIHAR, JHARKHAND, ANDHRA PRADESH, KARNATAKA, TAMIL NADU, TELANGANA, UTTARAKHAND, RAJASTHAN, PUNJAB, HARYANA",18 - 21 Qt/Ha,Yes,Medium
2745,COTTON,Cotton CO 16 (TCH 1777),"MADHYA PRADESH, MAHARASHTRA, GUJARAT",18 - 21 Qt/Ha,Yes,Medium
2746,MAIZE (MAKKA),PMH 10,PUNJAB,25 - 32 Qt/Ha,Yes,Medium
2747,COTTON,SVPR 6 (TSH 04/115),"ANDHRA PRADESH, KARNATAKA, TELANGANA, TAMIL NADU",21 - 25 Qt/Ha,Yes,Medium
2748,PEARL MILLET,Central Preal Millet Hybrid RHB 223 (MH 1998) (RHB-223),"RAJASTHAN, GUJARAT, HARYANA",29.69 - 29.69 Qt/Ha,Yes,Early
2749,WHEAT,DBW 173,"PUNJAB, HARYANA, DELHI, RAJASTHAN, UTTAR PRADESH, JAMMU AND KASHMIR, HIMACHAL PRADESH, UTTARAKHAND",36 - 45 Qt/Ha,Yes,Early
2750,MAIZE (MAKKA),LG 34.05 (BL 900),"RAJASTHAN, UTTAR PRADESH, BIHAR, JHARKHAND, WEST BENGAL, ODISHA",110 - 120 Qt/Ha,Yes,Medium
2751,PEARL MILLET,Pusa 1201 (MH 1849),DELHI,28.1 - 28.1 Qt/Ha,Yes,Medium
2752,PADDY (DHAN),MRP 5408 (MEPH 114 (IET 24143),"ODISHA, BIHAR, MANIPUR, CHHATTISGARH, JAMMU AND KASHMIR",55 - 60 Qt/Ha,Yes,Medium
2753,Bajra (Fodder),Phule Aadishakti (DHBH 9071),MAHARASHTRA,32 - 32 Qt/Ha,Yes,Medium
2754,PEARL MILLET,KBH 3940 (MH 1984),"RAJASTHAN, GUJARAT, HARYANA, PUNJAB, MADHYA PRADESH, UTTAR PRADESH, DELHI",37 - 40 Qt/Ha,Yes,Late
2755,Greater Yam,Chhattisgarh Ratalu-1,CHHATTISGARH,250 - 260 Qt/Ha,Yes,Medium
2756,PADDY (DHAN),NK 16520,"CHHATTISGARH, BIHAR, JHARKHAND, ODISHA, TELANGANA, UTTAR PRADESH",60 - 62 Qt/Ha,Yes,Medium
2757,BENGAL GRAM (CHICK PEA),Nandyal Gram 119 (NBeG 119),,,No,
2758,SORGHUM,CSH 36F (Dairy Green) (SPH 1752) (DFSH 109),"PUNJAB, HARYANA, UTTAR PRADESH, UTTARAKHAND, RAJASTHAN, GUJARAT",642 - 643 Qt/Ha,Yes,Late
2759,SAFFLOWER,DSH-185,"ANDAMAN AND NICOBAR ISLANDS, ANDHRA PRADESH, ARUNACHAL PRADESH, ASSAM, BIHAR, CHANDIGARH, CHHATTISGARH, DADRA AND NAGAR HAVELI, DAMAN AND DIU, DELHI, GOA, GUJARAT, HARYANA, HIMACHAL PRADESH, JAMMU, JAMMU AND KASHMIR, JHARKHAND, KARNATAKA, KASHMIR, KERALA, LADAKH, LAKSHADWEEP, MADHYA PRADESH, MAHARASHTRA, MANIPUR, MEGHALAYA, MIZORAM, NAGALAND, ODISHA, PUDUCHERRY, PUNJAB, RAJASTHAN, SIKKIM, TAMIL NADU, TELANGANA, TRIPURA, UTTARAKHAND, UTTAR PRADESH, WEST BENGAL",9 - 13 Qt/Ha,Yes,Medium
2760,LINSEED,Sabour Tisi-1 (BAUP-101),"UTTAR PRADESH, BIHAR, JHARKHAND, WEST BENGAL, ASSAM",6 - 10 Qt/Ha,Yes,Medium
2761,ANJAN GRASS,CAZRI Anjan-358 (CAZRI 358),RAJASTHAN,1.5 - 1.8 Qt/Ha,Yes,Early
2762,INDIAN MUSTARD,Pusa Double Zero Mustard 31 (PDZ-1),"PUNJAB, HARYANA, DELHI, JAMMU, RAJASTHAN",19 - 28 Qt/Ha,Yes,Medium
2763,MAIZE (MAKKA),ADV-756 (ADV 0990296),"ANDHRA PRADESH, KARNATAKA, TAMIL NADU, TELANGANA, MAHARASHTRA, RAJASTHAN, GUJARAT, MADHYA PRADESH, CHHATTISGARH",70 - 90 Qt/Ha,Yes,Late
2764,PADDY (DHAN),Prasant (CR Dhan 507) (IET 22986) (CR 3836- 1-7-4-1-1),ODISHA,47 - 48 Qt/Ha,Yes,Late
2765,RAJMA (PULSES),Shalimar Rajmash-2 (SKUA-R-132),JAMMU AND KASHMIR,8 - 11 Qt/Ha,Yes,Medium
2766,SPONGE GOURD,Kashi Shreya (VRSG-194),"PUNJAB, UTTAR PRADESH, RAJASTHAN, BIHAR, JHARKHAND",150 - 200 Qt/Ha,Yes,Medium
2767,MAIZE (MAKKA),DMRHP-1402 (Kharif popcorn),"PUNJAB, HARYANA, DELHI, UTTAR PRADESH",39 - 40 Qt/Ha,Yes,Early
2768,SUMMER SQUASH,DS-8 (Pusa Pasand),DELHI,150 - 160 Qt/Ha,Yes,Medium
2769,INDIAN MUSTARD,PHR 126,PUNJAB,29 - 30 Qt/Ha,Yes,Medium
2770,PADDY (DHAN),SRIMATI (CR Dhan 207) (IET 23448) (CR3629-1-5),ODISHA,39 - 40 Qt/Ha,Yes,Early
2771,MAIZE (MAKKA),DMRH -1301 ( Rabi - Irrigated Condtiion),"BIHAR, JHARKHAND, ODISHA, UTTAR PRADESH, WEST BENGAL",99 - 100 Qt/Ha,Yes,Medium
2772,WHEAT,Sabour Samriddhi,BIHAR,45 - 50 Qt/Ha,Yes,Medium
2773,CASTOR,YRCH-2 (YRCH 1116),TAMIL NADU,20 - 22 Qt/Ha,Yes,Early
2774,PADDY (DHAN),TKM 13,"MAHARASHTRA, GUJARAT",49 - 50 Qt/Ha,Yes,Medium
2775,PADDY (DHAN),CR Dhan 508 (CR3835-1-7-2-1-1),"ASSAM, ODISHA, WEST BENGAL",34 - 40 Qt/Ha,Yes,Late
2776,LINSEED,Indu (LCK 1108),UTTAR PRADESH,15 - 20 Qt/Ha,Yes,Late
2777,BROWN SARSON,Shalimar Sarson-3 (KBS-3),KASHMIR,10 - 11 Qt/Ha,Yes,Late
2778,RADISH,Kashi Mooli-40 (VRRAD-203)(BKS/BS-39),UTTAR PRADESH,300 - 320 Qt/Ha,Yes,Early
2779,CHILLIES,Kashi Abha (VR 339),UTTAR PRADESH,156 - 160 Qt/Ha,Yes,Early
2780,LENTIL (MASUR),RVL 11-6,"GUJARAT, MADHYA PRADESH, MAHARASHTRA, RAJASTHAN, UTTAR PRADESH",11 - 13 Qt/Ha,Yes,Medium
2781,MAIZE (MAKKA),Pant Sankar Makka-4 (PSM-4),UTTARAKHAND,45 - 46 Qt/Ha,Yes,Early
2782,WHEAT,Chhattisgarh Genhu-4 (CG 1015),CHHATTISGARH,35 - 45 Qt/Ha,Yes,Early
2783,ONION,NHRDF Red-4 (L-744),"UTTAR PRADESH, BIHAR, MANIPUR, WEST BENGAL",280 - 350 Qt/Ha,Yes,Medium
2784,BROAD BEAN (FABA BEAN),Pusa Udit (Sel-1),"BIHAR, HARYANA, KARNATAKA, MADHYA PRADESH, MAHARASHTRA, PUNJAB, UTTAR PRADESH",145 - 180 Qt/Ha,Yes,Medium
2785,PADDY (DHAN),Sava 300,MADHYA PRADESH,56 - 72 Qt/Ha,Yes,Early
2786,CASSAVA (TAPIOCA),Sree Reksha (TCMS-2) (CR 24-4),KERALA,310 - 400 Qt/Ha,Yes,Medium
2787,TOSSA JUTE,NCJ-28-10 AAUCJ-2 (Kkhyati),ASSAM,28 - 31 Qt/Ha,Yes,Medium
2788,OAT,OL 1804,"WEST BENGAL, ODISHA, JHARKHAND, BIHAR, UTTAR PRADESH, MANIPUR, ASSAM",15 - 16 Qt/Ha,Yes,Medium
2789,BENGAL GRAM (CHICK PEA),Pant Kabuli Gram-2 (PG 071),UTTARAKHAND,15 - 18 Qt/Ha,Yes,Medium
2790,WHEAT,K-1317,"UTTAR PRADESH, BIHAR, JHARKHAND, WEST BENGAL, ASSAM",30 - 31 Qt/Ha,Yes,Medium
2791,BENGAL GRAM (CHICK PEA),Meera (GNG-2171),"JAMMU AND KASHMIR, DELHI, PUNJAB, RAJASTHAN, UTTARAKHAND, UTTAR PRADESH",17 - 23 Qt/Ha,Yes,Medium
2792,LENTIL (MASUR),L-4717 (PUSA AGETI MASOOR),"MADHYA PRADESH, RAJASTHAN, CHHATTISGARH, UTTAR PRADESH",10 - 16 Qt/Ha,Yes,Medium
2793,PADDY (DHAN),CR Dhan 909 (IET 23193) (CRL74-89-2-4-1),"ASSAM, BIHAR, UTTAR PRADESH, MAHARASHTRA",44 - 45 Qt/Ha,Yes,Medium
2794,PADDY (DHAN),PAN 802 (IET 23498),WEST BENGAL,65 - 80 Qt/Ha,Yes,Medium
2795,PADDY (DHAN),27P22,"PUNJAB, HARYANA",62 - 63 Qt/Ha,Yes,Medium
2796,BENGAL GRAM (CHICK PEA),Dheera (NBeG 47),"ANDHRA PRADESH, KARNATAKA",15 - 20 Qt/Ha,Yes,Early
2797,PEAS,Pant Pea-155 (Pant P-155),UTTARAKHAND,23 - 24 Qt/Ha,Yes,Medium
2798,WHEAT,Sabour Shreshtha (BRW 934),BIHAR,38 - 50 Qt/Ha,Yes,Early
2799,SUGARCANE (NOBLE CANE),Buddhi 2003 A 225 (CoA 08323),"ANDHRA PRADESH, ODISHA, TAMIL NADU",1379 - 1381 Qt/Ha,Yes,Early
2800,OAT,OL 1802,"MAHARASHTRA, GUJARAT, MADHYA PRADESH, CHHATTISGARH, UTTAR PRADESH",10 - 15 Qt/Ha,Yes,Medium
2801,PADDY (DHAN),KPH-473) (IET 24825),"CHHATTISGARH, MADHYA PRADESH, MAHARASHTRA",65 - 68 Qt/Ha,Yes,Medium
2802,BENGAL GRAM (CHICK PEA),Pant Gram-4 (PG 065),UTTARAKHAND,18 - 20 Qt/Ha,Yes,Medium
2803,BENGAL GRAM (CHICK PEA),Nandyal Gram 49 (NBeG49),ANDHRA PRADESH,20 - 25 Qt/Ha,Yes,Medium
2804,LITTLE MILLET,Chhattisgarh Kutki-1 (BL-6),CHHATTISGARH,10 - 12 Qt/Ha,Yes,Medium
2805,MAIZE (MAKKA),PMH 12 (JH 13347),"BIHAR, JHARKHAND, WEST BENGAL, ODISHA, UTTAR PRADESH",70 - 72 Qt/Ha,Yes,Medium
2806,MAIZE (MAKKA),JKMH- 4848 (IMR 498),"MAHARASHTRA, KARNATAKA, ANDHRA PRADESH, TELANGANA, TAMIL NADU",87 - 90 Qt/Ha,Yes,Medium
2807,PADDY (DHAN),CR Sugandh Dhan 910 (IET 22649) (CR 2713- 180),ODISHA,44 - 45 Qt/Ha,Yes,Late
2808,INDIAN MUSTARD,RH 761,"JAMMU, PUNJAB, HARYANA, DELHI, RAJASTHAN",22 - 26 Qt/Ha,Yes,Medium
2809,COWPEA (PULSES),Pant Lobhia-5 (PGCP-12) (Pant Grain Cowpea-12),"UTTARAKHAND, UTTAR PRADESH, KERALA, JHARKHAND, GUJARAT",15 - 16 Qt/Ha,Yes,Early
2810,PADDY (DHAN),TARANGINI (MTU 1156),ANDHRA PRADESH,70 - 75 Qt/Ha,Yes,Early
2811,MAIZE (MAKKA),HTMH 5402,"ANDHRA PRADESH, TELANGANA, MAHARASHTRA, KARNATAKA, TAMIL NADU",89 - 90 Qt/Ha,Yes,Medium
2812,PADDY (DHAN),GK 5022,"BIHAR, CHHATTISGARH",45 - 55 Qt/Ha,Yes,Medium
2813,BROAD BEAN (FABA BEAN),SJBB-01,JAMMU AND KASHMIR,78 - 90 Qt/Ha,Yes,Medium
2814,PADDY (DHAN),SWARNA UNNAT DHAN (IET 27892),"BIHAR, ODISHA, WEST BENGAL, MAHARASHTRA, MADHYA PRADESH",48 - 53 Qt/Ha,Yes,Early
2815,SUNFLOWER,Kaveri Champ,"MADHYA PRADESH, MAHARASHTRA, TAMIL NADU, TELANGANA",26 - 30 Qt/Ha,Yes,Medium
2816,COWPEA (PULSES),TPTC - 29,"ANDHRA PRADESH, KARNATAKA, TAMIL NADU, TELANGANA",9 - 11 Qt/Ha,Yes,Medium
2817,TOSSA JUTE,Kisan Pat (BCCO-6),"WEST BENGAL, BIHAR, ODISHA, ASSAM, MAHARASHTRA",28 - 30 Qt/Ha,Yes,Medium
2818,COTTON,LD 949,"PUNJAB, HARYANA, RAJASTHAN",22 - 24 Qt/Ha,Yes,Early
2819,TORIA,Pant Toria-508 (PTE-2008-2),UTTARAKHAND,12 - 15 Qt/Ha,Yes,Medium
2820,PADDY (DHAN),Chhattisgarh Sugandhit Bhog,CHHATTISGARH,38 - 40 Qt/Ha,Yes,Medium
2821,SWEET POTATO,Bhu Krishna (ST-13),"ODISHA, WEST BENGAL",180 - 200 Qt/Ha,Yes,Medium
2822,Greater Yam,Bhu Swar (Da-25),ODISHA,20 - 25 Qt/Ha,Yes,Late
2823,PADDY (DHAN),CARI Dhan-1 (Quing Livan No. 1),ANDAMAN AND NICOBAR ISLANDS,48 - 50 Qt/Ha,Yes,Medium
2824,Maize (fodder),Pusa Super Sweet Corn 1 (ASKH4),"KASHMIR, JAMMU AND KASHMIR, HIMACHAL PRADESH, UTTARAKHAND, NAGALAND, SIKKIM, MEGHALAYA, MIZORAM, MANIPUR, PUNJAB, RAJASTHAN, WEST BENGAL, TRIPURA, TELANGANA, TAMIL NADU, UTTAR PRADESH, ODISHA, PUDUCHERRY, KARNATAKA, JHARKHAND, BIHAR",14 - 15 Qt/Ha,Yes,Medium
2825,COTTON,C 9344 BG II,"MAHARASHTRA, MADHYA PRADESH, GUJARAT",20 - 22 Qt/Ha,Yes,Medium
2826,LUCERNE (ALFALFA),LUCERNE CO 3 (TNLC 14),"TAMIL NADU, KARNATAKA, TELANGANA",504 - 506 Qt/Ha,Yes,Medium
2827,CARDAMOM,IISR (Avinash),"KERALA, KARNATAKA",8 - 10 Qt/Ha,Yes,Medium
2828,SUNFLOWER,KBSH- 78,KARNATAKA,10 - 12 Qt/Ha,Yes,Early
2829,MAIZE (MAKKA),ADV 762 (ADV 7022),"KARNATAKA, ANDHRA PRADESH, TELANGANA, TAMIL NADU, MAHARASHTRA",75 - 80 Qt/Ha,Yes,Late
2830,PADDY (DHAN),ZincoRice-MS (IET 25477) (R-RHZ-LI-23),"CHHATTISGARH, WEST BENGAL, ODISHA",55 - 60 Qt/Ha,Yes,Medium
2831,SUGARCANE (NOBLE CANE),CoLk 12209,"UTTAR PRADESH, JHARKHAND, WEST BENGAL, ASSAM",770 - 778 Qt/Ha,Yes,Late
2832,COTTON,MRC-7377,"ANDHRA PRADESH, TELANGANA, TAMIL NADU, KARNATAKA",20 - 25 Qt/Ha,Yes,Late
2833,LENTIL (MASUR),VL Masoor 148 (VL 148),"UTTARAKHAND, HIMACHAL PRADESH, JAMMU AND KASHMIR, ARUNACHAL PRADESH, ASSAM, MANIPUR, MEGHALAYA, MIZORAM, NAGALAND, TRIPURA",11 - 13 Qt/Ha,Yes,Late
2834,WHEAT,SHUATS- W 13 (AAI-13),UTTAR PRADESH,38 - 40 Qt/Ha,Yes,Medium
2835,Sorghum (fodder),CSH 40F (SPV 1797) (UTFSH 2)),"DELHI, GUJARAT, HARYANA, TAMIL NADU, RAJASTHAN, KARNATAKA, MAHARASHTRA, MADHYA PRADESH, PUNJAB, UTTARAKHAND, UTTAR PRADESH",559 - 560 Qt/Ha,Yes,Early
2836,SUGARCANE (NOBLE CANE),VSI 12121 (VSI 08005),"CHANDIGARH, MAHARASHTRA, MADHYA PRADESH, KARNATAKA, TELANGANA",141 - 150 Qt/Ha,Yes,Late
2837,MAIZE (MAKKA),PAC 751 (Hybrid),ASSAM,65 - 70 Qt/Ha,Yes,Medium
2838,BANYARD MILLET,DHBM-23-3 (DHB-23-3),"ANDAMAN AND NICOBAR ISLANDS, ANDHRA PRADESH, ARUNACHAL PRADESH, ASSAM, BIHAR, CHANDIGARH, CHHATTISGARH, DADRA AND NAGAR HAVELI, DAMAN AND DIU, DELHI, GOA, GUJARAT, HARYANA, HIMACHAL PRADESH, JAMMU, JAMMU AND KASHMIR, JHARKHAND, KARNATAKA, KASHMIR, KERALA, LADAKH, LAKSHADWEEP, MADHYA PRADESH, MANIPUR, MEGHALAYA, MIZORAM, NAGALAND, ODISHA, PUDUCHERRY, RAJASTHAN, SIKKIM, TAMIL NADU, TELANGANA, TRIPURA, UTTARAKHAND, MAHARASHTRA, UTTAR PRADESH, WEST BENGAL",18 - 25 Qt/Ha,Yes,Medium
2839,BANYARD MILLET,DHBM-93-3 (DHB-93-3),"ANDAMAN AND NICOBAR ISLANDS, ANDHRA PRADESH, ARUNACHAL PRADESH, ASSAM, BIHAR, CHANDIGARH, DADRA AND NAGAR HAVELI, DAMAN AND DIU, DELHI, GOA, GUJARAT, HARYANA, HIMACHAL PRADESH, JAMMU, JAMMU AND KASHMIR, JHARKHAND, KARNATAKA, KASHMIR, KERALA, LADAKH, LAKSHADWEEP, MADHYA PRADESH, MAHARASHTRA, MANIPUR, MEGHALAYA, MIZORAM, NAGALAND, ODISHA, PUDUCHERRY, PUNJAB, RAJASTHAN, SIKKIM, TAMIL NADU, TELANGANA, TRIPURA, UTTARAKHAND, UTTAR PRADESH, WEST BENGAL",23 - 24 Qt/Ha,Yes,Medium
2840,PADDY (DHAN),Varam (IET 25495) (MTU 1190),"MAHARASHTRA, ANDHRA PRADESH, TELANGANA, TAMIL NADU, CHHATTISGARH",57 - 60 Qt/Ha,Yes,Late
2841,FENUGREEK,Jammu Fenugreek-07,JAMMU,200 - 250 Qt/Ha,Yes,Medium
2842,PEARL MILLET,MP7878 (MH2155),"UTTAR PRADESH, PUNJAB, MADHYA PRADESH, RAJASTHAN, GUJARAT, HARYANA, DELHI",41 - 42 Qt/Ha,Yes,Medium
2843,PEARL MILLET,PB 1720 (MH 2107) (PB 1720),"MADHYA PRADESH, UTTAR PRADESH, RAJASTHAN, PUNJAB, GUJARAT, HARYANA",33 - 34 Qt/Ha,Yes,Medium
2844,SAFFLOWER,Purna (PBNS-86),MAHARASHTRA,9 - 12 Qt/Ha,Yes,Medium
2845,LINSEED,RAJAN (LCK 1009),UTTAR PRADESH,15 - 16 Qt/Ha,Yes,Late
2846,PADDY (DHAN),PDKV TILAK (SYE-503-78-34-2),MAHARASHTRA,28 - 29 Qt/Ha,Yes,Late
2847,MAIZE (MAKKA),Pusa Biofortified Maize Hybried-1,"JAMMU AND KASHMIR, HIMACHAL PRADESH, UTTARAKHAND, MEGHALAYA, SIKKIM, ASSAM, TRIPURA, NAGALAND, MANIPUR, ARUNACHAL PRADESH, UTTAR PRADESH, JHARKHAND, BIHAR, ODISHA, WEST BENGAL",67 - 68 Qt/Ha,Yes,Medium
2848,SORGHUM,CSH 47 (SPH 1798),"ANDAMAN AND NICOBAR ISLANDS, ANDHRA PRADESH, ARUNACHAL PRADESH, ASSAM, BIHAR, CHANDIGARH, CHHATTISGARH, DADRA AND NAGAR HAVELI, DAMAN AND DIU, DELHI, GOA, GUJARAT, HARYANA, HIMACHAL PRADESH, JAMMU, JAMMU AND KASHMIR, JHARKHAND, KARNATAKA, KASHMIR, KERALA, LADAKH, LAKSHADWEEP, MADHYA PRADESH, MAHARASHTRA, MANIPUR, MEGHALAYA, MIZORAM, NAGALAND, ODISHA, PUDUCHERRY, PUNJAB, RAJASTHAN, SIKKIM, TAMIL NADU, TELANGANA, TRIPURA, UTTARAKHAND, UTTAR PRADESH, WEST BENGAL",66 - 67 Qt/Ha,Yes,Late
2849,COTTON,C 9313 BG II,"HARYANA, PUNJAB, RAJASTHAN",36 - 37 Qt/Ha,Yes,Medium
2850,COTTON,SP7670 BG II (SZ),"MAHARASHTRA, MADHYA PRADESH, RAJASTHAN",17 - 18 Qt/Ha,Yes,Medium
2851,SESAME (GINGELLY),RT 372,"HARYANA, HIMACHAL PRADESH, KARNATAKA, MADHYA PRADESH, GUJARAT, UTTAR PRADESH, TELANGANA",6 - 6.5 Qt/Ha,Yes,Medium
2852,CASSAVA (TAPIOCA),Sree Swarna (Ci-800),KERALA,430 - 500 Qt/Ha,Yes,Early
2853,PIGEON PEA (RED GRAM/ARHAR),IPA 15-2,UTTAR PRADESH,21 - 24 Qt/Ha,Yes,Late
2854,COTTON,LHDP Cotton - 1,ANDHRA PRADESH,17 - 19 Qt/Ha,Yes,Medium
2855,PADDY (DHAN),"CG Barani Dhan-2 (R-RF-105, IET No. 24690)",CHHATTISGARH,35 - 40 Qt/Ha,Yes,Early
2856,ITALIAN MILLET (FOX TAIL MILLET),DHFt-109-3,KARNATAKA,26 - 29 Qt/Ha,Yes,Late
2857,PADDY (DHAN),Arize 6129 Gold BS-129G (HRI 179) (IET 22878),UTTAR PRADESH,79 - 80 Qt/Ha,Yes,Early
2858,PEAS,HFP 1428,"UTTAR PRADESH, UTTARAKHAND, JAMMU AND KASHMIR",25 - 26 Qt/Ha,Yes,Medium
2859,PADDY (DHAN),YNP 9761 (IET 24338) (YNP 9761),"CHHATTISGARH, BIHAR, WEST BENGAL, ODISHA",62 - 63 Qt/Ha,Yes,Early
2860,PEARL MILLET,PB 1852 (MH-2224),"RAJASTHAN, GUJARAT, HARYANA, PUNJAB, DELHI, MADHYA PRADESH, UTTAR PRADESH",29 - 38 Qt/Ha,Yes,Medium
2861,PEARL MILLET,JKBH-1326 (MH 2228),"RAJASTHAN, GUJARAT, HARYANA, MADHYA PRADESH, UTTAR PRADESH, PUNJAB",35 - 40 Qt/Ha,Yes,Medium
2862,SUNFLOWER,TILHAN TECH SUNH-1,"UTTARAKHAND, JAMMU AND KASHMIR, GUJARAT, MAHARASHTRA, KARNATAKA, ANDHRA PRADESH, TELANGANA, TAMIL NADU",15 - 20 Qt/Ha,Yes,Medium
2863,LINSEED,RLC 167,"CHHATTISGARH, HIMACHAL PRADESH, PUNJAB",11 - 14 Qt/Ha,Yes,Late
2864,PIGEON PEA (RED GRAM/ARHAR),LRG 133-33,"ANDHRA PRADESH, KARNATAKA, TAMIL NADU, TELANGANA",15 - 17 Qt/Ha,Yes,Medium
2865,MAIZE (MAKKA),Hi-Brix 39 (ADVSW-1),MADHYA PRADESH,113 - 115 Qt/Ha,Yes,Medium
2866,SOYBEAN,NRC 128,"BIHAR, CHHATTISGARH, JHARKHAND, ODISHA, WEST BENGAL, UTTAR PRADESH, PUNJAB",26 - 28 Qt/Ha,Yes,Late
2867,CASTOR,ICH-66,"ANDHRA PRADESH, KARNATAKA, TAMIL NADU, TELANGANA, ODISHA",15 - 16 Qt/Ha,Yes,Medium
2868,SORGHUM,TANDUR JOWAR-44 (MADHU),GUJARAT,27 - 28 Qt/Ha,Yes,Late
2869,OAT,HFO 427,"TELANGANA, TAMIL NADU, KERALA, KARNATAKA",10 - 11 Qt/Ha,Yes,Early
2870,PADDY (DHAN),27P27 (IET 25745)(PHI-16101),"HARYANA, PUNJAB, UTTARAKHAND, RAJASTHAN, JAMMU AND KASHMIR, CHHATTISGARH, MADHYA PRADESH, MAHARASHTRA",65 - 72 Qt/Ha,Yes,Medium
2871,MAIZE (MAKKA),VL QPM Hybrid 59 (FQH 106),UTTARAKHAND,12 - 13 Qt/Ha,Yes,Early
2872,COTTON,ARCH 045 BG II,"GUJARAT, MADHYA PRADESH, MAHARASHTRA",28 - 30 Qt/Ha,Yes,Early
2873,BENGAL GRAM (CHICK PEA),Jawahar Gram Kabuli 6 (JGK 6) (JGK 2017-32),"PUNJAB, HARYANA, UTTAR PRADESH, DELHI, RAJASTHAN, JAMMU AND KASHMIR",14 - 18 Qt/Ha,Yes,Medium
2874,MAIZE (MAKKA),IQMH 202 (LQMH-2) (IIMRQPMH-1601),"PUNJAB, HARYANA, UTTAR PRADESH, UTTARAKHAND, DELHI",70 - 75 Qt/Ha,Yes,Medium
2875,MAIZE (MAKKA),HT 17169,"DELHI, HARYANA, PUNJAB, UTTAR PRADESH",80 - 120 Qt/Ha,Yes,Late
2876,COTTON,ACH-1155-2 BG II,"TAMIL NADU, TELANGANA, KARNATAKA, ANDHRA PRADESH",20 - 22 Qt/Ha,Yes,Late
2877,BENGAL GRAM (CHICK PEA),Raj Vijay Kabuli Gram 2020 (RVKG 2020) (RVSSG 63),"PUNJAB, RAJASTHAN, UTTARAKHAND, HARYANA",20 - 23 Qt/Ha,Yes,Late
2878,BENGAL GRAM (CHICK PEA),RG 2015-8 (CG Lochan Chana),"CHHATTISGARH, MADHYA PRADESH",22 - 23 Qt/Ha,Yes,Early
2879,LITTLE MILLET,CLMV 1 (JAICAR Sama-1 /LMV 518),"ANDHRA PRADESH, MAHARASHTRA, PUDUCHERRY, TELANGANA, TAMIL NADU",15 - 20 Qt/Ha,Yes,Medium
2880,BENGAL GRAM (CHICK PEA),Pusa Chickpea 20211 (Pusa Chickpea Manav),"MADHYA PRADESH, MAHARASHTRA, GUJARAT",23 - 25 Qt/Ha,Yes,Early
2881,FINGER MILLET (RAGI),CFMV 2 (FMV 1118) (GN-9/Gira),"ANDHRA PRADESH, CHHATTISGARH, GUJARAT, MAHARASHTRA, ODISHA",26 - 29 Qt/Ha,Yes,Medium
2882,SORGHUM,CSH-42 (SPH-1883) (Sorghum),"ANDHRA PRADESH, GUJARAT, MADHYA PRADESH, KARNATAKA",50 - 90 Qt/Ha,Yes,Early
2883,BARLEY,DWRB 182,"PUNJAB, HARYANA, DELHI, UTTAR PRADESH, RAJASTHAN",40 - 50 Qt/Ha,Yes,Medium
2884,WHEAT,HI 1634 (Pusa Ahilya),"MADHYA PRADESH, CHHATTISGARH, GUJARAT, RAJASTHAN, UTTAR PRADESH",40 - 55 Qt/Ha,Yes,Early
2885,COTTON,NBC-1103 BG II,"ANDHRA PRADESH, KARNATAKA, TELANGANA, TAMIL NADU",17 - 22 Qt/Ha,Yes,Early
2886,COTTON,CICR-H Cotton 36 (Suraksha),"GUJARAT, MADHYA PRADESH, MAHARASHTRA, ANDHRA PRADESH, TAMIL NADU, TELANGANA, KARNATAKA",15 - 17 Qt/Ha,Yes,Medium
2887,SUGARCANE (NOBLE CANE),Sri Mukhi (CoA 11321),ANDHRA PRADESH,1280 - 1300 Qt/Ha,Yes,Early
2888,CASTOR,Jawahar Castor-26 (JC-26),"MADHYA PRADESH, MAHARASHTRA, CHHATTISGARH, ANDHRA PRADESH, GUJARAT, KARNATAKA, TELANGANA",21 - 24 Qt/Ha,Yes,Medium
2889,SORGHUM,CSV-37 (SPV-2366),"KARNATAKA, ANDHRA PRADESH, MAHARASHTRA",35 - 37 Qt/Ha,Yes,Early
2890,OAT,Central Oat OS 405 (OS 405),"MAHARASHTRA, GUJARAT, MADHYA PRADESH, CHHATTISGARH",15.4 - 17 Qt/Ha,Yes,Perennial
2891,INDIAN MUSTARD,SVJH-108,HARYANA,33 - 37 Qt/Ha,Yes,Medium
2892,WATERMELON,Gujarat Kalingada 2 (SKNK 1102),"RAJASTHAN, GUJARAT",73 - 74 Qt/Ha,Yes,Early
2893,SESAME (GINGELLY),Suprava (CUMS-17),"ANDAMAN AND NICOBAR ISLANDS, ANDHRA PRADESH, ARUNACHAL PRADESH, ASSAM, BIHAR, CHANDIGARH, CHHATTISGARH, DADRA AND NAGAR HAVELI, DAMAN AND DIU, DELHI, GOA, GUJARAT, HARYANA, HIMACHAL PRADESH, JAMMU, JAMMU AND KASHMIR, JHARKHAND, KARNATAKA, KASHMIR, KERALA, LADAKH, LAKSHADWEEP, MADHYA PRADESH, MAHARASHTRA, MANIPUR, MEGHALAYA, MIZORAM, NAGALAND, ODISHA, PUDUCHERRY, PUNJAB, RAJASTHAN, SIKKIM, TAMIL NADU, TELANGANA, TRIPURA, UTTARAKHAND, UTTAR PRADESH, WEST BENGAL",10 - 11 Qt/Ha,Yes,Medium
2894,PADDY (DHAN),ADT 54 (AD 09493) (IET 24249),TAMIL NADU,63.07 - 67.86 Qt/Ha,Yes,Medium
2895,GROUNDNUT,NITYA HARITHA,"MAHARASHTRA, MADHYA PRADESH",26 - 27 Qt/Ha,Yes,Medium
2896,Maize (fodder),PUSA JAWAHAR HYBRID MAIZE-1,MADHYA PRADESH,64 - 65 Qt/Ha,Yes,Medium
2897,PEARL MILLET,PA 9385 (MSH 353 (PB 1877),"UTTAR PRADESH, GUJARAT, RAJASTHAN, PUNJAB, MAHARASHTRA, TAMIL NADU",50 - 51 Qt/Ha,Yes,Late
2898,FINGER MILLET (RAGI),CO 15,TAMIL NADU,32 - 33 Qt/Ha,Yes,Late
2899,LITTLE MILLET,TNPsu 177 (ATL 1),TAMIL NADU,14 - 15 Qt/Ha,Yes,Early
2900,CORIANDER,Jammu Coriander-07,JAMMU AND KASHMIR,200 - 250 Qt/Ha,Yes,Medium
2901,POINTED GOURD (PARWAL),Kashi Suphal (VRPG-2),UTTAR PRADESH,195 - 200 Qt/Ha,Yes,Medium
2902,ONION,Pusa Sona (Sel. 153-1) (OSR 1347),"DELHI, RAJASTHAN, HARYANA, JAMMU AND KASHMIR, PUNJAB",250 - 300 Qt/Ha,Yes,Early
2903,COTTON,NCS 2778 Bt2 (Hybrid),"TELANGANA, ANDHRA PRADESH, KARNATAKA, TAMIL NADU",26 - 27 Qt/Ha,Yes,Early
2904,MANGO,Jammu Mango (Selection-05),JAMMU,12 - 15 Qt/Ha,Yes,Medium
2905,BROCCOLI,Jammu Brocoli-07 (Early Green),JAMMU,147 - 148 Qt/Ha,Yes,Early
2906,SPINACH,Kashi Poi-2 (VRV-31),UTTAR PRADESH,61 - 62 Qt/Ha,Yes,Medium
2907,MAIZE (MAKKA),RCRMH-4,KARNATAKA,45 - 55 Qt/Ha,Yes,Medium
2908,MUSK MELON,Pusa Sarda (DHM-163),DELHI,544 - 600 Qt/Ha,Yes,Medium
2909,BHINDI (OKRA),Kashi Chaman (VRO-109),UTTAR PRADESH,150 - 160 Qt/Ha,Yes,Medium
2910,BHINDI (OKRA),Kashi Lalima (VROR-157),UTTAR PRADESH,140 - 150 Qt/Ha,Yes,Medium
2911,CUCUMBER,DC-82 (Pusa Barkha),DELHI,184 - 190 Qt/Ha,Yes,Early
2912,INDIAN BEAN (DOLICHOS BEAN),Gujarat Junagarh Indian Bean-2 (GJIB-2),GUJARAT,112 - 115 Qt/Ha,Yes,Medium
2913,ONION,CO (On) 5,TAMIL NADU,180 - 200 Qt/Ha,Yes,Medium
2914,SWEET POTATO,Sweet Potato CO 5,TAMIL NADU,280 - 290 Qt/Ha,Yes,Medium
2915,SNAKE GOURD,PLR (SG) 2 (White Short),TAMIL NADU,300 - 350 Qt/Ha,Yes,Medium
2916,SAPOTA (CHIKOO),PKM(Sa) 5,TAMIL NADU,170 - 180 Qt/Ha,Yes,Early
2917,TURMERIC,CO 2,TAMIL NADU,400 - 450 Qt/Ha,Yes,Medium
2918,FENUGREEK,Pratap Raj Methi,RAJASTHAN,20 - 22 Qt/Ha,Yes,Medium
2919,TURMERIC,IISR PRAGATI,"KERALA, KARNATAKA, ANDHRA PRADESH, TAMIL NADU, TELANGANA, CHHATTISGARH",350 - 380 Qt/Ha,Yes,Medium
2920,SWEET POTATO,Bhu Swami (ST-10),ODISHA,230 - 240 Qt/Ha,Yes,Medium
2921,SWEET POTATO,Bhu Sona (ST-14),ODISHA,198 - 220 Qt/Ha,Yes,Medium
2922,SWEET POTATO,Bhu Kanti (SIP440127),"ODISHA, WEST BENGAL",230 - 240 Qt/Ha,Yes,Medium
2923,GRAPES,Pusa Aditi [Hybrid 75-32 ('Banqui Abyad' x 'Perlette')],"DELHI, UTTAR PRADESH, CHHATTISGARH, MADHYA PRADESH, PUNJAB, RAJASTHAN, TELANGANA, ANDHRA PRADESH, WEST BENGAL, MIZORAM, JHARKHAND, ODISHA",180 - 200 Qt/Ha,Yes,Early
2924,TURMERIC,Lavanya Kovvur Turmeric Selection-3 (KTS-3),KERALA,550 - 650 Qt/Ha,Yes,Medium
2925,INDIAN BEAN (DOLICHOS BEAN),Indra Winged Bean-2(RMD WB-1),"CHHATTISGARH, JHARKHAND, MAHARASHTRA",54 - 55 Qt/Ha,Yes,Medium
2926,BANANA,Phule Pride,MAHARASHTRA,970 - 1000 Qt/Ha,Yes,Early
2927,CHILLIES,LCA-625,ANDHRA PRADESH,65 - 70 Qt/Ha,Yes,Medium
2928,Greater Yam,Sree Swathy (Da 11),KERALA,300 - 350 Qt/Ha,Yes,Medium
2929,CASSAVA (TAPIOCA),Sree Pavithra (CI-1200),KERALA,350 - 380 Qt/Ha,Yes,Medium
2930,CHRYSANTHEMUM,Arka Kirti,"WEST BENGAL, TAMIL NADU, TELANGANA, TRIPURA, UTTARAKHAND, UTTAR PRADESH, NAGALAND, ODISHA, PUDUCHERRY, PUNJAB, RAJASTHAN, SIKKIM, ANDAMAN AND NICOBAR ISLANDS, ANDHRA PRADESH, ARUNACHAL PRADESH, ASSAM, BIHAR, CHANDIGARH, CHHATTISGARH, DADRA AND NAGAR HAVELI, DAMAN AND DIU, DELHI, GOA, GUJARAT, HARYANA, HIMACHAL PRADESH, JAMMU",12 - 20 Qt/Ha,Yes,Medium
2931,MANGO,Pusa Ialima [Hybrid h-4-12 (Dasherhari x Sensation)],"DELHI, UTTAR PRADESH, UTTARAKHAND, CHHATTISGARH, HIMACHAL PRADESH, MADHYA PRADESH, PUNJAB, RAJASTHAN, WEST BENGAL, JHARKHAND, ODISHA",14 - 16 Qt/Ha,Yes,Early
2932,INDIAN BEAN (DOLICHOS BEAN),Kashi Baingani (VRFBP-14),"JAMMU AND KASHMIR, HIMACHAL PRADESH, UTTARAKHAND, MADHYA PRADESH, MAHARASHTRA, GOA, KARNATAKA, KERALA, TAMIL NADU, PUDUCHERRY",120 - 160 Qt/Ha,Yes,Early
2933,PEA (VEGETABLE),VL Sabji Matar- 14 (VP-1018),UTTARAKHAND,118 - 120 Qt/Ha,Yes,Medium
2934,ONION,Aggregatum Onion (CO-6),TAMIL NADU,190 - 210 Qt/Ha,Yes,Early
2935,CORIANDER,Ajmer Green Coriander-1 (AGCr-1),RAJASTHAN,74 - 75 Qt/Ha,Yes,Late
2936,GARLIC,Gujarat Garlic-7 (GG-7: Anand Kesari),GUJARAT,79 - 80 Qt/Ha,Yes,Medium
2937,YARD LONG BEAN,Arka Mangala,"PUNJAB, UTTAR PRADESH, BIHAR, JHARKHAND, KERALA, KARNATAKA, TAMIL NADU",240 - 250 Qt/Ha,Yes,Medium
2938,BRINJAL,ABU (GB 09-12),ASSAM,240 - 290 Qt/Ha,Yes,Medium
2939,FENUGREEK,Lam Methi-2 (LFC-84/APHU Methi-1),ANDHRA PRADESH,12 - 15 Qt/Ha,Yes,Medium
2940,marigold,Arka Pari (IIHR Mo-2),"KERALA, KARNATAKA, TAMIL NADU",9 - 12 Qt/Ha,Yes,Early
2941,COCONUT,Kamrupa (Assam Green Tall),ASSAM,98 - 100 Qt/Ha,Yes,Medium
2942,BANANA,H.212 (CO.2 Banana),TAMIL NADU,310 - 330 Qt/Ha,Yes,Perennial
2943,MANGO,Pusa Peetamber [Hybrid H-2-6 (Amrapali x Lal Sundari)],"DELHI, UTTAR PRADESH, UTTARAKHAND, CHHATTISGARH, MADHYA PRADESH, PUNJAB, RAJASTHAN, WEST BENGAL, JHARKHAND, ODISHA",140 - 150 Qt/Ha,Yes,Medium
2944,FENUGREEK,Lam Sonali (LFC-103/Lam Methi-3),"ANDHRA PRADESH, TELANGANA",12 - 15 Qt/Ha,Yes,Medium
2945,CHILLIES,LCH-111,"ANDHRA PRADESH, TELANGANA",75 - 80 Qt/Ha,Yes,Medium
2946,AJWAIN (BISHOPS WEED),Ajmer Ajwain-73 (AA-73),"UTTAR PRADESH, RAJASTHAN, GUJARAT, MADHYA PRADESH, HARYANA, CHHATTISGARH, ANDHRA PRADESH",10 - 15 Qt/Ha,Yes,Medium
2947,SWEET POTATO,Bhu Ja (CIPSWA-2),ODISHA,220 - 225 Qt/Ha,No,Medium
2948,TOMATO,CTH-1,TAMIL NADU,958 - 959 Qt/Ha,Yes,Medium
2949,POTATO,Kufri Thar-2 (CP4175),"UTTAR PRADESH, RAJASTHAN, HARYANA, CHHATTISGARH",300 - 350 Qt/Ha,Yes,Medium
2950,POTATO,Kufri Thar-1 (WE/05-146) (CP: 4486),"UTTARAKHAND, UTTAR PRADESH, HIMACHAL PRADESH, BIHAR, WEST BENGAL, ANDHRA PRADESH, ODISHA",350 - 400 Qt/Ha,Yes,Medium
2951,CAPSICUM,NCCH- 705,"JAMMU AND KASHMIR, HIMACHAL PRADESH, UTTARAKHAND, KARNATAKA, KERALA, TAMIL NADU",210 - 213 Qt/Ha,Yes,Medium
2952,POTATO,Kufri Karan (SM/00-42),"ANDHRA PRADESH, BIHAR, CHHATTISGARH, DELHI, HARYANA, GUJARAT, HIMACHAL PRADESH, JHARKHAND, MAHARASHTRA, PUNJAB, RAJASTHAN, UTTAR PRADESH, WEST BENGAL",250 - 300 Qt/Ha,Yes,Medium
2953,TURMERIC,IISR Prathiba,"ANDAMAN AND NICOBAR ISLANDS, ANDHRA PRADESH, ARUNACHAL PRADESH, ASSAM, BIHAR, CHANDIGARH, CHHATTISGARH, DADRA AND NAGAR HAVELI, DAMAN AND DIU, DELHI, GOA, GUJARAT, HARYANA, HIMACHAL PRADESH, JAMMU, JAMMU AND KASHMIR, JHARKHAND, KARNATAKA, KASHMIR, KERALA, LADAKH, LAKSHADWEEP, MADHYA PRADESH, MAHARASHTRA, MANIPUR, MEGHALAYA, MIZORAM, NAGALAND, ODISHA, PUDUCHERRY, PUNJAB, RAJASTHAN, SIKKIM, TAMIL NADU, TELANGANA, TRIPURA, UTTARAKHAND, UTTAR PRADESH, WEST BENGAL",39 - 40 Qt/Ha,Yes,Medium
2954,POTATO,Kufri Thar-3 (J/92-167),"BIHAR, DELHI, UTTAR PRADESH, WEST BENGAL, MADHYA PRADESH, HARYANA",300 - 340 Qt/Ha,Yes,Medium
2955,marigold,Arka Bangara-2,"ASSAM, WEST BENGAL, PUNJAB, UTTAR PRADESH, BIHAR, JHARKHAND, CHHATTISGARH, ODISHA, ANDHRA PRADESH, KARNATAKA, KERALA, TAMIL NADU, PUDUCHERRY",100 - 110 Qt/Ha,Yes,Medium
2956,TOMATO,Kashi Tamatar-8 (Kashi Chayan),"UTTAR PRADESH, KARNATAKA, GUJARAT, MADHYA PRADESH, CHHATTISGARH, TELANGANA, BIHAR",550 - 600 Qt/Ha,Yes,Medium
2957,CAULIFLOWER,Pusa Ashwini (DC 31) (Sel.67),"BIHAR, CHANDIGARH, DELHI, HARYANA, PUNJAB, UTTAR PRADESH",200 - 250 Qt/Ha,Yes,Early
2958,ONION,Hisar Onion 4,"BIHAR, CHANDIGARH, DELHI, HARYANA, JHARKHAND, KARNATAKA, MADHYA PRADESH, MAHARASHTRA, PUNJAB, RAJASTHAN, UTTAR PRADESH, WEST BENGAL",300 - 315 Qt/Ha,Yes,Medium
2959,ARECANUT (SUPARI),Shatamangala (VTL-146),"KERALA, KARNATAKA",3.98+ Qt/Ha,Yes,Medium
2960,MAIZE (MAKKA),Bisco Champion 61 (Bisco 2238),"JAMMU AND KASHMIR, HIMACHAL PRADESH, UTTARAKHAND, MAHARASHTRA, ANDHRA PRADESH, KARNATAKA, TAMIL NADU",75 - 85 Qt/Ha,Yes,Medium
2961,DHAINCHA,Gujarat Dhaincha-1 (Vasyndhara),GUJARAT,83 - 84 Qt/Ha,Yes,Early
2962,ITALIAN MILLET (FOX TAIL MILLET),HagariNavane- 46 (HN-46),KARNATAKA,16 - 18 Qt/Ha,Yes,Medium
2963,SNAP MELON,Konkan Madhur (DPLSM-2),MAHARASHTRA,150 - 160 Qt/Ha,Yes,Medium
2964,ITALIAN MILLET (FOX TAIL MILLET),ATL 1 (TNSi 331),TAMIL NADU,21 - 28 Qt/Ha,Yes,Medium
2965,Sorghum (fodder),CO 32 (SPV 2369),TAMIL NADU,24 - 29 Qt/Ha,Yes,Medium
2966,BENGAL GRAM (CHICK PEA),Chhattisgarh Channa- 2 (CG Chana-2),CHHATTISGARH,19 - 25 Qt/Ha,Yes,Medium
2967,ONION,Gujarat Junagadh Onion-11 (GJRO-11),GUJARAT,323 - 325 Qt/Ha,Yes,Medium
2968,SPONGE GOURD,Gujarat Junagadh Sponge Gourd-2 (GJSG-2),GUJARAT,110 - 115 Qt/Ha,Yes,Early
2969,BLACK GRAM,VBN 11 (VBG 12-062),TAMIL NADU,12 - 13 Qt/Ha,Yes,Medium
2970,Maize (fodder),GAPCH-21 Mahashweta (IHPC-1203) (Hybrid),GUJARAT,36 - 40 Qt/Ha,Yes,Medium
2971,COTTON,CO 17 (TCH 1819),TAMIL NADU,24 - 28 Qt/Ha,Yes,Early
2972,PEAS,Kota Matar 1 (KPF 101),RAJASTHAN,18.11 - 19.53 Qt/Ha,Yes,Medium
2973,BENGAL GRAM (CHICK PEA),Phule Vikram (Phule G-08108),MAHARASHTRA,16 - 21 Qt/Ha,Yes,Medium
2974,PADDY (DHAN),PNPH 24 (IET 21406),"WEST BENGAL, ODISHA, ASSAM, BIHAR",95 - 96 Qt/Ha,Yes,Medium
2975,MAIZE (MAKKA),NMH-731,"ANDHRA PRADESH, KARNATAKA, TAMIL NADU, MAHARASHTRA",98 - 105 Qt/Ha,Yes,Late
2976,PADDY (DHAN),Hybrid lndam 200- 022 (lndam 200-022) (IET 20710),ANDHRA PRADESH,60 - 65 Qt/Ha,Yes,Early
2977,PEAS,Central Field pea IPFD 12-2 (IPFD 12-2),"MADHYA PRADESH, CHHATTISGARH, GUJARAT, RAJASTHAN",23 - 25 Qt/Ha,Yes,Medium
2978,SUGARCANE (NOBLE CANE),Rajendra Ganna-1 (CoP 16437),"BIHAR, WEST BENGAL, ASSAM, UTTAR PRADESH",830 - 935 Qt/Ha,Yes,Early
2979,PEARL MILLET,CO 10,TAMIL NADU,37.67 - 37.67 Qt/Ha,Yes,Medium
2980,PEARL MILLET,HHB-299 (MH 2076),"RAJASTHAN, HARYANA, GUJARAT, MADHYA PRADESH, PUNJAB, DELHI, TELANGANA, MAHARASHTRA, TAMIL NADU",32.74 - 32.74 Qt/Ha,Yes,Medium
2981,PEARL MILLET,RHB 233 (MH 2173),"RAJASTHAN, HARYANA, GUJARAT, MADHYA PRADESH, PUNJAB, DELHI, MAHARASHTRA, TAMIL NADU",31.57 - 31.57 Qt/Ha,Yes,Medium
2982,PEARL MILLET,RHB 234 (MH 2174),"DELHI, HARYANA, GUJARAT, MADHYA PRADESH, PUNJAB, MAHARASHTRA, TAMIL NADU, RAJASTHAN",31.69 - 31.69 Qt/Ha,Yes,Medium
2983,PEARL MILLET,Central Pearl Millet Variety ABV 04 (MP 552),"MAHARASHTRA, KARNATAKA, ANDHRA PRADESH, TAMIL NADU, TELANGANA",28.63 - 28.63 Qt/Ha,Yes,Late
2984,ONION,Bhima Shakti (NRCRO2/1156),"ANDHRA PRADESH, CHHATTISGARH, KARNATAKA, MADHYA PRADESH, MAHARASHTRA, BIHAR, DELHI, GUJARAT, HARYANA, ODISHA, PUNJAB, UTTAR PRADESH, RAJASTHAN",280 - 300 Qt/Ha,Yes,Medium
2985,PEARL MILLET,HHB 311 (MH 2179),"RAJASTHAN, HARYANA, GUJARAT, MADHYA PRADESH, PUNJAB, DELHI, MAHARASHTRA, TAMIL NADU",31.73 - 31.73 Qt/Ha,Yes,Medium
2986,PEARL MILLET,RHB 228 (MH 2098),RAJASTHAN,27.57 - 27.57 Qt/Ha,Yes,Early
2987,GROUNDNUT,NITYA HARITHA (TCGS 1157),"MAHARASHTRA, MADHYA PRADESH",2655 - 2657 Qt/Ha,Yes,Late
2988,ONION,Bhima Safed,"CHHATTISGARH, GUJARAT, KARNATAKA, MADHYA PRADESH, MAHARASHTRA, ODISHA, RAJASTHAN, TAMIL NADU",180 - 200 Qt/Ha,Yes,Medium
2989,INDIAN MUSTARD,DRMR 150-35 (Bharat Sarson 7),"BIHAR, JHARKHAND, WEST BENGAL, ODISHA, ASSAM, CHHATTISGARH, MANIPUR",13.91 - 18.33 Qt/Ha,Yes,Medium
2990,Black pepper,Panniyur 9,"KERALA, ANDHRA PRADESH, KARNATAKA",31.5 - 31.5 Qt/Ha,Yes,Perennial
2991,BLACK GRAM,LBG 787 (Tulasi),"ANDHRA PRADESH, KARNATAKA, TELANGANA, TAMIL NADU, ANDAMAN AND NICOBAR ISLANDS",13 - 14 Qt/Ha,Yes,Medium
2992,TOSSA JUTE,JRO 2407 SAMAPTI,"ASSAM, BIHAR, ODISHA, WEST BENGAL",33.82 - 33.82 Qt/Ha,Yes,Early
2993,TOSSA JUTE,SHRESTHAA (KJC-7),ODISHA,28.14 - 28.14 Qt/Ha,Yes,Early
2994,BARLEY,RD 2794,"DELHI, HARYANA, PUNJAB, RAJASTHAN, UTTAR PRADESH, BIHAR, ASSAM",30 - 43 Qt/Ha,Yes,Medium
2995,SOYBEAN,A1SB 50 (ADILABAD INDORE SOYA CHIKKUDU-1),TELANGANA,21 - 30 Qt/Ha,Yes,Medium
2996,SOYBEAN,BIRSA SOYBEAN-3 (BAUS-40),JHARKHAND,25 - 30 Qt/Ha,Yes,Late
2997,SOYBEAN,DSb 34,"ANDHRA PRADESH, KARNATAKA, TELANGANA, TAMIL NADU, MAHARASHTRA",26 - 30 Qt/Ha,Yes,Early
2998,GROUNDNUT,GJG 19 (Gujarat Junagadh Groundnut 19) JSP 51),"ODISHA, WEST BENGAL, JHARKHAND, MANIPUR",1860 - 1880 Qt/Ha,Yes,Late
2999,GROUNDNUT,Central Groundnut ALG-06-320 (ALG-06-320),"TAMIL NADU, ANDHRA PRADESH",2741 - 2741 Qt/Ha,Yes,Late
3000,GROUNDNUT,Phule Dhani (JL 1085),"TAMIL NADU, ANDHRA PRADESH, KARNATAKA",3330 - 3333 Qt/Ha,No,Medium
3001,GROUNDNUT,Gujarat Groundnut-34 (GG 34) (AG-2012-06),GUJARAT,3715 - 3715 Qt/Ha,No,Medium
3002,GROUNDNUT,Dheeraj (TCGS 1073),ANDHRA PRADESH,2547 - 3690 Qt/Ha,No,Late
3003,GROUNDNUT,Konkan Bhuratna (RTNG-29),MAHARASHTRA,2500 - 3500 Qt/Ha,Yes,Late
3004,GROUNDNUT,Gujarat Groundnut 41 (JPS 65) (Padma),GUJARAT,2700 - 2722 Qt/Ha,No,Late
3005,GROUNDNUT,Dh 256,"ANDHRA PRADESH, KARNATAKA, TAMIL NADU, TELANGANA",3250 - 3258 Qt/Ha,No,Medium
3006,BLACK GRAM,Kalinga Urd 41 ((OBG 41),"ODISHA, ANDHRA PRADESH, TAMIL NADU, KARNATAKA",11 - 12 Qt/Ha,Yes,Medium
3007,BLACK GRAM,Tirupati Minumu-1 (TBG 104),ANDHRA PRADESH,15.5 - 16 Qt/Ha,Yes,Medium
3008,BLACK GRAM,Pant Urd 8 (PU 11-14),UTTARAKHAND,9 - 10 Qt/Ha,Yes,Medium
3009,BLACK GRAM,Pant Urd 9 (PU 11-25),UTTARAKHAND,10 - 11 Qt/Ha,Yes,Medium
3010,PIGEON PEA (RED GRAM/ARHAR),PAU 881,PUNJAB,13 - 14 Qt/Ha,Yes,Early
3011,SOYBEAN,NRC 136,"WEST BENGAL, BIHAR, JHARKHAND, CHHATTISGARH, ODISHA",17 - 20 Qt/Ha,Yes,Medium
3012,SOYBEAN,MACS 1520,"MADHYA PRADESH, UTTAR PRADESH, GUJARAT, RAJASTHAN, MAHARASHTRA",22 - 24 Qt/Ha,Yes,Medium
3013,SOYBEAN,MACS 1407,"ASSAM, CHHATTISGARH, JHARKHAND, ODISHA, MEGHALAYA, MANIPUR",21 - 30 Qt/Ha,Yes,Medium
3014,SOYBEAN,RSC 11-07,"WEST BENGAL, BIHAR, JHARKHAND, CHHATTISGARH, ODISHA",19 - 22 Qt/Ha,Yes,Medium
3015,SOYBEAN,RSC 10-52,"CHHATTISGARH, BIHAR, JHARKHAND, ODISHA",18 - 20 Qt/Ha,Yes,Late
3016,SOYBEAN,Raj Soya-24 (RVS 2002-4),"MADHYA PRADESH, UTTAR PRADESH, MAHARASHTRA, RAJASTHAN",19 - 21 Qt/Ha,Yes,Medium
3017,SOYBEAN,Pant Soybean 26 (PS 1572),"DELHI, PUNJAB, UTTAR PRADESH, HARYANA",19 - 20 Qt/Ha,Yes,Medium
3018,WHEAT,GW 513,"MADHYA PRADESH, CHHATTISGARH, GUJARAT, RAJASTHAN, UTTAR PRADESH",70 - 80 Qt/Ha,Yes,Medium
3019,RICE BEAN (RED BEAN),Bidhan Rice Bean-3 (KRB-19),,,No,
3020,WHEAT,Sunehri (PBW766),PUNJAB,57 - 70 Qt/Ha,Yes,Medium
3021,TOMATO,Improve Bhagya,"PUNJAB, UTTAR PRADESH, BIHAR, JHARKHAND, MADHYA PRADESH, MAHARASHTRA, GOA",300 - 400 Qt/Ha,Yes,Early
3022,PADDY (DHAN),Kanaklata (TTB 103-3-1),,,No,
3023,WHEAT,WH 1184,HARYANA,61 - 65 Qt/Ha,Yes,Medium
3024,SESAME (GINGELLY),Tripura Siping,,,No,
3025,WHEAT,VL Gehun 967 (VL 967),UTTARAKHAND,19 - 20 Qt/Ha,Yes,Medium
3026,PIGEON PEA (RED GRAM/ARHAR),IPA 15-06 (Early Duration),UTTAR PRADESH,16 - 17 Qt/Ha,Yes,Early
3027,PADDY (DHAN),"CR Dhan 411 (Swaranjali, IET 27852)",ODISHA,55 - 57 Qt/Ha,Yes,Late
3028,PADDY (DHAN),Kalinga Dhan 1401,ODISHA,55 - 56 Qt/Ha,Yes,Late
3029,SUGARCANE (NOBLE CANE),Rajendra Ganna 2 (COP 09437),"UTTAR PRADESH, ASSAM, WEST BENGAL",75 - 77 Qt/Ha,Yes,Medium
3030,WHEAT,UP 2903,UTTARAKHAND,50.59 - 57.34 Qt/Ha,Yes,Medium
3031,PADDY (DHAN),Improved Jeera Shankar,MADHYA PRADESH,30 - 32 Qt/Ha,Yes,Late
3032,GROUNDNUT,Gujarat Junagadh Groundnut 32 (GJG 32) (ICGV 03043),"GUJARAT, ANDHRA PRADESH, KARNATAKA, TAMIL NADU, MAHARASHTRA",2909 - 2909 Qt/Ha,Yes,Medium
3033,PADDY (DHAN),US 382 (IET 20727),ASSAM,65 - 70 Qt/Ha,Yes,Medium
3034,BARLEY,PL 891,"PUNJAB, HARYANA, DELHI, RAJASTHAN, UTTAR PRADESH",36 - 38 Qt/Ha,Yes,Medium
3035,PADDY (DHAN),Trombay Chhattisgarh Dubraj Mutant-1 (TCDM-1),CHHATTISGARH,39 - 40 Qt/Ha,Yes,Late
3036,TOMATO,Kashi Adarsh (VRT -1201),"MADHYA PRADESH, MAHARASHTRA",600 - 640 Qt/Ha,Yes,Medium
3037,WHEAT,RAJ 4238,,,No,
3038,PADDY (DHAN),Tripura Aush,,,No,
3039,PADDY (DHAN),Tripura Khara-1,,,No,
3040,PADDY (DHAN),Gujarat Anand Rice 14 (GAR 14) (IET 24619),"MAHARASHTRA, GUJARAT",51 - 52 Qt/Ha,Yes,Medium
3041,TOMATO,Kashi Aman (VRI-0801),,,No,
3042,PADDY (DHAN),Sabour Surbhit RAU 3036),,,No,
3043,PADDY (DHAN),Kunaram Sannalu (KNM 118)(IET No.23748),,,No,
3044,PADDY (DHAN),Swarna Shreya (IET 24003),BIHAR,45 - 46 Qt/Ha,Yes,Early
3045,SORGHUM,Palem Jonna 1 (PSV 512),TELANGANA,35 - 41 Qt/Ha,Yes,Medium
3046,SORGHUM,Parbhani Supermoti (SPV 2407),MAHARASHTRA,41 - 44 Qt/Ha,Yes,Medium
3047,PADDY (DHAN),Maruteru Samba MTU 1224 (IET 26225),ANDHRA PRADESH,65 - 70 Qt/Ha,Yes,Medium
3048,PADDY (DHAN),Rajendra Saraswati (IET 23423),BIHAR,50 - 52 Qt/Ha,Yes,Early
3049,PADDY (DHAN),Sukumar (IET 21261),WEST BENGAL,38 - 40 Qt/Ha,Yes,Medium
3050,COTTON,ICAR-CICR Bt-6,"HARYANA, PUNJAB",22 - 26 Qt/Ha,Yes,Medium
3051,PADDY (DHAN),Arize 6129 Gold (HRI-179-IET-22878),CHHATTISGARH,65 - 70 Qt/Ha,Yes,Early
3052,WHEAT,GW 1339 (BANAS) (VD 2014-24),DELHI,50 - 51 Qt/Ha,Yes,Early
3053,WHEAT,Chattisgarh Hanse Wheat (CG 1023),CHHATTISGARH,35 - 40 Qt/Ha,Yes,Medium
3054,WHEAT,GW 499,GUJARAT,45 - 46 Qt/Ha,Yes,Early
3055,COTTON,JRK-2013-2 JBMP 4 (UTKARSH),"WEST BENGAL, ODISHA, BIHAR, ANDHRA PRADESH, MAHARASHTRA, TRIPURA, ASSAM",27 - 30 Qt/Ha,Yes,Medium
3056,COTTON,RS- 2814,"RAJASTHAN, PUNJAB, HARYANA",26.83 - 28.69 Qt/Ha,Yes,Late
3057,COTTON,ICAR-CICR Rajat Bt 2,MAHARASHTRA,26 - 27 Qt/Ha,Yes,Medium
3058,COTTON,ICAR-CICR GJHV 374 Bt,MAHARASHTRA,22 - 23 Qt/Ha,Yes,Medium
3059,COTTON,ICAR-CICR Suraj Bt,MAHARASHTRA,23 - 24 Qt/Ha,Yes,Medium
3060,PIGEON PEA (RED GRAM/ARHAR),Pusa Arhar 2018-4,DELHI,17 - 18 Qt/Ha,Yes,Early
3061,PADDY (DHAN),28P09,"CHHATTISGARH, ODISHA, UTTAR PRADESH, ASSAM, MAHARASHTRA, GUJARAT",51 - 55 Qt/Ha,Yes,Medium
3062,COTTON,Gujarat Anand Desi Cotton 3 (GADC 3: Wagad Gaurav) (GVhu 767),GUJARAT,21 - 25 Qt/Ha,Yes,Medium
3063,COTTON,Adilabad Kapas-1 (ADB-542),TELANGANA,21 - 25 Qt/Ha,Yes,Medium
3064,COTTON,GJ Cot 111 (GAM 162),"GUJARAT, MADHYA PRADESH, MAHARASHTRA, ODISHA",12 - 16 Qt/Ha,Yes,Medium
3065,FINGER MILLET (RAGI),ATL 1 (TNEc 1285),TAMIL NADU,30 - 50 Qt/Ha,Yes,Early
3066,FINGER MILLET (RAGI),Dapoli-3 (DPLN-2),MAHARASHTRA,20 - 22 Qt/Ha,Yes,Medium
3067,FINGER MILLET (RAGI),GN-5,,,No,
3068,FINGER MILLET (RAGI),CFMV 1 (Indravahti) (FMV 1116) (VR 1101),"ANDHRA PRADESH, TAMIL NADU, KARNATAKA, ODISHA, PUDUCHERRY",31 - 32 Qt/Ha,Yes,Medium
3069,FINGER MILLET (RAGI),Gowthami (PR 10-45),ANDHRA PRADESH,34 - 43 Qt/Ha,Yes,Medium
3070,FINGER MILLET (RAGI),Dapoli-2 (SCN-6),MAHARASHTRA,17 - 18 Qt/Ha,Yes,Medium
3071,PADDY (DHAN),Tripura Hakuchuk -1,,,No,
3072,PEA (VEGETABLE),Palam Triloki (DPPA-8E),HIMACHAL PRADESH,70 - 75 Qt/Ha,Yes,Early
3073,MAIZE (MAKKA),Sikkim Sankul Makka-1,SIKKIM,40 - 45 Qt/Ha,Yes,Medium
3074,WHEAT,MP 3465 (JW 3465),MADHYA PRADESH,58 - 60 Qt/Ha,Yes,Medium
3075,WHEAT,DH 114 (Him Pratham),HIMACHAL PRADESH,37 - 40 Qt/Ha,Yes,Medium
3076,MAIZE (MAKKA),Birsa Babycorn-1 (BVM-2),JHARKHAND,47 - 60 Qt/Ha,Yes,Early
3077,PADDY (DHAN),Manisha (IET-23770) ( CN-2015-5-4),WEST BENGAL,50 - 60 Qt/Ha,Yes,Medium
3078,PADDY (DHAN),MTU 1140 (BHEEMA),ANDHRA PRADESH,60 - 65 Qt/Ha,Yes,Late
3079,PADDY (DHAN),MTU1140( TARANGINI),ANDHRA PRADESH,60 - 65 Qt/Ha,Yes,Late
3080,MAIZE (MAKKA),IMHB 1532,"DELHI, HARYANA, PUNJAB, UTTARAKHAND, UTTAR PRADESH, CHHATTISGARH, GUJARAT, MADHYA PRADESH, RAJASTHAN",2038 - 2040 Qt/Ha,Yes,Medium
3081,MAIZE (MAKKA),CP 858,"HARYANA, DELHI, PUNJAB, UTTARAKHAND, UTTAR PRADESH, BIHAR, JHARKHAND, WEST BENGAL, ODISHA",80 - 85 Qt/Ha,Yes,Late
3082,PADDY (DHAN),CSR-52 (IET-23206) (CSR 12 B 23),,,No,
3083,PADDY (DHAN),Bidhan Suruchi (IET 25701),,,No,
3084,PADDY (DHAN),Chinsurah Nona-2 (Gosaba-6) (IET-21943),WEST BENGAL,45 - 55 Qt/Ha,Yes,Medium
3085,PADDY (DHAN),DRR Dhan 46 (IET 23420),,,No,
3086,MAIZE (MAKKA),Pusa HQPM-7 Improved (APQH7),"MAHARASHTRA, KARNATAKA, ANDHRA PRADESH, TELANGANA, TAMIL NADU",74 - 77 Qt/Ha,Yes,Late
3087,LITTLE MILLET,GV-2,,,No,
3088,PADDY (DHAN),GNR-7 (NVSR-6128,,,No,
3089,MAIZE (MAKKA),IQMH 203 (LQMH-1705) (IIMRQPMH-1705),"RAJASTHAN, GUJARAT, MADHYA PRADESH, CHHATTISGARH",63 - 64 Qt/Ha,Yes,
3090,PADDY (DHAN),JR 206 (IET 26079),MADHYA PRADESH,55 - 60 Qt/Ha,Yes,Medium
3091,Kale,Pusa Kale-64,"HIMACHAL PRADESH, JAMMU AND KASHMIR, UTTARAKHAND",34 - 36 Qt/Ha,Yes,Early
3092,MAIZE (MAKKA),Jawahar Maize 215 (CHH 215),"ANDHRA PRADESH, MADHYA PRADESH, MAHARASHTRA, TAMIL NADU, KARNATAKA, CHHATTISGARH",41 - 42 Qt/Ha,Yes,Medium
3093,PADDY (DHAN),GNR-6 (NVSR-2031),GUJARAT,40 - 45 Qt/Ha,Yes,Early
3094,MAIZE (MAKKA),Bisco X 5129,,,No,
3095,MAIZE (MAKKA),RJ-2020,,,No,
3096,MAIZE (MAKKA),RMH-4620 (PRO-385),"ANDHRA PRADESH, MAHARASHTRA, KARNATAKA, TAMIL NADU",101 - 103 Qt/Ha,Yes,Late
3097,MAIZE (MAKKA),Pusa HM-8 Improved (AQH-8),"MAHARASHTRA, KARNATAKA, ANDHRA PRADESH, TELANGANA, TAMIL NADU",60 - 62 Qt/Ha,Yes,Medium
3098,MAIZE (MAKKA),P3544,"PUNJAB, HARYANA, DELHI, UTTAR PRADESH, BIHAR, WEST BENGAL, ANDHRA PRADESH, KARNATAKA, TAMIL NADU",98 - 99 Qt/Ha,Yes,Late
3099,PEARL MILLET,GHB 1231 (Sawaj Shakti),GUJARAT,27.6 - 27.6 Qt/Ha,Yes,Late
3100,PADDY (DHAN),Kalanamak Kiran (PRDF-2-14-10) (IET 24753),,,No,
3101,PADDY (DHAN),28S41 PR 14109 (IET 24891),"UTTAR PRADESH, ODISHA, WEST BENGAL, JHARKHAND, MAHARASHTRA, MADHYA PRADESH, CHHATTISGARH, ANDHRA PRADESH, KARNATAKA, TAMIL NADU, TELANGANA",60 - 70 Qt/Ha,Yes,Medium
3102,PEARL MILLET,PBH-306,"ANDHRA PRADESH, TELANGANA, TAMIL NADU, KARNATAKA, MAHARASHTRA",30 - 40 Qt/Ha,Yes,Late
3103,PADDY (DHAN),CARI Dhan-5,ANDAMAN AND NICOBAR ISLANDS,30 - 45 Qt/Ha,Yes,Medium
3104,PEARL MILLET,MH 1928 (XMT1497),"MADHYA PRADESH, UTTAR PRADESH, GUJARAT, DELHI, RAJASTHAN, HARYANA, PUNJAB",36 - 40 Qt/Ha,Yes,Medium
3105,CASSAVA (TAPIOCA),TCMS-5/ PDP CMR-1,ANDHRA PRADESH,420 - 450 Qt/Ha,Yes,Medium
3106,PADDY (DHAN),NDR 9930111 (IET-19117),UTTAR PRADESH,40 - 45 Qt/Ha,Yes,Late
3107,PEARL MILLET,Moti Shakti (GHB 1225) (Hybrid),GUJARAT,30.23 - 30.23 Qt/Ha,Yes,Late
3108,PEARL MILLET,Jam Shakti (GHB 1129) (Hybrid),GUJARAT,29.57 - 29.57 Qt/Ha,Yes,Medium
3109,PEARL MILLET,86M13 (MSH 276),"RAJASTHAN, GUJARAT, UTTAR PRADESH, MAHARASHTRA, TAMIL NADU",54 - 55 Qt/Ha,Yes,Early
3110,PEARL MILLET,Nandi-75 (MSH 287) (NMH 82),"RAJASTHAN, GUJARAT, TAMIL NADU, UTTAR PRADESH",49 - 50 Qt/Ha,Yes,Medium
3111,PEARL MILLET,86M82 (MH 1888),"RAJASTHAN, GUJARAT, HARYANA, MADHYA PRADESH, UTTAR PRADESH, PUNJAB, DELHI",30 - 38 Qt/Ha,Yes,Late
3112,PEARL MILLET,JKBH 1008 (MH 1828),"RAJASTHAN, GUJARAT, HARYANA",23 - 25 Qt/Ha,Yes,Early
3113,PEARL MILLET,Central Pearl Millet Hybrid MPMH- 21 (MH 1777),"RAJASTHAN, GUJARAT, HARYANA",24.69 - 24.69 Qt/Ha,Yes,Early
3114,GRAPES,Pusa Urvashi [Hybrid 76-64 (Hur x Beauty Seedless)],DELHI,206 - 207 Qt/Ha,Yes,Early
3115,SORGHUM,Nandyala Pacha Jonna 15 (NJ 2446),,,No,
3116,SORGHUM,GS-23 (Kanaka),KARNATAKA,11 - 15 Qt/Ha,Yes,Medium
3117,NIGER (RAMTIL),Jawahar Niger Selection 28 (JNS 28),,,No,
3118,SORGHUM,PDKV Hurda Kartiki (Wani 103),MAHARASHTRA,40 - 42 Qt/Ha,Yes,Medium
3119,SPONGE GOURD,Kashi Rakshita (VRSGH-1),UTTAR PRADESH,125 - 170 Qt/Ha,Yes,Medium
3120,BOTTLE GOURD,Gujarat Anand Bottle Gourd Hybrid-1 (GABGH 1) (ABGH08-08),GUJARAT,270 - 271 Qt/Ha,Yes,Medium
3121,SORGHUM,Jaicar Varsha-CSH 45 (SPH 1888),"KARNATAKA, MAHARASHTRA, RAJASTHAN, TELANGANA",44 - 45 Qt/Ha,Yes,Early
3122,BLACK GRAM,Kota Urd 5 (KPU 52-87),"TELANGANA, TAMIL NADU, ANDHRA PRADESH",10 - 11 Qt/Ha,Yes,Medium
3123,COTTON,DCH-32 BG II Bt,,,No,
3124,BENGAL GRAM (CHICK PEA),Keshav (GNG-2261),,,No,
3125,BENGAL GRAM (CHICK PEA),Aman (CSJ-515),,,No,
3126,BENGAL GRAM (CHICK PEA),Teej (GNG-2144,,,No,
3127,BITTER GOURD,Kashi Mayuri (VRBTG-5),UTTAR PRADESH,200 - 250 Qt/Ha,Yes,Medium
3128,BITTER GOURD,Pusa Hybrid-4 (DBGH-12),DELHI,220 - 230 Qt/Ha,Yes,Early
3129,BENGAL GRAM (CHICK PEA),Kota Kabuli Channa-2 (RKGK 13-499),"RAJASTHAN, DELHI, UTTARAKHAND, HARYANA, PUNJAB",17 - 19 Qt/Ha,Yes,Medium
3130,BENGAL GRAM (CHICK PEA),Sabour Chana-1 (BRC-1),BIHAR,18 - 21 Qt/Ha,Yes,Medium
3131,BENGAL GRAM (CHICK PEA),BDNGK 798,"BIHAR, UTTAR PRADESH",15 - 18 Qt/Ha,Yes,Medium
3132,BENGAL GRAM (CHICK PEA),PBG 9 (GL 13001),"UTTAR PRADESH, WEST BENGAL, ASSAM, BIHAR, JHARKHAND",15 - 16 Qt/Ha,Yes,Medium
3133,WHEAT,VL Gehun 2014 (VL 2014),UTTARAKHAND,52 - 53 Qt/Ha,Yes,Medium
3134,BENGAL GRAM (CHICK PEA),Pant Gram-3 (PG 043),UTTARAKHAND,15 - 20 Qt/Ha,Yes,Medium
3135,COWPEA (PULSES),VBN 3 (VCP 09-013),,,No,
3136,FINGER MILLET (RAGI),Chhattisgarh Ragi-3,,,No,
3137,WHEAT,PBW 824,PUNJAB,58 - 93 Qt/Ha,Yes,Medium
3138,GREEN GRAM,MADHIRA PESARA-01 (MGG 385),TELANGANA,15 - 16 Qt/Ha,Yes,Medium
3139,FABA BEAN,Swarna Suraksha,BIHAR,20 - 40 Qt/Ha,Yes,Medium
3140,LENTIL (MASUR),Kota Masoor 3 (RKL 605-03),,,No,
3141,LITTLE MILLET,Kalinga Saun 217 (OLM 217),ODISHA,15 - 16 Qt/Ha,Yes,Late
3142,WHEAT,UP 2938,UTTARAKHAND,53 - 70 Qt/Ha,Yes,Medium
3143,LINSEED,Utera Alsi (RLC-153),"ASSAM, BIHAR, CHHATTISGARH, JHARKHAND, ODISHA, MADHYA PRADESH, MAHARASHTRA, UTTAR PRADESH",5 - 6 Qt/Ha,Yes,Medium
3144,WHEAT,HDCSW 18,,,No,
3145,PIGEON PEA (RED GRAM/ARHAR),BRG-3,,,No,
3146,LENTIL (MASUR),Shekhar 5 (KLS 122),UTTAR PRADESH,8 - 11 Qt/Ha,Yes,Early
3147,CASTOR,Gujarat Castor Hybrid 10 (GCH 10: Charutar Gold) (SCH 53),GUJARAT,38 - 40 Qt/Ha,Yes,Medium
3148,PIGEON PEA (RED GRAM/ARHAR),IPH 15-03,,,No,
3149,PIGEON PEA (RED GRAM/ARHAR),MPV-106 (RANI),"TAMIL NADU, TELANGANA, KARNATAKA, ODISHA, ANDHRA PRADESH",15 - 16 Qt/Ha,Yes,Medium
3150,CASTOR,YTP 1 (YRCS 1205),,,No,
3151,BENGAL GRAM (CHICK PEA),Kota kabuli Channa-3 (RKGK 13-414),"MADHYA PRADESH, RAJASTHAN, UTTAR PRADESH, GUJARAT, MAHARASHTRA",,Yes,Medium
3152,WHEAT,PBW 752,"PUNJAB, HARYANA, DELHI, RAJASTHAN, UTTAR PRADESH, JAMMU AND KASHMIR, HIMACHAL PRADESH, UTTARAKHAND",49 - 62 Qt/Ha,Yes,Medium
3153,SPINACH,Kashi Poi-1 (VRV-17),UTTAR PRADESH,507 - 510 Qt/Ha,Yes,Early
3154,BANYARD MILLET,MDU 1,TAMIL NADU,15 - 20 Qt/Ha,Yes,Early
3155,BANYARD MILLET,DHBM 93-2,KARNATAKA,25 - 30 Qt/Ha,Yes,Medium
3156,WHEAT,VL 2015 (VL Gehun 2015),UTTARAKHAND,17 - 35 Qt/Ha,Yes,Medium
3157,GROUNDNUT,Central-Pragati (TCGS 894),"TAMIL NADU, TELANGANA, ANDHRA PRADESH",2810 - 2816 Qt/Ha,No,Late
3158,TOMATO,Pusa Cherry Tomato-1,"BIHAR, DELHI, CHHATTISGARH, HARYANA, PUNJAB, UTTAR PRADESH",150 - 180 Qt/Ha,Yes,Early
3159,PADDY (DHAN),Sikkim 1 (IET22984),SIKKIM,35 - 45 Qt/Ha,Yes,Medium
3160,PADDY (DHAN),Karjat Shatabdi (BM-4),MAHARASHTRA,38 - 40 Qt/Ha,Yes,Medium
3161,PADDY (DHAN),Jal Bhawani (NDGR 702),UTTAR PRADESH,35 - 40 Qt/Ha,Yes,Medium
3162,PADDY (DHAN),Sikkim Dhan-2 (IET 26579),SIKKIM,33 - 35 Qt/Ha,Yes,Medium
3163,PADDY (DHAN),Rajendranagar Vari-2 (IET 26143),TELANGANA,52 - 56 Qt/Ha,Yes,Medium
3164,PADDY (DHAN),PDKV Sakoli Red Rice 1,MAHARASHTRA,47 - 51 Qt/Ha,Yes,Medium
3165,PADDY (DHAN),Sava 200,"BIHAR, MADHYA PRADESH",70 - 76 Qt/Ha,Yes,
3166,CHRYSANTHEMUM,ACC-1 (Dundi),KARNATAKA,130 - 150 Qt/Ha,Yes,Medium
3167,SESAME (GINGELLY),TR 372,,,No,
3168,PADDY (DHAN),JGL 11727 (Pranahitha),,,No,
3169,PADDY (DHAN),VNR- 2111 PLUS (IET 24075) (VNR 212),"UTTARAKHAND, UTTAR PRADESH, MADHYA PRADESH, MAHARASHTRA, CHHATTISGARH, BIHAR, ODISHA, WEST BENGAL, JHARKHAND",63 - 65 Qt/Ha,Yes,Early
3170,PADDY (DHAN),VNR- 216 VNR Laxmi Plus (IET 25287) (VNR 216),"CHHATTISGARH, GUJARAT, WEST BENGAL, MAHARASHTRA",42 - 45 Qt/Ha,Yes,Late
3171,PEA (VEGETABLE),Palam Sumool (DPPM-64),HIMACHAL PRADESH,100 - 120 Qt/Ha,Yes,Medium
3172,PADDY (DHAN),CR Dhan 306 (IET 22084),"BIHAR, MADHYA PRADESH, PUDUCHERRY",51 - 52 Qt/Ha,Yes,Medium
3173,PADDY (DHAN),Sakoli-9 (SKL-2-50-56-45-30-60),MAHARASHTRA,38 - 42 Qt/Ha,Yes,Medium
3174,PADDY (DHAN),CR Dhan 204 (IET 21692),"JHARKHAND, TAMIL NADU",30 - 45 Qt/Ha,Yes,Medium
3175,PADDY (DHAN),JGL 17004 (Prathyumna),,,No,
3176,PADDY (DHAN),KRISHNA (RNR-2458) (IET-21492),,,No,
3177,PADDY (DHAN),Ratnagiri -8 (RTN 28-1-5-3-2) (IET 25493),"ODISHA, UTTAR PRADESH, CHHATTISGARH, MAHARASHTRA, ANDHRA PRADESH, TELANGANA",50 - 58 Qt/Ha,Yes,Medium
3178,PADDY (DHAN),DRR Dhan 52 (IET 23354) (RP 5125-12-5-3-B-IR84898-B),"HARYANA, GUJARAT, ODISHA",55 - 60 Qt/Ha,Yes,Early
3179,PADDY (DHAN),CN1794-2CSIR-NBRI (IET 21845),,,No,
3180,WINGED BEAN,Chhattisgarh Chaudhari Sem-2 (Ambika WB 11-1),CHHATTISGARH,23 - 25 Qt/Ha,Yes,Medium
3181,CORIANDER,Rajender Dhania-1 (RD 385),"BIHAR, UTTARAKHAND",13 - 14 Qt/Ha,Yes,Medium
3182,PADDY (DHAN),VNR 218 [VNR-2228] (IET 24951),,,No,
3183,PADDY (DHAN),CR Dhan 602 (IET 26692),"ASSAM, TRIPURA",56.84 - 66.54 Qt/Ha,Yes,Medium
3184,PADDY (DHAN),IR 64- Sub 1 (IET 21247),UTTAR PRADESH,30 - 35 Qt/Ha,Yes,Medium
3185,PADDY (DHAN),GR 17 (Sardar),GUJARAT,55 - 60 Qt/Ha,Yes,Early
3186,PADDY (DHAN),Warangal Rice - 1 WGL-915 (IET 25284),"TELANGANA, ANDHRA PRADESH",51 - 65 Qt/Ha,Yes,Medium
3187,PADDY (DHAN),US 380 (IET 25728),"MADHYA PRADESH, MAHARASHTRA, CHANDIGARH",,Yes,
3188,PADDY (DHAN),US 303 (IET 25804),"MADHYA PRADESH, MAHARASHTRA, CHANDIGARH",56 - 57 Qt/Ha,Yes,Medium
3189,PADDY (DHAN),Pant Dhan 28 (UPR 3667-2-1-2),UTTARAKHAND,34 - 35 Qt/Ha,Yes,Medium
3190,PADDY (DHAN),Sabour Harshit Dhan (IET 25342),BIHAR,45 - 55 Qt/Ha,Yes,Early
3191,PADDY (DHAN),RH-9000 Plus (IET 24931),"CHHATTISGARH, GUJARAT, MADHYA PRADESH, MAHARASHTRA",65 - 66 Qt/Ha,Yes,Medium
3192,PADDY (DHAN),CR Dhan 312 (CR 3808-13) (IET 25997),,,No,
3193,PADDY (DHAN),TRC 2015-5 (IET 26178) Aerobic Dhan-1,"KARNATAKA, JHARKHAND, CHHATTISGARH",49 - 53 Qt/Ha,Yes,Early
3194,BARLEY,VLB 130,UTTARAKHAND,20 - 21 Qt/Ha,Yes,Medium
3195,PADDY (DHAN),Him Palam Dhan 2 (HPR 2880),HIMACHAL PRADESH,35 - 45 Qt/Ha,Yes,Medium
3196,BARLEY,RD-2907,"DELHI, HARYANA, PUNJAB, RAJASTHAN, HIMACHAL PRADESH, UTTAR PRADESH, JHARKHAND, BIHAR",32 - 33 Qt/Ha,Yes,Medium
3197,PADDY (DHAN),DRR Dhan 54 (IET 25653) (RP 5943-421-16-1-1-B),"BIHAR, ODISHA, JHARKHAND, HARYANA",41 - 58 Qt/Ha,Yes,Early
3198,PADDY (DHAN),VIKRAM-TCR (Vikram-Trombay Chattisgarh Rice),CHHATTISGARH,52 - 55 Qt/Ha,Yes,Early
3199,PADDY (DHAN),DRR Dhan 56 (IET 26803),"PUNJAB, HARYANA",52 - 53 Qt/Ha,Yes,Early
3200,PADDY (DHAN),KPH 272,"KARNATAKA, TAMIL NADU, TELANGANA",17 - 25 Qt/Ha,Yes,Medium
3201,PADDY (DHAN),Surabhi (IET 24760),"MAHARASHTRA, GUJARAT",47 - 48 Qt/Ha,Yes,Medium
3202,PADDY (DHAN),Swarna Smriddhi Dhan (IET 24306),BIHAR,58 - 60 Qt/Ha,Yes,Medium
3203,PADDY (DHAN),Pradhan Dhan (CR 409) IET 23110 (CR 2690-2- 2-1-1-1),ODISHA,48 - 49 Qt/Ha,Yes,Late
3204,PADDY (DHAN),GR 16 (Tapi) (NVSR 2233),GUJARAT,28 - 32 Qt/Ha,Yes,Early
3205,PADDY (DHAN),Sabour Sampanna Dhan (IET 25960),BIHAR,64 - 65 Qt/Ha,Yes,Late
3206,PADDY (DHAN),Haryana Basmati -2 (HKR 06-443),,,No,
3207,PADDY (DHAN),Tripura Sarat,TRIPURA,57.26 - 58 Qt/Ha,Yes,Medium
3208,PADDY (DHAN),VL Dhan 158 (VL 8657),"HIMACHAL PRADESH, UTTARAKHAND",21 - 22 Qt/Ha,Yes,Early
3209,PADDY (DHAN),Jalkunwari (TTB 202-4),,,No,
3210,PADDY (DHAN),Jalashree (TTB 202-3),,,No,
3211,PADDY (DHAN),CNRH-103 (IET 22866),WEST BENGAL,53 - 57 Qt/Ha,Yes,Early
3212,PADDY (DHAN),HRI-183 (Arize Swift Gold),"HARYANA, UTTAR PRADESH, GUJARAT",1.5 - 2 Qt/Ha,Yes,Early
3213,PADDY (DHAN),VL Dhan 211 (VL 11574),UTTARAKHAND,22 - 25 Qt/Ha,Yes,Late
3214,WHEAT,Pusa Vakula (HI 1636),UTTAR PRADESH,59 - 60 Qt/Ha,Yes,Early
3215,WHEAT,MP (JW) 1323,MADHYA PRADESH,50 - 55 Qt/Ha,Yes,Medium
3216,PADDY (DHAN),CR DHAN-320 (IET 27914),"BIHAR, JHARKHAND, WEST BENGAL",53 - 54 Qt/Ha,Yes,Early
3217,PADDY (DHAN),MTU-1121(SRI DHRUTHI),ANDHRA PRADESH,70 - 80 Qt/Ha,Yes,Medium
3218,PADDY (DHAN),Sahyadri Megha,KARNATAKA,55 - 60 Qt/Ha,Yes,
3219,WHEAT,MP (JW) 1358,"MAHARASHTRA, KARNATAKA, TAMIL NADU, GOA",35 - 36 Qt/Ha,Yes,Medium
3220,WHEAT,DBW 327 (Karan Shivani),,,No,
3221,WHEAT,Karan Aditya (DBW 332),"JAMMU AND KASHMIR, PUNJAB, HARYANA, DELHI",70 - 78 Qt/Ha,Yes,Medium
3222,BENGAL GRAM (CHICK PEA),IPC 2007-28 (Atal),UTTAR PRADESH,16 - 18 Qt/Ha,Yes,Medium
3223,PADDY (DHAN),Tripura Khara-2,,,No,
3224,PADDY (DHAN),ADT 53 (IET 23955)-AD 07073,,,No,
3225,PADDY (DHAN),Pusa Samba 1850 (Pusa 1850-27) (IET 25480),"CHHATTISGARH, UTTAR PRADESH, ODISHA",40 - 45 Qt/Ha,Yes,Medium
3226,PADDY (DHAN),JGL 11118 (Anjana),,,No,
3227,WHEAT,UP 2855,,,No,
3228,WHEAT,Chhattisgarh Amber Wheat (CG 1018),CHHATTISGARH,37 - 40 Qt/Ha,Yes,Early
3229,PADDY (DHAN),Arize Tej Gold (HRI-180-IET-24120),BIHAR,65 - 66 Qt/Ha,Yes,Early
3230,WHEAT,VL Gehun 3004 (VL 3004),UTTARAKHAND,32 - 35 Qt/Ha,Yes,Medium
3231,WHEAT,Pusa Wheat 8805 (HI 8805),"MAHARASHTRA, KARNATAKA, TAMIL NADU",30 - 31 Qt/Ha,Yes,Medium
3232,PADDY (DHAN),PR-126 (RYT 3379)(IET-24721),PUNJAB,76 - 77 Qt/Ha,Yes,Early
3233,WHEAT,UNNAT PBW 550,PUNJAB,60 - 64 Qt/Ha,Yes,Medium
3234,RADISH,Pusa Gulabi (IPR PiPi),DELHI,626 - 670 Qt/Ha,Yes,Medium
3235,PADDY (DHAN),CR Dhan 410 (IET 24471),ODISHA,43.53 - 54.55 Qt/Ha,Yes,Late
3236,WHEAT,WB 02 (Rajendra Genhu-3),BIHAR,51 - 52 Qt/Ha,Yes,Medium
3237,SESAME (GINGELLY),VRI 3,TAMIL NADU,9 - 10 Qt/Ha,Yes,Medium
3238,WHEAT,NIDW 1149 (Durum),"KARNATAKA, MAHARASHTRA",28 - 38 Qt/Ha,Yes,Medium
3239,BOTTLE GOURD,Kashi Kirti (VRBOG-63-02),UTTAR PRADESH,375 - 400 Qt/Ha,Yes,Early
3240,BOTTLE GOURD,Kashi Kundal (VRBOG-16),UTTAR PRADESH,375 - 400 Qt/Ha,Yes,Medium
3241,BOTTLE GOURD,Kashi Kiran (VRBG-4),UTTAR PRADESH,530 - 600 Qt/Ha,Yes,Medium
3242,COMMON MILLET (PROSO MILLET),TNAU 202,,,No,
3243,PADDY (DHAN),MTU-1210 (Maruteru Sujatha),ANDHRA PRADESH,60.5 - 65 Qt/Ha,Yes,Medium
3244,PADDY (DHAN),PB-1718,,,No,
3245,COTTON,GTHV 13/28,"GUJARAT, MAHARASHTRA, RAJASTHAN, MADHYA PRADESH",19.96 - 22.59 Qt/Ha,Yes,Medium
3246,COTTON,INDAM- 1642 BG II,"TAMIL NADU, ANDHRA PRADESH, TELANGANA",14 - 15 Qt/Ha,Yes,Medium
3247,COTTON,JKCH 15551 BGII,"KARNATAKA, ANDHRA PRADESH, TAMIL NADU, TELANGANA",19 - 20 Qt/Ha,Yes,Medium
3248,COTTON,Ajeet- 1155-2 BG II,"ANDHRA PRADESH, KARNATAKA, TAMIL NADU, TELANGANA",19 - 22 Qt/Ha,Yes,
3249,COTTON,CICR-BT-6 (RS2013 Bt Se1),MAHARASHTRA,20 - 25 Qt/Ha,Yes,
3250,COTTON,NBHB 2205 BG II,"KARNATAKA, TAMIL NADU",10 - 14.05 Qt/Ha,Yes,Late
3251,FRENCH BEAN (VEGETABLE),Kashi Rajhans (VRFBB-2)(NR/BKS-2),UTTAR PRADESH,2400 - 2410 Qt/Ha,Yes,Medium
3252,COTTON,NHH-44- BG-II,"MAHARASHTRA, MADHYA PRADESH, GUJARAT",15 - 30 Qt/Ha,Yes,Medium
3253,COTTON,NBC-1111 BG II,,,No,
3254,FINGER MILLET (RAGI),VL Mandua 379 (VL 379),"UTTARAKHAND, BIHAR, JHARKHAND, MADHYA PRADESH, ARUNACHAL PRADESH, ASSAM, MANIPUR, MEGHALAYA, MIZORAM, NAGALAND, TRIPURA",29 - 31 Qt/Ha,Yes,Early
3255,COTTON,Cotton K-12,TAMIL NADU,11 - 12 Qt/Ha,Yes,Early
3256,FINGER MILLET (RAGI),VR 988,ANDHRA PRADESH,30 - 35 Qt/Ha,Yes,Medium
3257,PADDY (DHAN),Dehangi (AAUDR 9313-14-3) IET 18243 IC-574471,,,No,
3258,PADDY (DHAN),CN 1272-55-105 (IET 19886),"WEST BENGAL, ODISHA, MAHARASHTRA, ANDHRA PRADESH",40 - 42 Qt/Ha,Yes,Medium
3259,MAIZE (MAKKA),SKMC-2 (SKMC-03),SIKKIM,40 - 45 Qt/Ha,Yes,Medium
3260,MAIZE (MAKKA),Pratap Raj Hybrid Maize-1095 (WH-1095),,,No,
3261,MAIZE (MAKKA),PMH 13,PUNJAB,60 - 62 Qt/Ha,Yes,Late
3262,MAIZE (MAKKA),Pratap Raj Hybrid Maize-1010 (WH-1010),RAJASTHAN,114 - 115 Qt/Ha,Yes,Medium
3263,MAIZE (MAKKA),Pratap QPM Hybrid-5 (EHQ-64),RAJASTHAN,62 - 86 Qt/Ha,Yes,Early
3264,GREEN GRAM,KPM 409-4,,,No,
3265,MAIZE (MAKKA),Hybrid HTMH 5160,,,No,
3266,MAIZE (MAKKA),Pusa Vivek Hybrid-27 Improved (APH27),,,No,
3267,MAIZE (MAKKA),Pusa Super Sweet Corn 2 (ASKH1),"HIMACHAL PRADESH, HARYANA, UTTARAKHAND, UTTAR PRADESH, TAMIL NADU, KARNATAKA, CHHATTISGARH, RAJASTHAN",132 - 136 Qt/Ha,Yes,Late
3268,MAIZE (MAKKA),JKMH 4152 (JKMH 8008),"PUNJAB, HARYANA, DELHI, UTTARAKHAND, UTTAR PRADESH, ASSAM",85 - 95 Qt/Ha,Yes,Late
3269,MAIZE (MAKKA),Maize VGIH-1 (VaMH-12014),"BIHAR, JHARKHAND, ODISHA, UTTAR PRADESH, WEST BENGAL",69 - 71 Qt/Ha,Yes,Medium
3270,RADISH,Kashi Lohit [VRRAD-131-2)(BKS/BS-10),UTTAR PRADESH,430 - 450 Qt/Ha,Yes,Medium
3271,MAIZE (MAKKA),Rasi 3499 (RMH3499),"JHARKHAND, ODISHA, WEST BENGAL",77 - 80 Qt/Ha,Yes,Late
3272,MAIZE (MAKKA),Vivek Hybrid 27 (Central Maize VL Baby Corn 2),"MADHYA PRADESH, MAHARASHTRA, DELHI",16 - 17 Qt/Ha,Yes,Early
3273,MAIZE (MAKKA),Top Class (KMH 1411),"BIHAR, JHARKHAND, WEST BENGAL, ODISHA, UTTAR PRADESH",12 - 20 Qt/Ha,Yes,Late
3274,MAIZE (MAKKA),GK 3155,"BIHAR, JHARKHAND, ODISHA, UTTAR PRADESH, WEST BENGAL",95 - 110 Qt/Ha,Yes,Late
3275,MAIZE (MAKKA),P3302 (PM16103L),"UTTAR PRADESH, HARYANA, PUNJAB",87 - 88 Qt/Ha,Yes,Late
3276,MAIZE (MAKKA),HTMH 5109 (HT 51412616),"KARNATAKA, TELANGANA, ANDHRA PRADESH, TAMIL NADU, MAHARASHTRA",92 - 93 Qt/Ha,Yes,Late
3277,MAIZE (MAKKA),LG 34.04 (BL 147),"RAJASTHAN, UTTAR PRADESH, BIHAR, JHARKHAND, WEST BENGAL",110 - 120 Qt/Ha,Yes,Medium
3278,MAIZE (MAKKA),DRONA (KMH-2589),"PUNJAB, HARYANA, DELHI, UTTAR PRADESH, ANDHRA PRADESH, TELANGANA, KARNATAKA, MAHARASHTRA, TAMIL NADU",93 - 94 Qt/Ha,Yes,Late
3279,MAIZE (MAKKA),VMH 4106,"BIHAR, JHARKHAND, UTTAR PRADESH",68 - 70 Qt/Ha,Yes,Medium
3280,BLACK GRAM,TRC Urd 99-2 Tripura Maskalai,TRIPURA,12 - 13 Qt/Ha,Yes,Medium
3281,PADDY (DHAN),HKR 48 (HKR 99-60),,,No,
3282,NIGER (RAMTIL),JNS 2016-1115,"ANDAMAN AND NICOBAR ISLANDS, ANDHRA PRADESH, ARUNACHAL PRADESH, ASSAM, BIHAR, CHANDIGARH, CHHATTISGARH, DADRA AND NAGAR HAVELI, DAMAN AND DIU, DELHI, GOA, GUJARAT, HARYANA, HIMACHAL PRADESH, JAMMU, JAMMU AND KASHMIR, JHARKHAND, KARNATAKA, KASHMIR, KERALA, LADAKH, LAKSHADWEEP, MADHYA PRADESH, MAHARASHTRA, MANIPUR, MEGHALAYA, MIZORAM, NAGALAND, ODISHA, PUDUCHERRY, PUNJAB, RAJASTHAN, SIKKIM, TAMIL NADU, TELANGANA, TRIPURA, UTTARAKHAND, UTTAR PRADESH, WEST BENGAL",6 - 7 Qt/Ha,Yes,Medium
3283,PEARL MILLET,VPMV 9,KARNATAKA,27.61 - 27.61 Qt/Ha,Yes,Medium
3284,NIGER (RAMTIL),JNS 521,MADHYA PRADESH,50 - 53 Qt/Ha,Yes,Medium
3285,SESAME (GINGELLY),AST-1 (AAUDR 9304-14-4-1),ASSAM,7.5 - 10.4 Qt/Ha,Yes,Medium
3286,PADDY (DHAN),Gujarat Nona-1 (IET 23403) (Gosaba-5),,,No,
3287,SORGHUM,Nandyala Tella Jonna-5 (NJ2647),,,No,
3288,CASSAVA (TAPIOCA),Sree Suvarna (TCa12-5)(CR 35-8)(CR 43-2),"KERALA, ANDHRA PRADESH, TAMIL NADU",350 - 400 Qt/Ha,Yes,Medium
3289,CASSAVA (TAPIOCA),Sree Sakti (TCMS-7)(CR 43-2),"ANDHRA PRADESH, MAHARASHTRA, KERALA, TAMIL NADU",36 - 38 Qt/Ha,Yes,Late
3290,PEA (VEGETABLE),Pusa Prabal GP 473,DELHI,100 - 130 Qt/Ha,Yes,Medium
3291,PEA (VEGETABLE),VL Sabji Matar 13 (VP 907),UTTARAKHAND,114 - 119 Qt/Ha,Yes,Early
3292,PEA (VEGETABLE),VL Sabji Matar 15 (VP 1208),UTTARAKHAND,127 - 128 Qt/Ha,Yes,Medium
3293,BLACK GRAM,Kota Urd 4 (KPU 12-1735),"DELHI, HARYANA, PUNJAB, UTTAR PRADESH",12 - 13 Qt/Ha,Yes,Medium
3294,BENGAL GRAM (CHICK PEA),Sabour Chana-2,BIHAR,16 - 18 Qt/Ha,Yes,Late
3295,BENGAL GRAM (CHICK PEA),Raj Vijay Kabuli Gram 111 (RVKG 111) (RVSSG 24),MADHYA PRADESH,16 - 17 Qt/Ha,Yes,Medium
3296,BENGAL GRAM (CHICK PEA),Raj Vijay Gram 205 (RVG 205) (RVSSG 32),MADHYA PRADESH,19 - 20 Qt/Ha,Yes,Medium
3297,BENGAL GRAM (CHICK PEA),Nandyal Gram 810 (NBeG 810),"UTTAR PRADESH, MADHYA PRADESH, MAHARASHTRA, GUJARAT",17 - 18 Qt/Ha,Yes,Medium
3298,WHEAT,VL 953 (VL Gehun 953),UTTARAKHAND,40 - 45 Qt/Ha,Yes,Medium
3299,BENGAL GRAM (CHICK PEA),IPC 2004-01,UTTAR PRADESH,14 - 16 Qt/Ha,Yes,Medium
3300,HORSE GRAM (KULTHI),Anantha Vulava-1 (ATPHG-11),"JHARKHAND, WEST BENGAL, CHHATTISGARH, MAHARASHTRA, RAJASTHAN",8 - 10 Qt/Ha,Yes,
3301,HORSE GRAM (KULTHI),Alakh Kulthi (BSP 17-1),"CHHATTISGARH, JHARKHAND, RAJASTHAN, WEST BENGAL, MAHARASHTRA",9 - 10 Qt/Ha,Yes,Medium
3302,HORSE GRAM (KULTHI),Sabri Kulthi (BSP 17-3),"CHHATTISGARH, JHARKHAND, RAJASTHAN, WEST BENGAL, MAHARASHTRA",9 - 10 Qt/Ha,Yes,Medium
3303,GREEN GRAM,Pusa 1641,"UTTAR PRADESH, RAJASTHAN, HARYANA",11 - 12 Qt/Ha,Yes,Early
3304,WHEAT,UP 2944,UTTARAKHAND,44 - 55 Qt/Ha,Yes,Early
3305,HORSE GRAM (KULTHI),Bilasa Kulthi (BSP 15-1),"CHHATTISGARH, MAHARASHTRA, JHARKHAND, GUJARAT",10 - 12 Qt/Ha,Yes,Medium
3306,HORSE GRAM (KULTHI),Phule Sakas (SHG 0628-4),MAHARASHTRA,10 - 15 Qt/Ha,Yes,Early
3307,LENTIL (MASUR),Chhattisgarh Masoor-1 (RL-3-5),CHHATTISGARH,11.87 - 11.92 Qt/Ha,Yes,Early
3308,WHEAT,Phule Samadhan (NIAW-1994),,,No,
3309,GROUNDNUT,CG MUNGFALI-1 (CGM-1),CHHATTISGARH,3160 - 3164 Qt/Ha,Yes,Medium
3310,PIGEON PEA (RED GRAM/ARHAR),Warangal Kandi-1 (WRGE-97),"TELANGANA, ANDHRA PRADESH",12.3 - 21.7 Qt/Ha,Yes,Early
3311,VEGETABLE RAI/MUSTARD GREEN,UHF VR 12-1,"SIKKIM, MEGHALAYA, MANIPUR, NAGALAND, MIZORAM, TRIPURA, ANDHRA PRADESH, ANDAMAN AND NICOBAR ISLANDS",330 - 335 Qt/Ha,Yes,Medium
3312,GROUNDNUT,TMV 14,TAMIL NADU,2120 - 2124 Qt/Ha,No,Early
3313,GROUNDNUT,Gujarat Groundnut HPS 2 (GG HPS 2),GUJARAT,2830 - 2835 Qt/Ha,Yes,Late
3314,GROUNDNUT,Girnar-4 (ICGV 15083),"RAJASTHAN, KARNATAKA, ANDHRA PRADESH, GUJARAT, TAMIL NADU",3218 - 3220 Qt/Ha,Yes,Late
3315,GROUNDNUT,Girnar-5 (ICGV 15090),"ANDHRA PRADESH, GUJARAT, TAMIL NADU, RAJASTHAN, KARNATAKA",3124 - 3124 Qt/Ha,Yes,Late
3316,GROUNDNUT,ICGV 06189,KARNATAKA,2100 - 2500 Qt/Ha,No,Medium
3317,GOBHI SARSON,HIM PALAM GOBHI SARSON 1 (AKMS 8141),"HIMACHAL PRADESH, JAMMU, PUNJAB",19 - 20 Qt/Ha,Yes,Medium
3318,GROUNDNUT,GJG 33 (Gujarat Junagadh Groundnut 33) ICGV 07222,"ANDHRA PRADESH, TAMIL NADU, TELANGANA",3064 - 3064 Qt/Ha,Yes,Late
3319,GROUNDNUT,Jagtiala Palli-1 (JCG-2141),TELANGANA,29 - 31 Qt/Ha,Yes,Medium
3320,GROUNDNUT,KCG 6,KARNATAKA,3660 - 3663 Qt/Ha,Yes,Late
3321,INDIAN MUSTARD,PUSA DOUBLE ZERO MUSTARD 33,"UTTAR PRADESH, RAJASTHAN, PUNJAB, HARYANA, DELHI, HIMACHAL PRADESH, JAMMU AND KASHMIR",21 - 23 Qt/Ha,Yes,Medium
3322,SOYBEAN,HIM PALAM HARA SOYA 1,HIMACHAL PRADESH,23 - 28 Qt/Ha,Yes,Medium
3323,INDIAN MUSTARD,RCH 1,"JAMMU, HARYANA, PUNJAB, RAJASTHAN, DELHI",26 - 27 Qt/Ha,Yes,Medium
3324,FINGER MILLET (RAGI),Vakula (PPR 2700),KARNATAKA,15 - 20 Qt/Ha,Yes,Medium
3325,SOYBEAN,BIRSA SOYABEAN-3 (BAUS-40),JHARKHAND,28 - 30 Qt/Ha,Yes,Medium
3326,ITALIAN MILLET (FOX TAIL MILLET),Surya Nandi (SiA-3088),KARNATAKA,29 - 30 Qt/Ha,Yes,Early
3327,SORGHUM,CSV 45 (SPV 2504),"MAHARASHTRA, MADHYA PRADESH, TAMIL NADU",33 - 34 Qt/Ha,Yes,Medium
3328,SORGHUM,Jaicar Chari- CSV 47F (SPV 2593),"MAHARASHTRA, TAMIL NADU, KARNATAKA",430 - 431 Qt/Ha,Yes,Medium
3329,GOBHI SARSON,PGSH 1707,PUNJAB,15 - 25 Qt/Ha,Yes,Medium
3330,GOBHI SARSON,PGSH 1699,"HIMACHAL PRADESH, JAMMU AND KASHMIR, PUNJAB",15 - 16 Qt/Ha,Yes,Medium
3331,COTTON,DB 1601,,,No,
3332,COTTON,CICR-H COTTON 47 (CNH 1111),"MAHARASHTRA, GUJARAT, MADHYA PRADESH, ODISHA",12 - 13 Qt/Ha,Yes,Medium
3333,COTTON,SOLAR 108 BG II,"GUJARAT, MAHARASHTRA, MADHYA PRADESH, RAJASTHAN",19 - 20 Qt/Ha,Yes,Medium
3334,COTTON,CICR-H COTTON 48 (CNH 1128),"ANDHRA PRADESH, KARNATAKA, TAMIL NADU",13 - 14 Qt/Ha,Yes,Medium
3335,COTTON,ICAR-CICR 16301 DB (VAIDEHI-1),"ANDHRA PRADESH, TAMIL NADU, TELANGANA, KARNATAKA",14 - 15 Qt/Ha,Yes,Medium
3336,COTTON,ARBB-1502,"MAHARASHTRA, MADHYA PRADESH, GUJARAT",9 - 10 Qt/Ha,Yes,Medium
3337,COTTON,ARBC-1601,"MAHARASHTRA, MADHYA PRADESH, GUJARAT, RAJASTHAN, ODISHA",19 - 20 Qt/Ha,Yes,Early
3338,COTTON,ARBHB-1602,,,No,
3339,COTTON,ICAR-CICR BT 9 (ICAR-H BT COTTON 49),MAHARASHTRA,28 - 31 Qt/Ha,Yes,Medium
3340,LINSEED,Varsha Alsi (RLC-148),"RAJASTHAN, MADHYA PRADESH, UTTAR PRADESH, ODISHA, MAHARASHTRA, CHHATTISGARH, KARNATAKA",10 - 11 Qt/Ha,Yes,Medium
3341,COTTON,C 363 BG II,"MAHARASHTRA, MADHYA PRADESH, GUJARAT",19 - 20 Qt/Ha,Yes,Medium
3342,COTTON,C 344 BG II,GUJARAT,22 - 23 Qt/Ha,Yes,Early
3343,COTTON,C 9397 BG II,GUJARAT,13 - 16 Qt/Ha,Yes,Medium
3344,COTTON,C 9391 BG II,GUJARAT,17 - 18 Qt/Ha,Yes,Early
3345,COTTON,C 331 BG II,GUJARAT,20 - 21 Qt/Ha,Yes,Early
3346,COTTON,F 2383,,,No,
3347,SAFFLOWER,IGKV Kusum (RSS 2016-03),"MADHYA PRADESH, CHHATTISGARH",27 - 29 Qt/Ha,Yes,Medium
3348,HS MESTA,Central Kenaf JBMP-2,,2400 - 2500 Qt/Ha,No,
3349,COTTON,UASR-COT-1 (BGDS-1063),"TAMIL NADU, KARNATAKA, MADHYA PRADESH, MAHARASHTRA, GUJARAT, ODISHA",28 - 30 Qt/Ha,Yes,Medium
3350,COTTON,GN.Cot.-32 (GISV-267),GUJARAT,22 - 23 Qt/Ha,Yes,Medium
3351,COTTON,YCH 7475 Bt2,"GUJARAT, MAHARASHTRA, MADHYA PRADESH",74.8 - 76 Qt/Ha,Yes,Early
3352,COTTON,PRCH 2799 Bt2,"GUJARAT, MAHARASHTRA, MADHYA PRADESH",21 - 23 Qt/Ha,Yes,Early
3353,COTTON,BIO GHH 033-2 BG II (BIO 6033 BG II),"MADHYA PRADESH, UTTAR PRADESH, MAHARASHTRA",18 - 20 Qt/Ha,Yes,Medium
3354,COTTON,ACH-121-2 BG II,GUJARAT,17 - 20 Qt/Ha,Yes,Medium
3355,OAT,OL 1869-1 OL 13,"PUNJAB, HARYANA, RAJASTHAN, UTTAR PRADESH, GUJARAT, MAHARASHTRA, MADHYA PRADESH, CHHATTISGARH",23.3 - 25.1 Qt/Ha,Yes,Medium
3356,OAT,Central Fodder Oat 424 (OS 424),"JAMMU AND KASHMIR, UTTARAKHAND, HIMACHAL PRADESH",13 - 14 Qt/Ha,Yes,Medium
3357,OAT,OL 1876-2,"ASSAM, JHARKHAND, ODISHA, UTTAR PRADESH",226 - 230 Qt/Ha,Yes,Medium
3358,MAIZE (MAKKA),JMC-3 (PMSY 3),JAMMU AND KASHMIR,63 - 64 Qt/Ha,Yes,Medium
3359,Maize (fodder),CG Makka Chari 1 (IAFM 2015-48),CHHATTISGARH,300 - 345.2 Qt/Ha,Yes,Medium
3360,SOYBEAN,MACS-NRC 1667,"MAHARASHTRA, KARNATAKA, TELANGANA, ANDHRA PRADESH, TAMIL NADU",20.51 - 25 Qt/Ha,Yes,Medium
3361,OAT,OL 1896,"HARYANA, PUNJAB, RAJASTHAN, UTTARAKHAND",640 - 660 Qt/Ha,Yes,Early
3362,OAT,OL 1874 (OL 14),"PUNJAB, HARYANA, RAJASTHAN, UTTARAKHAND",50 - 60 Qt/Ha,Yes,Medium
3363,OIL PALM,Godavari Swarna (NRCOP-4),"ANDHRA PRADESH, TELANGANA",197 - 198 Qt/Ha,Yes,Late
3364,MAIZE (MAKKA),NUZI 260 (Sweet Corn),"PUNJAB, HARYANA, DELHI, UTTARAKHAND, UTTAR PRADESH, BIHAR, JHARKHAND, ODISHA, WEST BENGAL, MAHARASHTRA, KARNATAKA, ANDHRA PRADESH, TAMIL NADU, TELANGANA",20 - 25 Qt/Ha,Yes,Medium
3365,LENTIL (MASUR),RKL 58 F 3715 (Kota Masoor 4),"MADHYA PRADESH, MAHARASHTRA, CHHATTISGARH, GUJARAT, UTTAR PRADESH, RAJASTHAN",15 - 18 Qt/Ha,Yes,Medium
3366,SOYBEAN,NRC 147,"KARNATAKA, TELANGANA, TAMIL NADU, KERALA, ANDHRA PRADESH, ASSAM",23 - 24 Qt/Ha,Yes,Early
3367,MAIZE (MAKKA),Rajendra Hybrid Makka-4 (DMRH 1308),BIHAR,90 - 107 Qt/Ha,Yes,Late
3368,Sorghum (fodder),Gujarat Anand Forage Sorghum-11 (GAFS-11),GUJARAT,60 - 70 Qt/Ha,Yes,Medium
3369,COWPEA (FODDER),Vijaya (APFC-10-1),,,No,
3370,MAIZE (MAKKA),Pusa HM-9 Improved (AQH-9),"ODISHA, UTTAR PRADESH, JHARKHAND, WEST BENGAL",48 - 50 Qt/Ha,Yes,Medium
3371,Sorghum (fodder),Jaicar hariyali (CSV 38F/ SPV 2316),"MAHARASHTRA, TAMIL NADU, KARNATAKA",465 - 470 Qt/Ha,Yes,Medium
3372,Maize (fodder),IMHB 1539,"ASSAM, ARUNACHAL PRADESH, TRIPURA, MANIPUR, MEGHALAYA, SIKKIM, NAGALAND, UTTARAKHAND, HIMACHAL PRADESH, JAMMU, JAMMU AND KASHMIR",12 - 13 Qt/Ha,Yes,Medium
3373,COWPEA (FODDER),CO- 9,TAMIL NADU,7 - 7.5 Qt/Ha,Yes,Early
3374,Sorghum (fodder),Gujarat Anand Forage Sorghum-12 (GAFS-12),GUJARAT,13 - 14 Qt/Ha,Yes,Medium
3375,Maize (fodder),ADV 764 (ADV 1390164) (Hybrid),"PUNJAB, HARYANA, DELHI, UTTARAKHAND, UTTAR PRADESH",97 - 98 Qt/Ha,Yes,Late
3376,CARROT,Pusa Rudhira (IPC 122),"PUNJAB, HARYANA, DELHI, UTTAR PRADESH, BIHAR, JHARKHAND, WEST BENGAL, ASSAM",300 - 310 Qt/Ha,Yes,Early
3377,LITTLE MILLET,GNV-3,GUJARAT,28 - 29 Qt/Ha,Yes,Early
3378,marigold,Arka Agni,"KARNATAKA, KERALA, TAMIL NADU",22 - 25 Qt/Ha,Yes,Medium
3379,ASTER,Arka Archana,KARNATAKA,5 - 6 Qt/Ha,Yes,Early
3380,SUGARCANE (NOBLE CANE),Ranga (2009 V 127) (Co V 15-356),,,No,
3381,SUGARCANE (NOBLE CANE),Swarnamukhi (2005T16) (CoT 10367),,,No,
3382,SUGARCANE (NOBLE CANE),Ikshu-6 (CoLk 12207),"UTTAR PRADESH, BIHAR, JHARKHAND, WEST BENGAL, ASSAM",80 - 90 Qt/Ha,Yes,Early
3383,SUGARCANE (NOBLE CANE),Karan-14 (Co- 13035),"UTTAR PRADESH, UTTARAKHAND, PUNJAB, RAJASTHAN, HARYANA",878 - 880 Qt/Ha,Yes,Medium
3384,SUGARCANE (NOBLE CANE),Gujarat Sugarcane-4 (CoN 03131),,,No,
3385,SUGARCANE (NOBLE CANE),CO 0212,,,No,
3386,COMMON MILLET (PROSO MILLET),ATL 1 (TNPm 230 ),"TAMIL NADU, BIHAR, KARNATAKA",25 - 30 Qt/Ha,Yes,Early
3387,SOYBEAN,JS-20-69,MADHYA PRADESH,18 - 25 Qt/Ha,Yes,Early
3388,SORGHUM,SPV 2387 CSV 40F (SPV 2387),,,No,
3389,FENUGREEK,Afg 4,,,No,
3390,SUNFLOWER,DKVSH-952,,,No,
3391,SOYBEAN,KDS 726 (Phule Sangam),"MAHARASHTRA, TELANGANA, KARNATAKA, ANDHRA PRADESH, TAMIL NADU",18 - 19 Qt/Ha,Yes,Medium
3392,TORIA,Tripura Toria-1 (TRC T-1-1-5-1,,,No,
3393,TORIA,Azad Chetna (TKM 14-2),UTTAR PRADESH,13.89 - 14.4 Qt/Ha,Yes,Early
3394,COTTON,MR-68,"PUNJAB, RAJASTHAN, HARYANA, UTTAR PRADESH",18 - 23 Qt/Ha,Yes,Medium
3395,COTTON,DHB 915,,,No,
3396,COTTON,CSH-3129,"HARYANA, PUNJAB, RAJASTHAN",20 - 22 Qt/Ha,Yes,Medium
3397,COTTON,Gold Star BG II,"GUJARAT, MAHARASHTRA, MADHYA PRADESH, RAJASTHAN",19 - 20 Qt/Ha,Yes,Medium
3398,COTTON,Nirmal-433 (NACH-433),"MAHARASHTRA, MADHYA PRADESH, GUJARAT",16 - 30 Qt/Ha,Yes,Late
3399,COTTON,CPD-1652,"KARNATAKA, ANDHRA PRADESH, TELANGANA, TAMIL NADU, MAHARASHTRA, MADHYA PRADESH, GUJARAT, RAJASTHAN, ODISHA",15 - 16 Qt/Ha,Yes,Medium
3400,COTTON,ARBH-1551,"MADHYA PRADESH, MAHARASHTRA, GUJARAT, KARNATAKA, ANDHRA PRADESH, TELANGANA, TAMIL NADU",15 - 17 Qt/Ha,Yes,Medium
3401,COTTON,PHULE JLA-1110,"TAMIL NADU, TELANGANA, KARNATAKA",13 - 15 Qt/Ha,Yes,Medium
3402,SAFFLOWER,ANNIGERI-2020 (ANG-17-102),"MAHARASHTRA, KARNATAKA, TELANGANA, ANDHRA PRADESH",17 - 21 Qt/Ha,Yes,Medium
3403,SAFFLOWER,PHULE KIRAN (SSF-16-02),"MAHARASHTRA, KARNATAKA, TELANGANA, ANDHRA PRADESH, MADHYA PRADESH, CHHATTISGARH",20 - 21 Qt/Ha,Yes,Medium
3404,SAFFLOWER,DSAF-1 (ANG-18-02),"ANDHRA PRADESH, KARNATAKA, MAHARASHTRA, TELANGANA",22 - 27 Qt/Ha,Yes,Medium
3405,TOSSA JUTE,NJ-7050,"WEST BENGAL, BIHAR, ASSAM, ODISHA, TRIPURA",29.51 - 31.25 Qt/Ha,Yes,Late
3406,HS MESTA,JRR-17 (Ayush) (JRR-2012-1),"ODISHA, MAHARASHTRA, ANDHRA PRADESH, BIHAR, ARUNACHAL PRADESH, ASSAM, MANIPUR, MEGHALAYA, MIZORAM, NAGALAND, TRIPURA",25 - 27 Qt/Ha,Yes,Medium
3407,HS MESTA,JBMP-4 (Utkarsh) (JRK-2013-2),"WEST BENGAL, ODISHA, BIHAR, ANDHRA PRADESH, MAHARASHTRA, TRIPURA, ASSAM",27 - 29 Qt/Ha,Yes,Medium
3408,HS MESTA,Central Kenaf JRHC-3,WEST BENGAL,26 - 28 Qt/Ha,Yes,Medium
3409,TOSSA JUTE,NJ 7010 (Rani),TAMIL NADU,30 - 35 Qt/Ha,Yes,Late
3410,COTTON,G.Cot.-36 (Gujarat Cotton 36) (GSHV 177),"TAMIL NADU, KARNATAKA, ANDHRA PRADESH",24 - 25 Qt/Ha,Yes,Medium
3411,SUGARCANE (NOBLE CANE),Charchika CoOr 10346,,,No,
3412,BERSEEM (EGYPTIAN CLOVER),Jawahar Berseem 05-9 (JB 05-9),"RAJASTHAN, PUNJAB, HARYANA, UTTARAKHAND",650 - 680 Qt/Ha,Yes,Medium
3413,BAJRA NAPIER HYBRID,PBN 342,"PUNJAB, HARYANA, RAJASTHAN, ODISHA, ASSAM, TAMIL NADU, KARNATAKA",937 - 938 Qt/Ha,Yes,Early
3414,GUAR (CLUSTER BEAN),Gujarat Guar 3 (Banas Uday),GUJARAT,24 - 26 Qt/Ha,Yes,Early
3415,LUCERNE (ALFALFA),Alamdar-51,"ANDHRA PRADESH, KARNATAKA, TAMIL NADU, TELANGANA",593 - 594 Qt/Ha,Yes,Medium
3416,Sorghum (fodder),CSV 21F,,,No,
3417,Bajra (Fodder),Napier Bajra Hybrid PBN 346.,,,No,
3418,SUGARCANE (NOBLE CANE),IKSHU-10 (COLK 14201),UTTAR PRADESH,913 - 940 Qt/Ha,Yes,Early
3419,COTTON,Neo 1635 BG II (SZ),"ANDHRA PRADESH, KARNATAKA, TELANGANA, TAMIL NADU",17 - 18 Qt/Ha,Yes,Early
3420,COTTON,SRCH 207 BG II,"MAHARASHTRA, MADHYA PRADESH, GUJARAT",17 - 19 Qt/Ha,Yes,Medium
3421,COTTON,NBC-1821 BG II (CZ),"MAHARASHTRA, MADHYA PRADESH, GUJARAT",18 - 19 Qt/Ha,Yes,Early
3422,COTTON,Gujarat Cotton Hybrid-24 BG- II,"GUJARAT, MAHARASHTRA, MADHYA PRADESH",20 - 21 Qt/Ha,Yes,Medium
3423,WINGED BEAN,Indira Winged Bean- 2,"CHHATTISGARH, JHARKHAND, MAHARASHTRA",54 - 55 Qt/Ha,Yes,Medium
3424,COLOCASIA,Megha Taro-2(TTr 12-8),"BIHAR, JHARKHAND, ANDAMAN AND NICOBAR ISLANDS",120 - 121 Qt/Ha,Yes,Medium
3425,WHITE YAM,Shri Swetha (DrD 1110),KERALA,340 - 360 Qt/Ha,Yes,Medium
3426,POTATO,Kufri Sangam (MP/6-39),"GUJARAT, MADHYA PRADESH, RAJASTHAN, CHHATTISGARH, PUNJAB, HARYANA, UTTARAKHAND, UTTAR PRADESH",300 - 350 Qt/Ha,Yes,Medium
3427,SPONGE GOURD,Kashi Saumya (VRSGH-3),UTTAR PRADESH,180 - 200 Qt/Ha,Yes,Medium
3428,Maize (fodder),TSFM 15-5,"TELANGANA, TAMIL NADU, KARNATAKA, ANDHRA PRADESH, KERALA, PUDUCHERRY",7 - 10 Qt/Ha,Yes,Medium
3429,Bajra (Fodder),"Phule Mahashakti (DHBH 1211/MH 2078),Phule Mahasha",MAHARASHTRA,293 - 295 Qt/Ha,Yes,Late
3430,ANJAN GRASS,Bundel Anjan-4 (IG 67-365),"UTTAR PRADESH, MADHYA PRADESH, GUJARAT, MAHARASHTRA",290 - 375 Qt/Ha,Yes,Early
3431,SPONGE GOURD,Kashi Jyoti (VRSG-1-17),UTTAR PRADESH,150 - 200 Qt/Ha,Yes,Medium
3432,CAULIFLOWER,Pusa Hybrid-301 (KTH-301),"JAMMU AND KASHMIR, HIMACHAL PRADESH, UTTARAKHAND, RAJASTHAN, GUJARAT, HARYANA, DELHI",227 - 526 Qt/Ha,Yes,Medium
3433,CUCUMBER,Pusa gynoecious Cucumber Hybrid-18 (DGCH-18),,,No,
3434,AMARANTHUS,VL Chua 110,UTTARAKHAND,10 - 11 Qt/Ha,Yes,Medium
3435,AMARANTHUS,Gujarat Amaranth 4 (SKGPA 74),KARNATAKA,18 - 19 Qt/Ha,Yes,Medium
3436,SUGARCANE (NOBLE CANE),Vasista/ Pampavathi {2009A 107 (CoA 14321)},ANDHRA PRADESH,1240 - 1245 Qt/Ha,Yes,Medium
3437,GRAIN AMARANTHUS,"KBGA-1,KBGA-1",KARNATAKA,12 - 14 Qt/Ha,Yes,Early
3438,GARLIC,Bhima Purple (NRCRG-1),"DELHI, UTTAR PRADESH, HARYANA, BIHAR, PUNJAB, MAHARASHTRA, KARNATAKA, ANDHRA PRADESH",60 - 80 Qt/Ha,Yes,Medium
3439,LONG MELON,Kashi Santushti (VRSLM-16),"PUNJAB, UTTAR PRADESH, BIHAR, JHARKHAND",20 - 25 Qt/Ha,Yes,Early
3440,BANANA,Kaveri Kalki (NRCB-10),"KERALA, TAMIL NADU",14 - 18 Qt/Ha,Yes,Early
3441,TOMATO,Arka Samarat IIHR-H-240),,,No,
3442,RIDGE GOURD,Gujarat Ridge Gourd-2 (GRG-13-06),GUJARAT,200 - 220 Qt/Ha,Yes,Early
3443,CHILLIES,LCA- 620,"ODISHA, ANDHRA PRADESH, MADHYA PRADESH, TELANGANA, KARNATAKA, GUJARAT, MAHARASHTRA, PUNJAB, UTTAR PRADESH, WEST BENGAL, ANDAMAN AND NICOBAR ISLANDS, ASSAM",61 - 62 Qt/Ha,Yes,Medium
3444,CHRYSANTHEMUM,Arka Usha Kiran,"ANDHRA PRADESH, TELANGANA, TAMIL NADU, KERALA",14 - 20 Qt/Ha,Yes,Early
3445,CHRYSANTHEMUM,Arka Pink Star,"ANDAMAN AND NICOBAR ISLANDS, ANDHRA PRADESH, ARUNACHAL PRADESH, ASSAM, BIHAR, CHANDIGARH, CHHATTISGARH, DADRA AND NAGAR HAVELI, DAMAN AND DIU, DELHI, GOA, GUJARAT, HARYANA, HIMACHAL PRADESH, JAMMU, JAMMU AND KASHMIR, JHARKHAND, KARNATAKA, KASHMIR, KERALA, LADAKH, LAKSHADWEEP, MADHYA PRADESH, MAHARASHTRA, MANIPUR, MEGHALAYA, MIZORAM, NAGALAND, ODISHA, PUDUCHERRY, PUNJAB, RAJASTHAN, SIKKIM, TAMIL NADU, TELANGANA, TRIPURA, UTTARAKHAND, UTTAR PRADESH, WEST BENGAL",30 - 35 Qt/Ha,Yes,Late
3446,GRAPES,MACS-516 (H516/ARI516),"MAHARASHTRA, PUNJAB, TAMIL NADU, TELANGANA",18 - 20 Qt/Ha,Yes,Early
3447,BANANA,Kaveri Sugantham (NRCB-11),TAMIL NADU,152+ Qt/Ha,Yes,Medium
3448,ORANGE,Pusa Round (MS-13),"BIHAR, CHHATTISGARH, DELHI, HARYANA, RAJASTHAN, UTTAR PRADESH",150 - 180 Qt/Ha,Yes,Late
3449,PADDY (DHAN),Chhattisgarh Zinc Rice- 2 (CGZR-2) (IET 23829),CHHATTISGARH,45 - 46 Qt/Ha,Yes,Medium
3450,PADDY (DHAN),JAMMU BASMATI 129 (SJR 129-2-2 ) (IET 24597),JAMMU,45 - 46 Qt/Ha,Yes,Medium
3451,PAPAYA,Gujarat Junagadh Papaya-1(GJP-1)(Tested as Selection 4),GUJARAT,845 - 846 Qt/Ha,Yes,Perennial
3452,TOMATO,Gujarat Anand Tomato 5(GAT5) (ATL 10-04),GUJARAT,400 - 402 Qt/Ha,Yes,Early
3453,TOMATO,Gujarat Tomato 6 (GT 6) (JTL-12-07),GUJARAT,316 - 320 Qt/Ha,Yes,Medium
3454,GREEN GRAM,Phule Chetak (PM-707-5),MAHARASHTRA,9.86 - 9.95 Qt/Ha,Yes,Early
3455,BRINJAL,Chhattisgarh Safed Baigan-1,CHHATTISGARH,34 - 36 Qt/Ha,Yes,Medium
3456,BRINJAL,Gujarat Junagadhdf Brinjal-3 (GJB-3),GUJARAT,393 - 400 Qt/Ha,Yes,Medium
3457,BRINJAL,Pusa Vaibhav (DBPR-23),"PUNJAB, UTTAR PRADESH, BIHAR, JHARKHAND",410 - 450 Qt/Ha,Yes,Early
3458,BRINJAL,Punjab Raunak (PBL-232),"DELHI, HARYANA, GUJARAT, MADHYA PRADESH, MAHARASHTRA, GOA",365 - 369 Qt/Ha,Yes,Early
3459,GREEN GRAM,GM-7 (NMK-15-08),,,No,
3460,GREEN GRAM,IPM 409-4,UTTAR PRADESH,6 - 7 Qt/Ha,Yes,Medium
3461,PADDY (DHAN),KKP-5 (IET 24250),,,No,
3462,TOMATO,Kalinga Tomato-121 (BT-19-1-1-1),ODISHA,328 - 350 Qt/Ha,Yes,Medium
3463,INDIAN BEAN (FIELD BEAN),Gujarat Junagadh Indian bean-11 (JIB (V)-16),,,No,
3464,TOMATO,Arka Aditya (H-331),"KERALA, KARNATAKA, TAMIL NADU",1090 - 1091 Qt/Ha,Yes,Medium
3465,CORIANDER,Suguna (LCC-236),"GUJARAT, ANDHRA PRADESH, RAJASTHAN, UTTAR PRADESH",12 - 15 Qt/Ha,Yes,Medium
3466,TOMATO,NTH- 3072,"JAMMU AND KASHMIR, HIMACHAL PRADESH, UTTARAKHAND",390 - 397 Qt/Ha,Yes,Early
3467,TOMATO,VL Cherry Tomato-1 (VT-95),"UTTARAKHAND, HIMACHAL PRADESH, JAMMU AND KASHMIR, SIKKIM, MEGHALAYA, MANIPUR, NAGALAND, MIZORAM, TRIPURA, ARUNACHAL PRADESH, ANDAMAN AND NICOBAR ISLANDS, MADHYA PRADESH, MAHARASHTRA, GOA",250 - 316 Qt/Ha,Yes,Medium
3468,PADDY (DHAN),PRADEEP (OR 2327-23) IET 20923,,,No,
3469,PADDY (DHAN),PRATIBHA (OR 2172-7) IET 21582,,,No,
3470,TURMERIC,UTTAR RANGINI (UBKV Turmeric-3),,,No,
3471,PADDY (DHAN),PAC 837,MADHYA PRADESH,70 - 75 Qt/Ha,Yes,Medium
3472,PADDY (DHAN),PAC 8744+ (ADV 1603- IET 25785),"HARYANA, JAMMU AND KASHMIR, UTTARAKHAND",64 - 65 Qt/Ha,Yes,Medium
3473,PADDY (DHAN),Kunaram Rice-1 (KNM 733) (IET 27405),TELANGANA,66.53 - 73.5 Qt/Ha,Yes,Early
3474,PADDY (DHAN),Pant Dhan 22 (UPR 2760-10-1-2),UTTARAKHAND,40 - 45 Qt/Ha,Yes,Medium
3475,POTATO,Kufri FryoM (MP/4-578),"GUJARAT, RAJASTHAN, UTTAR PRADESH, MADHYA PRADESH",300 - 350 Qt/Ha,Yes,Medium
3476,PADDY (DHAN),Ratnagiri-5,,,No,
3477,CORIANDER,ACR-2 (Ajmer Coriander-2),"BIHAR, UTTAR PRADESH, HARYANA, RAJASTHAN, GUJARAT",12 - 13 Qt/Ha,Yes,Medium
3478,DIL SEED,Gujarat Anand Dill Seed-1 (GAD-1),GUJARAT,15 - 24 Qt/Ha,Yes,Medium
3479,CORIANDER,Jawahar Dhaniya- 10,"ANDHRA PRADESH, MADHYA PRADESH, UTTARAKHAND, HARYANA",14 - 28 Qt/Ha,Yes,Early
3480,INDIAN BEAN (DOLICHOS BEAN),Arka Supriya (IIHR-162-2),"MAHARASHTRA, MADHYA PRADESH, GOA, KARNATAKA, KERALA, TAMIL NADU",230 - 235 Qt/Ha,Yes,Late
3481,CORIANDER,Chhattisgarh Dhaniya-1,CHHATTISGARH,9 - 10 Qt/Ha,Yes,Medium
3482,DIL SEED,AD-2 (Ajmer Dil-2) (AD-2),RAJASTHAN,14 - 15 Qt/Ha,Yes,Medium
3483,RADISH,Kashi Aardra (VRRAD-150),"ASSAM, WEST BENGAL",350 - 375 Qt/Ha,Yes,Medium
3484,GREEN GRAM,GM-6 (NMK-15-12),,,No,
3485,GREEN GRAM,Tripura Moong-1,,,No,
3486,BARLEY,RD-2794,"HARYANA, BIHAR, JHARKHAND, PUNJAB, UTTAR PRADESH, RAJASTHAN",29.9 - 43.3 Qt/Ha,Yes,Medium
3487,FINGER MILLET (RAGI),CFMV-3 (Ekvijay),"ANDHRA PRADESH, TAMIL NADU, TELANGANA, MAHARASHTRA, GUJARAT",32 - 35 Qt/Ha,Yes,Medium
3488,PADDY (DHAN),Warangal Vari-2 (IET 26094),ANDHRA PRADESH,68 - 70 Qt/Ha,Yes,Early
3489,PADDY (DHAN),GITESH (TTB 283-1-26),,,No,
3490,GINGER,Suravi (V1K13),ODISHA,17 - 19 Qt/Ha,Yes,Late
3491,CASTOR,Gujarat Castor Hybrid-9 (GCH-9) (JHB- 1018),,,No,
3492,PADDY (DHAN),Kunaram Vari-2 (KNM 1638),TELANGANA,65 - 67 Qt/Ha,Yes,Early
3493,PADDY (DHAN),CR Sugandh Dhan 908 (IET 23189) (CR 2713-35),"ODISHA, UTTAR PRADESH, WEST BENGAL",46 - 47 Qt/Ha,Yes,Late
3494,SESAME (GINGELLY),Gujarat Til 6 (G.Til 6) (AT 332),GUJARAT,10 - 11 Qt/Ha,Yes,Late
3495,KODO MILLET,ATL 1 (TNPsc 176),TAMIL NADU,25 - 44 Qt/Ha,Yes,Early
3496,KODO MILLET,CKMV 1(ATL 2),"ANDHRA PRADESH, CHHATTISGARH, JHARKHAND, MADHYA PRADESH, KARNATAKA, TAMIL NADU",28 - 68 Qt/Ha,Yes,Early
3497,GROUNDNUT,TAG 73 (TAG 14-73),MAHARASHTRA,2500 - 2800 Qt/Ha,Yes,Late
3498,PADDY (DHAN),"Chhattisgarh Zinc rice-1 (CGZR-1) (IET No.23824, R-RHZ-2) (R- 1033-968-2-1)",,,No,
3499,GROUNDNUT,GUJARAT GROUNDNUT 35 (SORATH GOLD),GUJARAT,3170 - 3177 Qt/Ha,No,Medium
3500,PADDY (DHAN),VL Dhan 210 (VL 1364),UTTARAKHAND,24 - 25 Qt/Ha,Yes,Late
3501,PADDY (DHAN),DRR DHAN 63 (IET 26596),"UTTAR PRADESH, ODISHA, KERALA",60 - 63 Qt/Ha,Yes,Medium
3502,PADDY (DHAN),Chandra (IET 23409)(MTU 1153),"BIHAR, PUNJAB, CHHATTISGARH, MAHARASHTRA, TAMIL NADU, KARNATAKA, KERALA",59 - 61 Qt/Ha,Yes,Early
3503,PADDY (DHAN),Kalinga Dhan-1502,"ODISHA, WEST BENGAL",46 - 47 Qt/Ha,Yes,Late
3504,PADDY (DHAN),Uttar Sona (UBKVR -1) (IET 24171),,,No,
3505,PADDY (DHAN),LG 93.01 (BLR-102) (IET 24949),,,No,
3506,PADDY (DHAN),MUKUL (CR Dhan 311) (IET 24772) (CR 2829-PLN-100),"ASSAM, ODISHA",44 - 48 Qt/Ha,Yes,Medium
3507,TURMERIC,Surama (PTS-24),"ANDHRA PRADESH, ODISHA, TELANGANA, MADHYA PRADESH, MAHARASHTRA, CHHATTISGARH",22 - 23 Qt/Ha,Yes,Medium
3508,PADDY (DHAN),GOMATI DHAN TRC-2005-1 (TRC-05-8-4-42-8-3-7) IET 21512,,,No,
3509,PADDY (DHAN),KHOWAI TRC-2005-3 (TRC-05-2-6-4-39-3-6) IET 21564,,,No,
3510,GROUNDNUT,K 1812 (Kadiri Lepakshi),"KARNATAKA, MAHARASHTRA, TELANGANA, ANDHRA PRADESH",3510 - 3514 Qt/Ha,Yes,Late
3511,PADDY (DHAN),HKR 128 (HKR 06-47),,,No,
3512,PADDY (DHAN),Bapatla Mahsuri (BPT 2295) (IET 22188),,,No,
3513,PADDY (DHAN),Him Palam Dhan 1 (HPR 2656),HIMACHAL PRADESH,21 - 32 Qt/Ha,Yes,Medium
3514,PADDY (DHAN),MP 3030 (IET 25764),"HARYANA, UTTARAKHAND, GOA, GUJARAT, JAMMU, KASHMIR",60 - 65 Qt/Ha,Yes,Early
3515,SORGHUM,Telangana Jonna 1 (CSV 41/SPV 2437),,,No,
3516,PADDY (DHAN),Telangana Vari-1 (IET 25330) (WGL-739),,,No,
3517,PADDY (DHAN),Indam 200-017 (IET 20419) (Hybrid),"ASSAM, ARUNACHAL PRADESH, MANIPUR, MEGHALAYA, MIZORAM, SIKKIM, TRIPURA",60 - 70 Qt/Ha,Yes,Medium
3518,BENGAL GRAM (CHICK PEA),Jawahar Gram 24 (JG 24) (JG 2016-24),"MADHYA PRADESH, MAHARASHTRA, CHHATTISGARH, GUJARAT",22 - 24 Qt/Ha,Yes,Medium
3519,COWPEA (PULSES),KBC-11 (KC-8),KARNATAKA,7 - 9 Qt/Ha,Yes,Medium
3520,PADDY (DHAN),Teja (BPT 2595) 0ET 25486),ANDHRA PRADESH,65 - 70 Qt/Ha,Yes,Late
3521,PADDY (DHAN),Numali (IET 27405),ASSAM,53 - 54 Qt/Ha,Yes,Medium
3522,PADDY (DHAN),CR Dhan 210 (IET 23449),ODISHA,31.6 - 35.61 Qt/Ha,Yes,Early
3523,PADDY (DHAN),Protezin (IET 25470) (R-RHZ-R-56),CHHATTISGARH,45 - 45.98 Qt/Ha,Yes,Medium
3524,COWPEA (PULSES),SAHYADRI YUKTHI (UAHS 28),KARNATAKA,11 - 14 Qt/Ha,Yes,Early
3525,PADDY (DHAN),VNR 2355 PLUS (IET 20735) (VNR 202),,5956 - 6000 Qt/Ha,No,
3526,BLACK GRAM,Blackgram CO 7 (COBG 10-05),TAMIL NADU,8 - 9 Qt/Ha,Yes,Early
3527,COWPEA (PULSES),CHHATTISGARH CHARA BARBATTI-1 (RFC-2)(RCC-48),"UTTAR PRADESH, ODISHA, MANIPUR, ASSAM, WEST BENGAL, DELHI, JHARKHAND, CHHATTISGARH",260 - 300 Qt/Ha,Yes,Medium
3528,COWPEA (PULSES),PDKV RUTUJA (AKCP 8-2-2),MAHARASHTRA,12 - 15 Qt/Ha,Yes,Early
3529,LENTIL (MASUR),IPL-315,UTTAR PRADESH,12 - 14 Qt/Ha,Yes,Medium
3530,PEAS,Pant Pea- 347,"UTTAR PRADESH, UTTARAKHAND, JAMMU AND KASHMIR, RAJASTHAN, PUNJAB, DELHI, HARYANA",25 - 30 Qt/Ha,Yes,Medium
3531,LINSEED,Chhattisgarh Alsi-1 (RLC-133),,,No,
3532,PIGEON PEA (RED GRAM/ARHAR),Gujarat Tur-103 (GT 103),,,No,
3533,PIGEON PEA (RED GRAM/ARHAR),GRG 152 (Bheema) Duplicate,KARNATAKA,15 - 18 Qt/Ha,Yes,Early
3534,LINSEED,RLC 164,"JAMMU, PUNJAB, HIMACHAL PRADESH",11 - 13 Qt/Ha,Yes,Medium
3535,PIGEON PEA (RED GRAM/ARHAR),Tirupati Kandi 59 (TRG-59),ANDHRA PRADESH,15.35 - 19.39 Qt/Ha,Yes,Medium
3536,BATHUA,Kashi Bathua-2 (VRCHE-2)(BKS/BS-2),UTTAR PRADESH,39 - 40 Qt/Ha,Yes,Medium
3537,CARROT,Pusa Asita (IPC 126),"UTTAR PRADESH, UTTARAKHAND, PUNJAB, RAJASTHAN",250 - 255 Qt/Ha,Yes,Medium
3538,GINGER,Suprabha (PGS-35),ODISHA,16 - 17 Qt/Ha,Yes,Medium
3539,GROUNDNUT,GUJARAT GROUMDNUT 23 (SORATH KIRAN),GUJARAT,2720 - 2722 Qt/Ha,No,Late
3540,LIMA BEAN,Lime VRM-1,TAMIL NADU,69+ Qt/Ha,Yes,Late
3541,LIMA BEAN,Swarna Poshan,JHARKHAND,150 - 152 Qt/Ha,Yes,Late
3542,SOYBEAN,Kota Soya-1 (RKS-113),"JHARKHAND, CHHATTISGARH, ASSAM, MANIPUR, MEGHALAYA, ODISHA",18 - 20 Qt/Ha,Yes,Medium
3543,GROUNDNUT,Pratap Mungphali-3 (UG 116),RAJASTHAN,3388 - 3388 Qt/Ha,Yes,Medium
3544,SOYBEAN,PHULE DURVA (KDS 992),"MAHARASHTRA, TELANGANA, TAMIL NADU, KARNATAKA, ANDHRA PRADESH",26 - 27 Qt/Ha,Yes,Medium
3545,Greater Yam,Sree Nidhi (Da 293),KERALA,300 - 350 Qt/Ha,Yes,Medium
3546,GROUNDNUT,K1719 (Kadiri Chithravathi),"ANDHRA PRADESH, TAMIL NADU, TELANGANA",3090 - 3092 Qt/Ha,Yes,Late
3547,GROUNDNUT,DH 257,"KARNATAKA, MAHARASHTRA",3397 - 3397 Qt/Ha,Yes,Late
3548,LINSEED,Surya (LCK-1404),"JAMMU AND KASHMIR, HIMACHAL PRADESH, UTTARAKHAND, PUNJAB, HARYANA",14 - 23 Qt/Ha,Yes,Medium
3549,KODO MILLET,Chhattisgarh Kodo-03 (BK-36),"MADHYA PRADESH, CHHATTISGARH, KARNATAKA, TAMIL NADU",26 - 29 Qt/Ha,Yes,Medium
3550,COTTON,ICAR-CICR 23 Bt,"ANDHRA PRADESH, KARNATAKA, TELANGANA, TAMIL NADU",13 - 14.5 Qt/Ha,Yes,Medium
3551,WHEAT,PBW 803,PUNJAB,55 - 60 Qt/Ha,Yes,Medium
3552,FRENCH BEAN (VEGETABLE),Badwerwah Rajmash-104 (BR 104),"JAMMU, JAMMU AND KASHMIR",6 - 7 Qt/Ha,Yes,Early
3553,WHEAT,DBWH 221 (DBW 221),HARYANA,60 - 77 Qt/Ha,Yes,Medium
3554,CASSAVA (TAPIOCA),Yethapur-2 (YTP-2) (Me 681),TAMIL NADU,462 - 463 Qt/Ha,Yes,Late
3555,SESAME (GINGELLY),LT 8 (Punjab Til No. 2),"PUNJAB, HARYANA, HIMACHAL PRADESH, JAMMU AND KASHMIR, RAJASTHAN",6 - 11 Qt/Ha,Yes,Medium
3556,GROUNDNUT,DH-245,KARNATAKA,2500 - 2900 Qt/Ha,Yes,Medium
3557,MAIZE (MAKKA),PAC 745 Gold (Hybrid),UTTAR PRADESH,69 - 70 Qt/Ha,Yes,Medium
3558,GROUNDNUT,Gujarat Junagadh Groundnut 32 (GJG 32) (ICGV 033)G,"TAMIL NADU, ANDHRA PRADESH, TELANGANA, KARNATAKA, MAHARASHTRA",29 - 30 Qt/Ha,Yes,Medium
3559,PEARL MILLET,GK 1116 (MH 1974),RAJASTHAN,32 - 35 Qt/Ha,Yes,Medium
3560,SORGHUM,CSV 42 (SPV 2423),"KARNATAKA, MADHYA PRADESH, MAHARASHTRA, GUJARAT",3.5 - 4 Qt/Ha,Yes,Medium
3561,FENUGREEK,Ajmer Fenugreek-3 (AFG-3),,,No,
3562,BENGAL GRAM (CHICK PEA),Pant Gram 8 (PG 170),UTTARAKHAND,17 - 18 Qt/Ha,Yes,Medium
3563,BENGAL GRAM (CHICK PEA),Gujarat Kabuli Gram 1 (GJGK 1617),GUJARAT,19 - 20 Qt/Ha,Yes,Early
3564,BENGAL GRAM (CHICK PEA),CG Akshay Chana (RG 2016-134),"ANDHRA PRADESH, TAMIL NADU, TELANGANA, KARNATAKA",16 - 17 Qt/Ha,Yes,
3565,BENGAL GRAM (CHICK PEA),Samridhi (IPCMB 19-3),,,No,
3566,MAIZE (MAKKA),BRMH-1,KARNATAKA,55 - 60 Qt/Ha,Yes,Medium
3567,BENGAL GRAM (CHICK PEA),Haryana Chana No 7 (HC 7) (H 12-55),"RAJASTHAN, PUNJAB, DELHI",20 - 25 Qt/Ha,Yes,Medium
3568,BENGAL GRAM (CHICK PEA),Raj Vijay Kabuli Gram 151 (RVKG 151) (RVSSG 37),MADHYA PRADESH,18 - 19 Qt/Ha,Yes,Medium
3569,INDIAN MUSTARD,TAM 108-1,MAHARASHTRA,14 - 15 Qt/Ha,Yes,Medium
3570,SORGHUM,Tandur Jonna 1 (SVT-68),TELANGANA,30 - 32 Qt/Ha,No,Medium
3571,SORGHUM,Jaicar Urja-CSV 48 (SPV 2402),"MAHARASHTRA, TELANGANA, GUJARAT, MADHYA PRADESH, PUNJAB, UTTARAKHAND",560 - 565 Qt/Ha,Yes,Late
3572,BENGAL GRAM (CHICK PEA),Pant Gram 7 (PG172),UTTARAKHAND,18 - 25 Qt/Ha,Yes,Medium
3573,SOYBEAN,PHULE KIMAYA (KDS 753),"TAMIL NADU, KARNATAKA, ANDHRA PRADESH, GUJARAT",23.62 - 24.58 Qt/Ha,Yes,Medium
3574,WHEAT,Phule Satwik (NIAW 3170),"HARYANA, RAJASTHAN, PUNJAB, UTTAR PRADESH, UTTARAKHAND, DELHI, JAMMU AND KASHMIR",50 - 52 Qt/Ha,Yes,Late
3575,BENGAL GRAM (CHICK PEA),Nandyal Gram 452 (NbeG 452),ANDHRA PRADESH,15.39 - 17.85 Qt/Ha,Yes,Early
3576,ITALIAN MILLET (FOX TAIL MILLET),Renadu (SiA 3223),ANDHRA PRADESH,28 - 32 Qt/Ha,Yes,
3577,COTTON,NC 369 BT2,"GUJARAT, MAHARASHTRA, MADHYA PRADESH",10 - 11 Qt/Ha,Yes,Early
3578,PADDY (DHAN),28P67 PR 14105 (IET 24879),"BIHAR, JHARKHAND, ODISHA, UTTAR PRADESH, WEST BENGAL, MAHARASHTRA, CHHATTISGARH",64 - 70 Qt/Ha,Yes,Medium
3579,PIGEON PEA (RED GRAM/ARHAR),Raj Vijay Arhar 19 (RVA 19) (RVSA-16-1),"TAMIL NADU, KARNATAKA, ANDHRA PRADESH, TELANGANA, ODISHA",15.62 - 16.28 Qt/Ha,Yes,Medium
3580,LUCERNE (ALFALFA),Lucerne CO 4 (TNLC 15) (RCP 2-1),"TAMIL NADU, KARNATAKA, ANDHRA PRADESH, TELANGANA",2.47 - 2.65 Qt/Ha,Yes,Medium
3581,COTTON,RAGHUVIR BG II,"PUNJAB, HARYANA, RAJASTHAN",34 - 36 Qt/Ha,Yes,Medium
3582,COTTON,HEMANG BG II,"MADHYA PRADESH, MAHARASHTRA, GUJARAT",15 - 19 Qt/Ha,Yes,Early
3583,COTTON,G.Cot.42 (Gujarat Cotton 42) (GSHV 180),"UTTAR PRADESH, GUJARAT",17 - 18 Qt/Ha,Yes,Medium
3584,COTTON,NHH 715,"GUJARAT, MADHYA PRADESH, MAHARASHTRA",11.82 - 12.58 Qt/Ha,Yes,Medium
3585,PADDY (DHAN),CR Dhan 102 (IET 25121),ODISHA,39.02 - 54.68 Qt/Ha,Yes,Medium
3586,COMMON MILLET (PROSO MILLET),PMV 442 (GPUP 25),"TAMIL NADU, TELANGANA",18 - 19 Qt/Ha,No,Early
3587,WHEAT,KARAN VANDANA (DBW 187),"MADHYA PRADESH, CHHATTISGARH, GUJARAT, RAJASTHAN, ARUNACHAL PRADESH, TRIPURA, NAGALAND, MIZORAM, MEGHALAYA, MANIPUR, ASSAM, HARYANA, PUNJAB",48 - 50 Qt/Ha,Yes,Medium
3588,PADDY (DHAN),Chhattisgarh Devbhog (IET 23879) (R-1656-1146-5-513-1),CHHATTISGARH,44 - 45 Qt/Ha,Yes,Medium
3589,TORIA,RSPT-6 (TCN 13-9),JAMMU,15 - 16 Qt/Ha,Yes,Early
3590,PADDY (DHAN),Uttar Lakshmi (IET 24173) UBKVR-15,"WEST BENGAL, ODISHA, TRIPURA",,Yes,
3591,CASTOR,GCH8 (SHB 896),GUJARAT,25 - 36 Qt/Ha,Yes,Medium
3592,PEAS,IPFD 12-8,UTTAR PRADESH,10 - 12 Qt/Ha,Yes,Medium
3593,WHEAT,Karan Shriya (DBW 252),"BIHAR, UTTAR PRADESH, JHARKHAND, WEST BENGAL",36 - 37 Qt/Ha,Yes,Medium
3594,PADDY (DHAN),Swarna Shakti Dhan (IET 25640)(RCPF-22-IR84899-B-183-20-1-1-1),"ODISHA, HARYANA, JHARKHAND, CHHATTISGARH, BIHAR",47 - 46 Qt/Ha,Yes,Early
3595,SORGHUM,Jaicar Nutrigraze (CSV 43 BMR/SPV 2018),"BIHAR, ANDHRA PRADESH, DELHI",30 - 36 Qt/Ha,Yes,Medium
3596,MAIZE (MAKKA),NMH - 713,"ASSAM, UTTAR PRADESH, BIHAR, JHARKHAND, ANDHRA PRADESH, KARNATAKA, TAMIL NADU",90 - 95 Qt/Ha,Yes,Medium
3597,FINGER MILLET (RAGI),KMR-630,KARNATAKA,35 - 40 Qt/Ha,Yes,Early
3598,FINGER MILLET (RAGI),KALUA (OEB 532),ODISHA,24.99 - 25.08 Qt/Ha,Yes,Medium
3599,Sorghum (fodder),CSV 46F (Tapi Chari),"GUJARAT, RAJASTHAN, HARYANA, PUNJAB, UTTARAKHAND, UTTAR PRADESH",597 - 661 Qt/Ha,Yes,Late
3600,CASTOR,JAWAHAR CASTOR-24 (JC-24),"MADHYA PRADESH, MAHARASHTRA, CHHATTISGARH, ANDHRA PRADESH, TELANGANA, KARNATAKA, GUJARAT",26 - 28 Qt/Ha,Yes,Early
3601,PADDY (DHAN),MR 8666,"ANDHRA PRADESH, CHHATTISGARH, UTTAR PRADESH, ODISHA",53 - 65 Qt/Ha,Yes,Late
3602,SESAME (GINGELLY),GUJARAT TIL 11 (AT 324),"ANDAMAN AND NICOBAR ISLANDS, ANDHRA PRADESH, ARUNACHAL PRADESH, ASSAM, BIHAR, CHANDIGARH, CHHATTISGARH, DADRA AND NAGAR HAVELI, DAMAN AND DIU, DELHI, GOA, GUJARAT, WEST BENGAL, UTTAR PRADESH, UTTARAKHAND, TRIPURA, TELANGANA, TAMIL NADU, SIKKIM, PUNJAB, RAJASTHAN, PUDUCHERRY, ODISHA, NAGALAND, MIZORAM, MEGHALAYA, MANIPUR, MAHARASHTRA, MADHYA PRADESH, LAKSHADWEEP, LADAKH, KERALA, KASHMIR, KARNATAKA, JHARKHAND, JAMMU AND KASHMIR, JAMMU, HARYANA, HIMACHAL PRADESH",8 - 9 Qt/Ha,Yes,Late
3603,INDIAN BEAN (FIELD BEAN),GNIB-22 (NIBD 14-01),,,No,
3604,SETARIA GRASS (PIGEON GRASS),Him Palam Setaria Grass - 2 (S -25),"UTTARAKHAND, HIMACHAL PRADESH",1.5 - 2 Qt/Ha,Yes,Perennial
3605,OAT,OL 1760,"TELANGANA, TAMIL NADU, ANDHRA PRADESH, KARNATAKA",10 - 11 Qt/Ha,Yes,Medium
3606,INDIAN MUSTARD,Azad Mahak (KMR (E) 15-2),UTTAR PRADESH,15 - 20 Qt/Ha,Yes,Early
3607,PADDY (DHAN),CAU-R3 (Mangalphou) (IET 22833),MANIPUR,40 - 45 Qt/Ha,Yes,Early
3608,INDIAN BEAN (FIELD BEAN),Phule Rajmah (GRB-902).,MAHARASHTRA,15 - 17 Qt/Ha,Yes,Early
3609,PADDY (DHAN),SIKKIM DHAN-1 (IET22984),SIKKIM,28 - 30 Qt/Ha,Yes,Medium
3610,BENGAL GRAM (CHICK PEA),Pusa Chickpea 4005,"HARYANA, PUNJAB, RAJASTHAN, UTTAR PRADESH",16 - 16.5 Qt/Ha,Yes,Medium
3611,TORIA,Jeuti ( JT 90-1),ASSAM,9.86 - 13.85 Qt/Ha,Yes,Medium
3612,COTTON,ARBC-1651,"MAHARASHTRA, MADHYA PRADESH, GUJARAT, RAJASTHAN, ODISHA, KARNATAKA, ANDHRA PRADESH, TELANGANA, TAMIL NADU",18 - 19 Qt/Ha,Yes,Medium
3613,PADDY (DHAN),SAVA 127 (SVH-005) (IET-22876),"UTTAR PRADESH, ASSAM",50 - 56 Qt/Ha,Yes,Early
3614,SORGHUM,Palem Pacha Jonna 1 (PYPS-2),"ANDHRA PRADESH, TELANGANA, KARNATAKA",23.43 - 25 Qt/Ha,Yes,Early
3615,PADDY (DHAN),DRR Dhan 48 (IET 24555),"ANDHRA PRADESH, KERALA, KARNATAKA, TAMIL NADU, TELANGANA",50 - 52 Qt/Ha,Yes,Late
3616,BENGAL GRAM (CHICK PEA),Kota Kabuli Chana-1 (RKGK 13-271),RAJASTHAN,15 - 18 Qt/Ha,Yes,Early
3617,RYEGRASS,HIM PALAM RYEGRASS-1 (PALAM RYEGRASS1),"HIMACHAL PRADESH, UTTARAKHAND, KASHMIR, JAMMU AND KASHMIR",7 - 8 Qt/Ha,Yes,Medium
3618,INDIAN MUSTARD,DRMR 1165-40,"RAJASTHAN, PUNJAB",22 - 24 Qt/Ha,Yes,Medium
3619,MAIZE (MAKKA),OMH 14-27 (Kalinga Raj),ODISHA,72 - 73 Qt/Ha,Yes,Late
3620,SUGARCANE (NOBLE CANE),Arundhati/Naveen {2009 A 252 (Co A 14-323)},ANDHRA PRADESH,1180 - 1200 Qt/Ha,Yes,Late
3621,BENGAL GRAM (CHICK PEA),IPC 2005-62 (Desi),UTTAR PRADESH,10 - 12 Qt/Ha,Yes,Medium
3622,COTTON,ARCH 888 BGII,"GUJARAT, MAHARASHTRA, MADHYA PRADESH",28 - 30 Qt/Ha,Yes,Medium
3623,COTTON,Central Cotton CICR CNA-1032 (CNA- 1032),"MAHARASHTRA, GUJARAT, MADHYA PRADESH",12 - 13 Qt/Ha,Yes,Medium
3624,Sorghum (fodder),Mega Sweet (SPH 1890) (ADV 6681),"ANDAMAN AND NICOBAR ISLANDS, ANDHRA PRADESH, ARUNACHAL PRADESH, ASSAM, BIHAR, CHANDIGARH, CHHATTISGARH, DADRA AND NAGAR HAVELI, DAMAN AND DIU, DELHI, GOA, GUJARAT, HARYANA, HIMACHAL PRADESH, JAMMU, JAMMU AND KASHMIR, JHARKHAND, KARNATAKA, KASHMIR, KERALA, LADAKH, LAKSHADWEEP, MADHYA PRADESH, MAHARASHTRA, MANIPUR, MEGHALAYA, MIZORAM, NAGALAND, ODISHA, PUDUCHERRY, PUNJAB, RAJASTHAN, SIKKIM, TAMIL NADU, TELANGANA, TRIPURA, UTTARAKHAND, UTTAR PRADESH, WEST BENGAL",124 - 130 Qt/Ha,Yes,Late
3625,PADDY (DHAN),BRRI Dhan 69 (WTR 1) (IET 24461),"WEST BENGAL, ASSAM, TRIPURA",50 - 51 Qt/Ha,Yes,Late
3626,COWPEA (PULSES),KBC-9,KARNATAKA,11 - 12 Qt/Ha,Yes,Medium
3627,OAT,OL 1769-1,"UTTAR PRADESH, MAHARASHTRA, GUJARAT, MADHYA PRADESH, CHHATTISGARH",23 - 24 Qt/Ha,Yes,Medium
3628,BLACK GRAM,ADT 6,TAMIL NADU,7.41 - 7.41 Qt/Ha,Yes,Medium
3629,PADDY (DHAN),GR 19 (AURANGA),GUJARAT,50 - 55 Qt/Ha,Yes,Medium
3630,LENTIL (MASUR),IPL 220,"BIHAR, UTTAR PRADESH, WEST BENGAL, JHARKHAND, ASSAM",13 - 15 Qt/Ha,Yes,Medium
3631,BENGAL GRAM (CHICK PEA),Kota Desi Chana-1 (RKG 13-515),RAJASTHAN,18 - 20 Qt/Ha,Yes,Early
3632,BENGAL GRAM (CHICK PEA),PURVA ( GNG-2299 ),"ASSAM, WEST BENGAL, JHARKHAND, BIHAR, UTTAR PRADESH, MANIPUR",13 - 16 Qt/Ha,Yes,Medium
3633,PADDY (DHAN),Shalimar Rice-4 (SKUA-408),KASHMIR,75 - 80 Qt/Ha,Yes,Early
3634,WHEAT,Jammu Wheat 584 (JW 584),JAMMU AND KASHMIR,45 - 47 Qt/Ha,Yes,Medium
3635,TURMERIC,Roma (PTS-10),"ANDHRA PRADESH, ODISHA, MADHYA PRADESH, MAHARASHTRA, TELANGANA, CHANDIGARH",200 - 250 Qt/Ha,Yes,Late
3636,SORGHUM,Phule Madhur (RSSGV 46),MAHARASHTRA,,Yes,Medium
3637,PIGEON PEA (RED GRAM/ARHAR),Krishna (LRG 105),ANDHRA PRADESH,51.38 - 23.57 Qt/Ha,Yes,Medium
3638,PIGEON PEA (RED GRAM/ARHAR),Phule Damayanti (Phule Tur-0723-1-2-3),"KARNATAKA, TAMIL NADU, ANDHRA PRADESH, TELANGANA",15 - 16 Qt/Ha,Yes,Medium
3639,MAIZE (MAKKA),P3392 (PM16205L),"MADHYA PRADESH, RAJASTHAN, GUJARAT",45 - 50 Qt/Ha,Yes,Late
3640,PADDY (DHAN),Jammu Basmati 123 (SJBR 123),JAMMU AND KASHMIR,43.46 - 50 Qt/Ha,Yes,Medium
3641,PEAS,Pant Pea-195,UTTARAKHAND,14 - 16 Qt/Ha,Yes,Medium
3642,WHEAT,HI 1633 (Pusa Vani),"MAHARASHTRA, KARNATAKA, TAMIL NADU",35 - 40 Qt/Ha,Yes,Early
3643,PADDY (DHAN),JKRH 2354 (IET 26468),"CHHATTISGARH, MADHYA PRADESH, MAHARASHTRA",70 - 71 Qt/Ha,Yes,Early
3644,OAT,Central Fodder Oat (SKO-225) (Shalimar Fodder Oats-6),"JAMMU AND KASHMIR, JAMMU",315 - 320 Qt/Ha,Yes,Medium
3645,GRAIN AMARANTHUS,BGA 4-9 (Suvadra),"ODISHA, CHHATTISGARH, JHARKHAND, MAHARASHTRA",17 - 20 Qt/Ha,Yes,Early
3646,SUGARCANE (NOBLE CANE),CoC- 13339,"TAMIL NADU, ANDHRA PRADESH, ODISHA",1180 - 1200 Qt/Ha,Yes,Late
3647,COTTON,RCH 926 BG II,"PUNJAB, HARYANA, RAJASTHAN",35 - 36 Qt/Ha,Yes,Medium
3648,PADDY (DHAN),Karjat 9,MAHARASHTRA,35 - 40 Qt/Ha,Yes,Medium
3649,COTTON,Central Cotton CCH 4474 (Subiksha),"ANDHRA PRADESH, KARNATAKA, TAMIL NADU",15 - 16 Qt/Ha,Yes,Medium
3650,CASTOR,HCH 6,KARNATAKA,18 - 20 Qt/Ha,Yes,Medium
3651,BERSEEM (EGYPTIAN CLOVER),Bundel Berseem Single Cut-1 (JBSC-1),"MADHYA PRADESH, MAHARASHTRA, RAJASTHAN, PUNJAB, HARYANA",153 - 155 Qt/Ha,Yes,Early
3652,MAIZE (MAKKA),CP.838,"PUNJAB, HARYANA, UTTAR PRADESH, UTTARAKHAND, BIHAR, JHARKHAND, WEST BENGAL, ODISHA, KARNATAKA, TAMIL NADU, TELANGANA, ANDHRA PRADESH, MAHARASHTRA, RAJASTHAN, GUJARAT",85 - 110 Qt/Ha,Yes,Late
3653,PADDY (DHAN),DRR Dhan 50 (IET 25671),"ANDHRA PRADESH, TAMIL NADU, TELANGANA, KARNATAKA, BIHAR, ODISHA, CHHATTISGARH, UTTAR PRADESH, MADHYA PRADESH",25 - 30 Qt/Ha,Yes,Late
3654,PADDY (DHAN),CO 43 Sub-1 (IET 25676),"ANDHRA PRADESH, TAMIL NADU, ODISHA, KARNATAKA",46 - 49 Qt/Ha,Yes,Medium
3655,COTTON,PRCH 2799 Bt 2,"GUJARAT, MADHYA PRADESH, MAHARASHTRA",17 - 22 Qt/Ha,Yes,Early
3656,GREEN GRAM,DGG-1 (Flaking variety),KARNATAKA,12 - 14 Qt/Ha,Yes,Early
3657,LITTLE MILLET,Chhattisgarh Kutki-2,CHHATTISGARH,7 - 8 Qt/Ha,Yes,Medium
3658,COTTON,ICAR-CICR 16 Bt,"MADHYA PRADESH, MAHARASHTRA, GUJARAT",12 - 14 Qt/Ha,Yes,Medium
3659,SUGARCANE (NOBLE CANE),CoVC 99463,KARNATAKA,17 - 18 Qt/Ha,Yes,Late
3660,COTTON,YCH 7475 Bt 2,"GUJARAT, MADHYA PRADESH, MAHARASHTRA",4 - 6 Qt/Ha,Yes,Early
3661,PADDY (DHAN),CR Dhan 800 (Swarna – MAS) (CRMAS 2232- 85 (IET 20,ODISHA,45 - 46 Qt/Ha,Yes,Late
3662,SOYBEAN,RSC 10-46,"WEST BENGAL, BIHAR, JHARKHAND, CHHATTISGARH, ODISHA, MADHYA PRADESH, UTTAR PRADESH, RAJASTHAN, GUJARAT, MAHARASHTRA",15 - 22 Qt/Ha,Yes,Medium
3663,COTTON,FBt 16-4 PAU Bt- 3,"PUNJAB, RAJASTHAN, HARYANA",28 - 29 Qt/Ha,Yes,Medium
3664,INDIAN MUSTARD,Pant Rai 21 (PRB 2008-5),UTTARAKHAND,17 - 25 Qt/Ha,Yes,Medium
3665,GROUNDNUT,Kadiri Amaravathi (K1535),ANDHRA PRADESH,1600 - 1800 Qt/Ha,Yes,Late
3666,PIGEON PEA (RED GRAM/ARHAR),TDRG 59 (Telangana Kandi 3),"ANDHRA PRADESH, KARNATAKA, ODISHA, TAMIL NADU, TELANGANA",17 - 18 Qt/Ha,Yes,Medium
3667,COTTON,RCH 933 BG II,"MAHARASHTRA, MADHYA PRADESH, GUJARAT, RAJASTHAN",18 - 20 Qt/Ha,Yes,Medium
3668,PADDY (DHAN),Pant Dhan 23 (UPR 2962-6-2-1),UTTARAKHAND,38 - 41 Qt/Ha,Yes,Medium
3669,PIGEON PEA (RED GRAM/ARHAR),CO 8.,TAMIL NADU,16 - 18 Qt/Ha,Yes,Medium
3670,NIGER (RAMTIL),JNS-30,MADHYA PRADESH,5 - 10 Qt/Ha,Yes,Medium
3671,COTTON,RCH 953 BG II,"MADHYA PRADESH, MAHARASHTRA, GUJARAT, RAJASTHAN",16 - 18 Qt/Ha,Yes,Medium
3672,PIGEON PEA (RED GRAM/ARHAR),Pusa Arhar-16 (PADT 16),"DELHI, HARYANA, PUNJAB, RAJASTHAN, UTTAR PRADESH",12 - 20 Qt/Ha,Yes,Early
3673,COTTON,RCH 956 BG II,"MADHYA PRADESH, MAHARASHTRA, GUJARAT, RAJASTHAN",18 - 20 Qt/Ha,Yes,Medium
3674,COTTON,Gujarat Anand Deshi Cotton-2 (GADC-2),GUJARAT,15 - 17 Qt/Ha,Yes,Late
3675,PADDY (DHAN),SAMVRUDDHI (IET 23272) (MTU 1155),"ODISHA, WEST BENGAL, CHHATTISGARH, MAHARASHTRA",57 - 58 Qt/Ha,Yes,Medium
3676,WHEAT,WB 2,"HARYANA, UTTAR PRADESH, DELHI, PUNJAB, JAMMU AND KASHMIR, RAJASTHAN, HIMACHAL PRADESH, UTTARAKHAND",51 - 52 Qt/Ha,Yes,Medium
3677,PEAS,IPFD 9-2,UTTAR PRADESH,15 - 16 Qt/Ha,Yes,Medium
3678,PADDY (DHAN),DRR DHAN 62,"TELANGANA, ANDHRA PRADESH, TAMIL NADU, KARNATAKA, CHHATTISGARH, ODISHA, JHARKHAND, BIHAR, GUJARAT, MAHARASHTRA",42 - 46 Qt/Ha,Yes,Late
3679,MAIZE (MAKKA),JC 12,PUNJAB,44 - 46 Qt/Ha,Yes,Late
3680,WHEAT,PBW 1 Chapati,PUNJAB,43 - 55 Qt/Ha,Yes,Medium
3681,GUAR (CLUSTER BEAN),X-10,HARYANA,18 - 20 Qt/Ha,Yes,Medium
3682,PEARL MILLET,MP7366 (MSH 346),"UTTAR PRADESH, RAJASTHAN, MAHARASHTRA, TAMIL NADU, GUJARAT",50 - 51 Qt/Ha,Yes,Late
3683,SOYBEAN,NRC 130,"UTTAR PRADESH, RAJASTHAN, GUJARAT, MADHYA PRADESH, MAHARASHTRA",15 - 20 Qt/Ha,Yes,Early
3684,BENGAL GRAM (CHICK PEA),PDKV-Kanak (AKG-1303),"MAHARASHTRA, MADHYA PRADESH, GUJARAT",23 - 26 Qt/Ha,Yes,Early
3685,SOYBEAN,Pant Soybean 24 (PS 1477),"PUNJAB, DELHI",28 - 29 Qt/Ha,Yes,Medium
3686,PADDY (DHAN),Rajdeep CN 1039-9,WEST BENGAL,56 - 60 Qt/Ha,Yes,Late
3687,SOYBEAN,Jawahar Soybean 20-94 (JS 20-94),"CHHATTISGARH, MADHYA PRADESH",20 - 25 Qt/Ha,Yes,Medium
3688,INDIAN MUSTARD,RSPR-69 (MCN-04-35),JAMMU,16 - 20 Qt/Ha,Yes,Medium
3689,INDIAN MUSTARD,CS-58 (CS 1100-1-2-2-3),"PUNJAB, HARYANA, UTTAR PRADESH",20 - 24 Qt/Ha,Yes,Medium
3690,ROCKET SALAD (TARAMIRA),JOBNER TARA (RTM-1351),"RAJASTHAN, PUNJAB, HARYANA, GUJARAT, DELHI, UTTAR PRADESH, UTTARAKHAND",12 - 15 Qt/Ha,Yes,Medium
3691,PADDY (DHAN),HUR-1309 (Malviya Sugandh Dhan-1309) (IET 23873),UTTAR PRADESH,35 - 37 Qt/Ha,Yes,Medium
3692,PADDY (DHAN),BHEEMA/DHEERA (MTU 1140),ANDHRA PRADESH,60 - 62 Qt/Ha,Yes,Late
3693,PADDY (DHAN),CR Dhan 802 (SUBHAS) (IET 25673) (CR 3925-22-7),"BIHAR, MADHYA PRADESH",25 - 30 Qt/Ha,Yes,Late
3694,PADDY (DHAN),CR Dhan 308 (IET 25523),"CHHATTISGARH, MAHARASHTRA",48 - 65 Qt/Ha,Yes,Medium
3695,PADDY (DHAN),KALINGA DHAN 1202,"CHHATTISGARH, TELANGANA",58 - 63 Qt/Ha,Yes,Medium
3696,WHEAT,PBW 1Zn (HPBW 01),"UTTAR PRADESH, JAMMU AND KASHMIR, HARYANA, PUNJAB, HIMACHAL PRADESH",50 - 52 Qt/Ha,Yes,Medium
3697,LINSEED,UMA (LCK 1101),UTTAR PRADESH,11 - 14 Qt/Ha,Yes,Medium
3698,SOYBEAN,RVS 2002-4,"MADHYA PRADESH, RAJASTHAN, MAHARASHTRA, UTTAR PRADESH",15 - 17 Qt/Ha,Yes,Medium
3699,MAIZE (MAKKA),NMH-920,"ASSAM, UTTAR PRADESH, BIHAR, ODISHA, JHARKHAND",60 - 65 Qt/Ha,Yes,Late
3700,COWPEA (PULSES),DC 15,"ANDHRA PRADESH, KARNATAKA, KERALA, TAMIL NADU",10 - 12 Qt/Ha,Yes,Early
3701,PADDY (DHAN),"SHIATS Dhan-4,(AAIR 208)(IET 23676)",UTTAR PRADESH,40 - 50 Qt/Ha,Yes,Medium
3702,PADDY (DHAN),VL DHAN 69 (IET 26596),"UTTARAKHAND, ASSAM, MANIPUR",42 - 56 Qt/Ha,Yes,Medium
3703,PADDY (DHAN),MTU 1280,"ANDHRA PRADESH, TAMIL NADU, TELANGANA, KARNATAKA",14 - 20 Qt/Ha,Yes,Medium
3704,PADDY (DHAN),KALINGA DHAN 1201,"ODISHA, CHHATTISGARH, MAHARASHTRA",53 - 59 Qt/Ha,Yes,Medium
3705,LINSEED,SHUATS-ALSI 2 (SHA-2),UTTAR PRADESH,16 - 18 Qt/Ha,Yes,Medium
3706,LINSEED,Divya (BAU-06-03)),"PUNJAB, HARYANA, HIMACHAL PRADESH, UTTARAKHAND",15 - 18 Qt/Ha,Yes,Medium
3707,LINSEED,BIRSA TISI-1 (BAU-15-03),"PUNJAB, HARYANA, HIMACHAL PRADESH, UTTARAKHAND",17 - 19 Qt/Ha,Yes,Medium
3708,LINSEED,Kota Barani Alsi 5(RL 29005),"RAJASTHAN, MADHYA PRADESH",12 - 14 Qt/Ha,Yes,Medium
3709,SESAME (GINGELLY),SVT-222,HARYANA,60 - 70 Qt/Ha,Yes,Medium
3710,SUNFLOWER,Prabhat (Hybrid NDSH 1012),ANDHRA PRADESH,14 - 16 Qt/Ha,Yes,Early
3711,PADDY (DHAN),KHP-13 (Bharath) (IET 21479),,,No,
3712,SAFFLOWER,Lakshmi-Priya (ISF-764),,,No,
3713,GINGER,Suruchi (PGS-19),"ODISHA, KARNATAKA, MADHYA PRADESH, ANDHRA PRADESH",15 - 25 Qt/Ha,Yes,Early
3714,HORSE GRAM (KULTHI),Chhattisgarh Kulthi-3 (BHG-03),CHHATTISGARH,6 - 9 Qt/Ha,Yes,Medium
3715,PIGEON PEA (RED GRAM/ARHAR),KRG-33,"MADHYA PRADESH, MAHARASHTRA, GUJARAT, RAJASTHAN, CHHATTISGARH",20 - 22 Qt/Ha,Yes,Early
3716,PIGEON PEA (RED GRAM/ARHAR),Amaravathi (LRG-52),ANDHRA PRADESH,20 - 25 Qt/Ha,Yes,Medium
3717,MAIZE (MAKKA),MM 9344 (DMH 192),"ANDHRA PRADESH, KARNATAKA, MAHARASHTRA, TELANGANA, TAMIL NADU",91 - 92 Qt/Ha,Yes,Late
3718,MAIZE (MAKKA),Palam Sankar Makka 2 (EHL 161708),,,No,
3719,MAIZE (MAKKA),Karimnagar Makka-1 (KNMH4010131,,,No,
3720,MAIZE (MAKKA),JC 4,PUNJAB,30 - 33 Qt/Ha,Yes,Medium
3721,MAIZE (MAKKA),Jawahar Maize 218,"MADHYA PRADESH, CHHATTISGARH, ANDHRA PRADESH, MAHARASHTRA, KARNATAKA",40 - 45 Qt/Ha,Yes,Medium
3722,PADDY (DHAN),Pusa Basmati 1637 (IET 24570),"PUNJAB, HARYANA, DELHI, JAMMU AND KASHMIR, UTTARAKHAND, UTTAR PRADESH",36 - 45 Qt/Ha,Yes,Medium
3723,MAIZE (MAKKA),Pratap Makka-9 (EC-  3161),,,No,
3724,BARLEY,K-1055 (Prakhar),UTTAR PRADESH,38 - 39 Qt/Ha,Yes,Medium
3725,SOYBEAN,VL SOYA 77 (VLS 77),UTTARAKHAND,13 - 20 Qt/Ha,Yes,Late
3726,INDIAN MUSTARD,JK Pukhraj (JKYS-2),UTTAR PRADESH,15 - 20 Qt/Ha,Yes,Late
3727,COWPEA (PULSES),GC 6 (GC 521),GUJARAT,10 - 11 Qt/Ha,Yes,Early
3728,SOYBEAN,KS 103,"ANDHRA PRADESH, TAMIL NADU, TELANGANA, KARNATAKA, MAHARASHTRA",25 - 26 Qt/Ha,Yes,Early
3729,ITALIAN MILLET (FOX TAIL MILLET),Garuda (SiA 3222),"TELANGANA, ANDHRA PRADESH",18 - 22 Qt/Ha,Yes,Early
3730,SOYBEAN,VL BHAT 201 (VLB 201),UTTARAKHAND,25 - 30 Qt/Ha,Yes,Late
3731,LITTLE MILLET,DHML-36-3,,,No,
3732,PADDY (DHAN),CAU-RI (IET 23544),"MANIPUR, MEGHALAYA",55 - 65 Qt/Ha,Yes,Medium
3733,INDIAN MUSTARD,JK Smriddhi Gold (JKMS-2),UTTAR PRADESH,25 - 31 Qt/Ha,Yes,Medium
3734,WHEAT,PBW 725,PUNJAB,44 - 50 Qt/Ha,Yes,Medium
3735,SORGHUM,Raj Vijay Jowar -1862,MADHYA PRADESH,35 - 45 Qt/Ha,Yes,Medium
3736,INDIAN MUSTARD,Brijraj (DRMRIC 16-38),"RAJASTHAN, PUNJAB, HARYANA, DELHI, JAMMU",17 - 17.5 Qt/Ha,Yes,Medium
3737,INDIAN MUSTARD,Radhika (DRMR 2017-15),"RAJASTHAN, JAMMU, DELHI, PUNJAB",17 - 18 Qt/Ha,Yes,Medium
3738,SOYBEAN,SL 1028,"UTTAR PRADESH, HARYANA, DELHI",21 - 23 Qt/Ha,Yes,Medium
3739,SOYBEAN,AMS-MB-5-18 (Suvarn Soya),"MADHYA PRADESH, MAHARASHTRA, RAJASTHAN, GUJARAT",20 - 21 Qt/Ha,Yes,Early
3740,PEARL MILLET,MP 535 (Pusa Composite 701),"RAJASTHAN, GUJARAT, HARYANA, PUNJAB, MADHYA PRADESH, UTTAR PRADESH, DELHI",23.13 - 23.13 Qt/Ha,Yes,Medium
3741,LENTIL (MASUR),RLG-5 (Keshwanand Massor-1),RAJASTHAN,13 - 15 Qt/Ha,Yes,Medium
3742,COTTON,GN.Cot.29 (GBab 106),GUJARAT,14 - 15 Qt/Ha,Yes,Early
3743,MARVEL GRASS,PHULE MARVEL-1 (MARVEL 90-4),MADHYA PRADESH,368 - 400 Qt/Ha,Yes,Medium
3744,COTTON,COTTON CO 15(TCH 1705),TAMIL NADU,28 - 29 Qt/Ha,Yes,Medium
3745,PADDY (DHAN),Pusa Basmati 1718 (IET 24565 Pusa 1718-14-2- 150),"DELHI, HARYANA, PUNJAB",46 - 50 Qt/Ha,Yes,Medium
3746,RAJMA (PULSES),KOTA RAJMASH 1 (RKR 1033),"MADHYA PRADESH, MAHARASHTRA, UTTAR PRADESH, GUJARAT",16 - 17 Qt/Ha,Yes,Medium
3747,MARVEL GRASS,BUNDEL MARVEL GRASS 2013-2 (JHD 2013-2),"PUNJAB, RAJASTHAN",280 - 641 Qt/Ha,Yes,Medium
3748,PADDY (DHAN),Him Palam Lal Dhan-1 (HPR-2795),"HIMACHAL PRADESH, MEGHALAYA, MANIPUR",30 - 35 Qt/Ha,Yes,Early
3749,MAIZE (MAKKA),Central maize VL Sweet Corn 1 (FSCH18),"UTTARAKHAND, HIMACHAL PRADESH, DELHI, HARYANA, PUNJAB, UTTAR PRADESH, KARNATAKA, TAMIL NADU, TELANGANA, ANDHRA PRADESH, RAJASTHAN, GUJARAT, MADHYA PRADESH, CHHATTISGARH",140 - 160 Qt/Ha,Yes,Early
3750,INDIAN MUSTARD,TROMBAY HIM PALAM MUSTARD 1 (THPM-1),HIMACHAL PRADESH,11 - 12 Qt/Ha,Yes,Medium
3751,FRENCH BEAN (VEGETABLE),Sikkim Rajmash-1 (SKR 57A),SIKKIM,10 - 11 Qt/Ha,Yes,Medium
3752,INDIAN MUSTARD,BIRSA BHABHA MUSTARD 1 (BBM 1),JHARKHAND,51 - 52 Qt/Ha,Yes,Medium
3753,FINGER MILLET (RAGI),Birsa Marua 3,JHARKHAND,24 - 28 Qt/Ha,Yes,Medium
3754,SOYBEAN,DSB 32,"ASSAM, ARUNACHAL PRADESH, TRIPURA, NAGALAND, MIZORAM, MEGHALAYA, MANIPUR",20 - 25 Qt/Ha,Yes,Medium
3755,SOYBEAN,SL 979,"PUNJAB, HARYANA, DELHI, UTTARAKHAND, UTTAR PRADESH, BIHAR",14 - 20 Qt/Ha,Yes,Medium
3756,PADDY (DHAN),SHITAS Dhan-3 (AAIR 205) (IET 22522),UTTAR PRADESH,45 - 60 Qt/Ha,Yes,Late
3757,PADDY (DHAN),DRR DHAN 45 (IET 23832) (rp 5886-HP 3-IR80463-B39-,"ANDHRA PRADESH, KARNATAKA, TAMIL NADU",47 - 48 Qt/Ha,Yes,Medium
3758,SOYBEAN,DSB 28 (DSB 28-3),"ANDHRA PRADESH, KARNATAKA, TAMIL NADU, TELANGANA, MAHARASHTRA",23 - 25 Qt/Ha,Yes,Medium
3759,SOYBEAN,PANT SOYBEAN 25 (PS 1556),"HIMACHAL PRADESH, UTTARAKHAND",22 - 23 Qt/Ha,Yes,Medium
3760,SORGHUM,SR-2917 (GNJ-1),GUJARAT,30 - 36 Qt/Ha,Yes,Medium
3761,PADDY (DHAN),CR Dhan 313 (IET 25489),"CHHATTISGARH, MAHARASHTRA",47 - 48 Qt/Ha,Yes,Medium
3762,BLACK GRAM,Mash 1137,PUNJAB,13 - 14 Qt/Ha,Yes,Medium
3763,SUGARCANE (NOBLE CANE),Co 15023 (Karan 15),"HARYANA, RAJASTHAN, PUNJAB, UTTAR PRADESH, UTTARAKHAND",400 - 600 Qt/Ha,Yes,Early
3764,OAT,HFO 607,"HARYANA, RAJASTHAN, PUNJAB, UTTARAKHAND, UTTAR PRADESH",27 - 28 Qt/Ha,Yes,Medium
3765,BRINJAL,Gujarat Junagarh Long Brinjal -4 (GJLB-4),GUJARAT,378 - 380 Qt/Ha,Yes,Medium
3766,Fox Nut (Makhana),Sabour Makhana-1,,,No,
3767,COWPEA (VEGETABLE),Pusa Dharni (CP-55),,,No,
3768,BLACK GRAM,Pant Urd 10 (PU10-23),"UTTARAKHAND, HIMACHAL PRADESH, JAMMU AND KASHMIR, SIKKIM",,Yes,Late
3769,BLACK GRAM,Pant Urd-12,"UTTARAKHAND, HARYANA, RAJASTHAN, DELHI, JAMMU AND KASHMIR",14 - 15 Qt/Ha,Yes,Medium
3770,KODO MILLET,Chhattisgarh Kodo-2,,,No,
3771,POTATO,Kufri Manik (PS/06-88),"BIHAR, ODISHA, WEST BENGAL, ANDHRA PRADESH",275 - 350 Qt/Ha,Yes,Medium
3772,POTATO,KUFRI CHIPSONA-4 (MP/1-916),"KARNATAKA, GUJARAT, WEST BENGAL, MADHYA PRADESH",300 - 350 Qt/Ha,Yes,Early
3773,MANGO,Pusa Shreshth [Hybrid H-1-6 (Amrapalix Sensation)],"DELHI, UTTAR PRADESH, UTTARAKHAND, CHHATTISGARH, HIMACHAL PRADESH, MADHYA PRADESH, PUNJAB, RAJASTHAN, WEST BENGAL, JHARKHAND, ODISHA",140 - 150 Qt/Ha,Yes,Medium
3774,marigold,Arka Madhu (IIHR Fm-1),"ANDAMAN AND NICOBAR ISLANDS, ANDHRA PRADESH, ARUNACHAL PRADESH, ASSAM, BIHAR, WEST BENGAL, UTTAR PRADESH, UTTARAKHAND",96 - 100 Qt/Ha,Yes,Medium
3775,INDIAN BEAN (DOLICHOS BEAN),Kashi Sheetal (VRSEM-11) (IIVRSEM-11),UTTAR PRADESH,360 - 370 Qt/Ha,Yes,Medium
3776,SORGHUM,SPH 1641,MAHARASHTRA,30 - 40 Qt/Ha,Yes,Medium
3777,PADDY (DHAN),SOMNAT (WGL-347 IET-20898),,,No,
3778,SPONGE GOURD,Konkan Ghosali (DPLSG-5),,,No,
3779,HS MESTA,SATYEN (JRKM 9-1),,,No,
3780,ARECANUT (SUPARI),Sahyadri Adike-2 (A-1/266),,,No,
3781,Bajra (Fodder),Moti Bajra (APFB-09-1),,,No,
3782,CORIANDER,Susthira (LCC-219),,,No,
3783,BRINJAL,Bidhan Supreme (BCB-11),,,No,
3784,GARLIC,Yamuna Purple-10 (G-404),,,No,
3785,ONION,Arka Bheem (Syn-6),,,No,
3786,CORIANDER,G Co 3 (Gujarat Coriander-3) (IET-Jcr-404),,,No,
3787,BIRDWOOD GRASS,BIKANERI DHAMAN (RCCB-2),,,No,
3788,BHINDI (OKRA),Palam Komal (DPO-P20),,,No,
3789,Amarphophallus (Surankand/Elephant foot yam),Palam Zimikand-1,,,No,
3790,CORIANDER,Chhattisgarh Shri Chandrahasini Dhaniya-2 (ICS-4),,,No,
3791,BRINJAL,Pusa Oishiki (DBL-175),,,No,
3792,FRENCH BEAN (VEGETABLE),Arka Sharath,,,No,
3793,AMARANTHUS,Arka Samraksha (IIHR-1-21),,,No,
3794,TOMATO,GPBT-8,,,No,
3795,BANANA,Kaveri Saba (NRCB Sel.09 ),,,No,
3796,BRINJAL,Konkan Prabha (DPLBR-3),,,No,
3797,TOMATO,Konkan Vijay (DPLTo-5),,,No,
3798,ONION,NHRDF FURSUNGI (L-819),,,No,
3799,Sorghum (fodder),Gujarat Fodder Sorghum-6 (GFS-6) (SRF-347),,,No,
3800,SOYBEAN,AISB 50 (ADILABAD INDORE SOYA CHIKKUDU-1),,,No,
3801,Bajra (Fodder),Raj Bajra-1 (RBB-1),,,No,
3802,CUMIN,Gujarat Cumin-5 (JC-95-103),,,No,
3803,Bajra (Fodder),Gujarat Anand Forage Bajra -4 (GAFB 4) (AFB 37),,,No,
3804,INDIAN MUSTARD,RLC 2 (IC 511615),,,No,
3805,TOSSA JUTE,ISHANI (JRC-9057),,,No,
3806,BITTER GOURD,Konkan Karli (DPL BG-5),,,No,
3807,GUAR (CLUSTER BEAN),Karan Guar-2 (RGS 3),,,No,
3808,COCONUT,Kalpa Haritha (IND 045 S),,,No,
3809,ARECANUT (SUPARI),Sahyadri Adike-3 (A-1/447),,,No,
3810,COCONUT,Kalpa Sreshta (IND 446),,,No,
3811,BITTER GOURD,HK 127 (Hisar Karela 127),,,No,
3812,ADENIUM,Gujarat Adenium-2 (G.Ad-2),,,No,
3813,marigold,Bidhan Gold (Bidhan Marigold-2) (BM-2),,,No,
3814,COTTON,F-2164,,,No,
3815,Quinoa,Him Shakti,,,No,
3816,POTATO,Kufri Uday,,,No,
3817,CORIANDER,Rajendra Dhania-2 (RD-377),,,No,
3818,INDIAN BEAN (DOLICHOS BEAN),Pusa Garima (DB- 10),,,No,
3819,CORIANDER,Ajmer Coriander-3 (ACr-3),,,No,
3820,CUCUMBER,Konkan Kakdi (DPL Cu-14),,,No,
3821,YARD LONG BEAN,Palam Long Bean (DPASB-1),,,No,
3822,ADENIUM,Gujarat Adenium-1 (G.Ad-1),,,No,
3823,CUCUMBER,Pusa Long Green (DC-83),,,No,
3824,BRINJAL,Bidhan Super (BCB-30),,,No,
3825,SAPOTA (CHIKOO),DHS-1-2/1 (Selection from DHS-1),,,No,
3826,TOMATO,PBNT-5,,,No,
3827,TOMATO,GT-7 (NTL 12-01),,,No,
3828,BLACK GRAM,PDKV KANCHAN (AKG-1109),,,No,
3829,PADDY (DHAN),Tripura Hakuchuk-2,,,No,
3830,AMARANTHUS,Arka Varna,,,No,
3831,TURMERIC,UBKV Turmeric-2 (Uttarrupanjana) (TCP-64),,,No,
3832,CHILLIES,KBCH-1 (Sonia),,,No,
3833,COCONUT,Kalpa Jyothi (IND 058 S),,,No,
3834,marigold,Bidhan Basanti (Bidhan Marigold-1) (BM-1),,,No,
3835,BIRDWOOD GRASS,CO 2 (TNCS 265),,,No,
3836,SORGHUM,Gujarat Jowar-44 (Madhu),,,No,
3837,Nigella,AN-20 (Ajmer Nigella-20),,,No,
3838,TOMATO,Gujarat Anand Cherry Tomato-1 (GACT-1) (ACTL 10-02,,,No,
3839,BANANA,Kaveri Kanya (NRCB Sel.03),,,No,
3840,WHEAT,MPO (JW) 1255,,,No,
3841,Asalio,HLS-4,,,No,
3842,CHILLIES,DC 1007,,,No,
3843,SUGARCANE (NOBLE CANE),UP09453,,,No,
3844,BANANA,Kaveri Haritha (NRCB Sel.08),,,No,
3845,NUTMEG,IISR- Keralashree (Acc No.A9-69),,,No,
3846,MAIZE (MAKKA),PUSA JAWAHAR HYBRID MAIZE-1,,,No,
3847,ROCKET SALAD (TARAMIRA),JWALA TARA (RTM-1355),,,No,
3848,MAIZE (MAKKA),HEMA (NAH-1137),,,No,
3849,PAPAYA,Phule Vijaya (GKPS-2-7),,,No,
3850,INDIAN MUSTARD,PBR 378,,,No,
3851,PEARL MILLET,IGPM 5-2,,,No,
3852,CHILLIES,Varada (GCS/94-68),,,No,
3853,COCONUT,Kalpa Surya (IND 048 S),,,No,
3854,FENNEL,Ajmer Fennel-3 (AF-3),,,No,
3855,CHILLIES,Bidhan Chilli-4 (BCCH Sel-4),,,No,
3856,DHAMAN GRASS,BUNDEL DHAMAN-1 IGFRI-96-706,,,No,
3857,CORIANDER,Varadevi (DCC-46),,,No,
3858,INDIAN MUSTARD,TBM-204 (Trombay Bidhan Mustard-204),,,No,
3859,MAIZE (MAKKA),Pusa Super Sweet Corn 1 (ASKH 4),,,No,
3860,WHEAT,Pusa Wheat 1612 (HI 1612),"UTTAR PRADESH, BIHAR, JHARKHAND, WEST BENGAL, ODISHA, ASSAM, ARUNACHAL PRADESH, MANIPUR, MEGHALAYA, MIZORAM, NAGALAND, TRIPURA",25 - 35 Qt/Ha,Yes,Medium
3861,PADDY (DHAN),Nandyala Sona (NDLR 7) (IET No.23715),ANDHRA PRADESH,62 - 63 Qt/Ha,Yes,Late
3862,FINGER MILLET (RAGI),VL Mandua 376 (VL 376),"ANDHRA PRADESH, GUJARAT, JHARKHAND, KARNATAKA, MADHYA PRADESH, ODISHA, UTTARAKHAND, CHHATTISGARH, BIHAR, MAHARASHTRA, TAMIL NADU",16 - 20 Qt/Ha,Yes,Early
3863,WHEAT,CG 1029 (Kanishka),"CHHATTISGARH, GUJARAT, MADHYA PRADESH, RAJASTHAN, UTTAR PRADESH",50 - 52 Qt/Ha,Yes,Early
3864,WHEAT,PUSA YASHASVI (HD 3226),"DELHI, HARYANA, HIMACHAL PRADESH, JAMMU AND KASHMIR, PUNJAB, RAJASTHAN, UTTARAKHAND, UTTAR PRADESH",55 - 60 Qt/Ha,Yes,Medium
3865,CHILLIES,Kashi Tej (CCH-4),UTTAR PRADESH,160 - 180 Qt/Ha,Yes,Early
3866,CHILLIES,Kashi Ratna (CCH-12),UTTAR PRADESH,230 - 240 Qt/Ha,Yes,Early
3867,PADDY (DHAN),Jagtiala Rice-1 (JGL24423) (IET 25310),TELANGANA,70 - 81 Qt/Ha,Yes,Early
3868,PADDY (DHAN),Nellore Sugandha (NLR 40054) (IET 23194),"ANDHRA PRADESH, KARNATAKA, TAMIL NADU, UTTAR PRADESH, WEST BENGAL, CHHATTISGARH",65 - 70 Qt/Ha,Yes,Medium
3869,PADDY (DHAN),Telangana Vari 3 (IET 26125-JGL 21078),"TELANGANA, KERALA",73+ Qt/Ha,Yes,Early
3870,COCONUT,KALPA PRATIBHA (IND 0168) (CCS-4),,,No,
3871,COCONUT,KALPA MITRA (IND 022S) (CCS-5),,,No,
3872,COCONUT,KALPA DHENU (IND 006S) (CCS-6),,,No,
3873,BENGAL GRAM (CHICK PEA),JAKI-9218,"MADHYA PRADESH, MAHARASHTRA, CHHATTISGARH, RAJASTHAN, UTTAR PRADESH, GUJARAT",18 - 20 Qt/Ha,Yes,Medium
3874,COCONUT,Keraleralam (IND-069)(CCS-9),,,No,
3875,COCONUT,Kalpa Sankara (CGD x WCT hybrid),,,No,
3876,COCONUT,Kalpasree (Chowghat Green Dwarf),,,No,
3877,COWPEA (PULSES),GUJARAT COWPEA-2,GUJARAT,103 - 151 Qt/Ha,Yes,Medium
3878,BENGAL GRAM (CHICK PEA),Pusa 1103,DELHI,22 - 22 Qt/Ha,Yes,Medium
3879,COTTON,LAM-389,,2500 - 2500 Qt/Ha,No,
3880,MAIZE (MAKKA),HQPM-1,,7523 - 7523 Qt/Ha,No,
3881,COTTON,AROGYA (NISD-2),,,No,
3882,BENGAL GRAM (CHICK PEA),Pant Kabuli Chana-1,UTTARAKHAND,14 - 14 Qt/Ha,Yes,Medium
3883,MAIZE (MAKKA),NMH 713,"BIHAR, UTTAR PRADESH, JHARKHAND, ODISHA, ANDHRA PRADESH, KARNATAKA, TAMIL NADU, MAHARASHTRA",90 - 95 Qt/Ha,Yes,Late
3884,COTTON,HD-107,,2284 - 2599 Qt/Ha,No,
3885,COTTON,Pha-46,,1738 - 1738 Qt/Ha,No,
3886,MAIZE (MAKKA),Vivek Maize Hybrid 47 (FH 3513),"UTTARAKHAND, HIMACHAL PRADESH, JAMMU AND KASHMIR, ARUNACHAL PRADESH, ASSAM, HARYANA, MADHYA PRADESH, MANIPUR, MEGHALAYA, MIZORAM, NAGALAND, PUNJAB, UTTAR PRADESH",50 - 75 Qt/Ha,Yes,Early
3887,BENGAL GRAM (CHICK PEA),Raj Vijay Kabuli Gram 101(JSC 42),MADHYA PRADESH,20 - 20 Qt/Ha,Yes,Medium
3888,COWPEA (PULSES),CO-4 (COVU-1),,1572 - 1672 Qt/Ha,No,
3889,COTTON,ANKUR-651,,,No,
3890,COWPEA (PULSES),MFC-08-14,,,No,
3891,PADDY (DHAN),VL Dhan 157 (VL8302) (IET 22292),"JAMMU AND KASHMIR, HIMACHAL PRADESH, UTTARAKHAND",22 - 25 Qt/Ha,Yes,Medium
3892,COTTON,NBHB-11,,1900 - 2000 Qt/Ha,No,
3893,COTTON,SURABHI (VRS-7),,533 - 1565 Qt/Ha,No,
3894,MAIZE (MAKKA),Vivek Maize Hybrid 53 (FH 3556),"UTTARAKHAND, UTTAR PRADESH, JAMMU AND KASHMIR, ARUNACHAL PRADESH, ASSAM, BIHAR, CHHATTISGARH, DELHI, HARYANA, KARNATAKA, MADHYA PRADESH, NAGALAND, PUNJAB",75 - 80 Qt/Ha,Yes,Early
3895,COTTON,KR-64,,2506 - 2506 Qt/Ha,No,
3896,PADDY (DHAN),Arize Tej (HRI 169) (IET 21411),"UTTAR PRADESH, TELANGANA, TAMIL NADU, RAJASTHAN, MAHARASHTRA, MADHYA PRADESH, KERALA, KARNATAKA, GUJARAT, DELHI, CHHATTISGARH",50 - 65 Qt/Ha,Yes,Medium
3897,PEARL MILLET,CJ-104,,,No,
3898,GREEN GRAM,ML-131,,,No,
3899,SWEET POTATO,Kiran,,16000 - 24000 Qt/Ha,No,
3900,COTTON,NCS-145-BUNNY (NCHH-145),,2400 - 3500 Qt/Ha,No,
3901,GREEN GRAM,GM-4,,859 - 859 Qt/Ha,No,
3902,PADDY (DHAN),PANT DHAN 24 (IET 22096),"ODISHA, BIHAR",53 - 55 Qt/Ha,Yes,Medium
3903,MAIZE (MAKKA),RMH-4558 (PRO-379),"BIHAR, UTTAR PRADESH, JHARKHAND, WEST BENGAL, ODISHA, ASSAM, MAHARASHTRA, ANDHRA PRADESH, KARNATAKA",92 - 96 Qt/Ha,Yes,Late
3904,PEARL MILLET,86M01 (MH-1790),"RAJASTHAN, GUJARAT, HARYANA, UTTAR PRADESH, MADHYA PRADESH, ANDHRA PRADESH, KARNATAKA, MAHARASHTRA",38 - 40 Qt/Ha,Yes,Medium
3905,PADDY (DHAN),TPS-5,TAMIL NADU,60 - 65 Qt/Ha,Yes,Early
3906,PADDY (DHAN),DRR DHAN 44 (IET 22081),"BIHAR, HARYANA, UTTARAKHAND",45 - 50 Qt/Ha,Yes,Early
3907,COTTON,K-10,,,No,
3908,COTTON,PAVAN (ADB-332),,,No,
3909,COTTON,L-147,,,No,
3910,COTTON,SAVITA (H-712),,,No,
3911,COTTON,G.COT-14,,1900 - 1900 Qt/Ha,No,
3912,COTTON,F-505,,2400 - 3600 Qt/Ha,No,
3913,MAIZE (MAKKA),BIO 605,UTTARAKHAND,67.99 - 80.49 Qt/Ha,Yes,Early
3914,LENTIL (MASUR),KLB 2008-4 (Krati),,,No,
3915,LENTIL (MASUR),KLS-09-3 (Krish),,,No,
3916,COTTON,DS-5,,2230 - 2230 Qt/Ha,No,
3917,COTTON,RG-8,,1700 - 2200 Qt/Ha,No,
3918,COTTON,AKH-081,,2000 - 2500 Qt/Ha,No,
3919,COTTON,KANCHANA,,,No,
3920,COTTON,VIKAS,,1200 - 1400 Qt/Ha,No,
3921,BLACK GRAM,KM-2,,,No,
3922,WHEAT,K-852,,,No,
3923,BLACK GRAM,ADT-3,,1100 - 1200 Qt/Ha,No,
3924,COTTON,HB-224,,2020 - 2020 Qt/Ha,No,
3925,COTTON,PUSA-31,,2360 - 2360 Qt/Ha,No,
3926,PIGEON PEA (RED GRAM/ARHAR),CHUNI (B-517),,,No,
3927,COTTON,PAIYUR-1,,1173 - 1173 Qt/Ha,No,
3928,MAIZE (MAKKA),HQPM-5,,5864 - 5864 Qt/Ha,No,
3929,WHEAT,HW-741,,,No,
3930,COTTON,ARUNABHA (JK-119),,3800 - 4200 Qt/Ha,No,
3931,COTTON,G.COT-DH-9,,2901 - 3500 Qt/Ha,No,
3932,MAIZE (MAKKA),Pratap Makka-3 (EC-3108),,,No,
3933,COTTON,G.COT-15,,,No,
3934,FENUGREEK,HISSAR SONALI(HM-57),,1600 - 1800 Qt/Ha,No,
3935,COTTON,C-INDORE-1,,,No,
3936,COTTON,MECH-4,,2500 - 3000 Qt/Ha,No,
3937,COTTON,PRIYA (NA-920),,1444 - 1791 Qt/Ha,No,
3938,COTTON,TCHB-213,,2463 - 4090 Qt/Ha,No,
3939,COTTON,ANJALI (LRK-516),,1940 - 1940 Qt/Ha,No,
3940,COTTON,JAYASHAKTI (DDH-2),,1500 - 2000 Qt/Ha,No,
3941,RAJMA (PULSES),VL Rajma-125,,1162 - 1162 Qt/Ha,No,
3942,COTTON,ADT-1,,1263 - 1263 Qt/Ha,No,
3943,COTTON,F-846,,2750 - 2750 Qt/Ha,No,
3944,MAIZE (MAKKA),Azad Kamal (R 9803),,4200 - 4700 Qt/Ha,No,
3945,COTTON,H-974,,1586 - 1586 Qt/Ha,No,
3946,COTTON,AKA-8401,,800 - 1000 Qt/Ha,No,
3947,COTTON,AJEET-33 (AHH-90-2),,1700 - 1800 Qt/Ha,No,
3948,MAIZE (MAKKA),HQPM-7 (HKI 161 (M)),,,No,
3949,CASTOR,TYPE-28,,,No,
3950,COTTON,Swadeshi-1 (ADCH-1),,1426 - 1426 Qt/Ha,No,
3951,GROUNDNUT,R-8808 (APOORVA),"KARNATAKA, GUJARAT, ANDHRA PRADESH",25 - 30 Qt/Ha,Yes,Early
3952,COTTON,Nirmal -18 (NACH-18),"ANDHRA PRADESH, TAMIL NADU, KARNATAKA",40 - 50 Qt/Ha,Yes,Medium
3953,COTTON,G.COt MDH-11 (GSGDH-2),,1366 - 1366 Qt/Ha,No,
3954,COTTON,NABADA-1,,,No,
3955,COTTON,CNHO 12,,1500 - 1500 Qt/Ha,No,
3956,COTTON,CICR-3 (CISA 614),,2204 - 2204 Qt/Ha,No,
3957,GROUNDNUT,JAWAHAR MOONGPHALI-2,,,No,
3958,COTTON,Nirmal-12 (Nach-12),,1448 - 1448 Qt/Ha,No,
3959,SWEET POTATO,Rajendra Shankerkand-35,,15000 - 20000 Qt/Ha,No,
3960,GREEN GRAM,DHAULI,,,No,
3961,GREEN GRAM,BM 2003-2,,800 - 1100 Qt/Ha,No,
3962,TOSSA JUTE,BASUDEV (JRO-7835),,,No,
3963,TOSSA JUTE,SONALI (JRC-321),,,No,
3964,TOSSA JUTE,SOBIJJ SONA (JRC-212),,,No,
3965,INDIAN MUSTARD,Pusa Swarnim (IGC-01),,,No,
3966,GROUNDNUT,Prakash (CSMG-884),,,No,
3967,INDIAN MUSTARD,TYPE-42,,,No,
3968,COTTON,H 1353,,,No,
3969,LENTIL (MASUR),VIPASHA MASSAR (HPL-5),,,No,
3970,TOSSA JUTE,JRO-66 (PBO-6),,2500 - 4000 Qt/Ha,No,
3971,SAFFLOWER,A-2,,1700 - 1700 Qt/Ha,No,
3972,BLACK GRAM,MASH-1008,PUNJAB,11.25 - 11.25 Qt/Ha,Yes,Medium
3973,WHEAT,Kailash,JAMMU AND KASHMIR,29 - 30 Qt/Ha,Yes,Medium
3974,COTTON,CICR NA 1003,"ANDHRA PRADESH, KARNATAKA, TAMIL NADU",18 - 20 Qt/Ha,Yes,Medium
3975,FRENCH BEAN (VEGETABLE),VL BAUNY BEAN 1,,,No,
3976,TOSSA JUTE,JRO-3690,,2500 - 5000 Qt/Ha,No,
3977,COTTON,Maljari,,,No,
3978,INDIAN MUSTARD,Pusa Mustard 30 (LES-43),,,No,
3979,TOSSA JUTE,IRA (JBO-2003-H),"ASSAM, BIHAR, WEST BENGAL, ODISHA",28.23 - 28.23 Qt/Ha,Yes,Medium
3980,CARROT,SHALIMAR CARROT-1 (SKAU-C-50),,23000 - 24000 Qt/Ha,No,
3981,LENTIL (MASUR),Haryana Masar-1(LH-89-48),HARYANA,14 - 16 Qt/Ha,Yes,Late
3982,COTTON,Y-1,,,No,
3983,TOSSA JUTE,JRC-532 (C-532),"ASSAM, BIHAR, ODISHA, UTTAR PRADESH, WEST BENGAL",26.25 - 26.25 Qt/Ha,Yes,Early
3984,SOYBEAN,PUSA 12 (DS 12-13),"PUNJAB, HARYANA, DELHI, UTTARAKHAND, UTTAR PRADESH, BIHAR",33 - 37 Qt/Ha,Yes,Medium
3985,BRINJAL,PUSA BINDU (DBSR-44),,,No,
3986,SESAME (GINGELLY),PRATAP TIL,,,No,
3987,TOSSA JUTE,ARPITA(JBC-5),"ASSAM, WEST BENGAL",28.43 - 28.43 Qt/Ha,Yes,Medium
3988,SESAME (GINGELLY),Jawahar Til-14 (PKDS-8),,7000 - 1000 Qt/Ha,No,
3989,TOSSA JUTE,JRO 204 (SUREN)(CO 204),"ASSAM, BIHAR, ODISHA, WEST BENGAL",32.9 - 32.9 Qt/Ha,Yes,Early
3990,TOSSA JUTE,Sourav (CO-58),"ASSAM, BIHAR, ODISHA, WEST BENGAL",27.2 - 27.2 Qt/Ha,Yes,Medium
3991,WHEAT,Karjat-6,,,No,
3992,SESAME (GINGELLY),Chandana (JSC-94),ANDHRA PRADESH,10 - 12 Qt/Ha,Yes,Medium
3993,LINSEED,LC-185,,,No,
3994,WHEAT,HD-2327,,3000 - 3000 Qt/Ha,No,
3995,COWPEA (VEGETABLE),COWPEA-263 (SEL. 263),,,No,
3996,COTTON,G-COT-10,,,No,
3997,HS MESTA,Madhury (GR-27),,2800 - 3500 Qt/Ha,No,
3998,SOYBEAN,J-1006,,,No,
3999,SUNFLOWER,Jawahar Soybean 97-52 (JS 97-52),,,No,
4000,SUNFLOWER,LSFH-35,,1600 - 1900 Qt/Ha,No,
4001,HS MESTA,JMB-2004-D,,2700 - 3500 Qt/Ha,No,
4002,HS MESTA,SNEHA(JRM-3),,2500 - 3800 Qt/Ha,No,
4003,CLUSTER BEAN,DURGA BAHAR,,6000 - 6500 Qt/Ha,No,
4004,HS MESTA,SHRESTHA(JRM-5),,2750 - 2750 Qt/Ha,No,
4005,SUNNHEMP,Prankur (JRJ-610),,,No,
4006,BAJRA NAPIER HYBRID,YESHWANT (PBN-9),,,No,
4007,BERSEEM (EGYPTIAN CLOVER),JHB-146,,60000 - 70000 Qt/Ha,No,
4008,BERSEEM (EGYPTIAN CLOVER),BL-180,,52000 - 60000 Qt/Ha,No,
4009,BENGAL GRAM (CHICK PEA),JG-63,MADHYA PRADESH,23 - 23 Qt/Ha,Yes,Medium
4010,BERSEEM (EGYPTIAN CLOVER),BUNDEL BERSEEM-3 (JHTB 96-4),,50000 - 60000 Qt/Ha,No,
4011,BERSEEM (EGYPTIAN CLOVER),MESCAVI,,,No,
4012,BERSEEM (EGYPTIAN CLOVER),PUSA GIANT,,,No,
4013,BERSEEM (EGYPTIAN CLOVER),WARDAN (S 99-1),,,No,
4014,BERSEEM (EGYPTIAN CLOVER),BL-2,,60000 - 70000 Qt/Ha,No,
4015,BERSEEM (EGYPTIAN CLOVER),UPB 110,,52500 - 60000 Qt/Ha,No,
4016,BERSEEM (EGYPTIAN CLOVER),Hisar Berseem-1 (HFB-600),,9000 - 10000 Qt/Ha,No,
4017,GOBHI SARSON,GSC 7 (GSC 101),,,No,
4018,GOBHI SARSON (FORAGE),HPN-1 (SHEETAL),,1300 - 1500 Qt/Ha,No,
4019,CARROT,EARLY NANTESE.,,,No,
4020,GUAR (CLUSTER BEAN),RAJASTHAN GUAR-1 (RGC-471),,1300 - 1400 Qt/Ha,No,
4021,GUAR (CLUSTER BEAN),BUNDEL GUAR-3 (IGFRI-1019-1),,35000 - 40000 Qt/Ha,No,
4022,GUAR (CLUSTER BEAN),RGC-1002,,1000 - 1300 Qt/Ha,No,
4023,GUAR (CLUSTER BEAN),RGC-1003,,500 - 600 Qt/Ha,No,
4024,GROUNDNUT,SNEHA,,3827 - 3827 Qt/Ha,No,
4025,GUAR (CLUSTER BEAN),RGC-1017,,1000 - 1400 Qt/Ha,No,
4026,GUAR (CLUSTER BEAN),RGC-936,,800 - 1100 Qt/Ha,No,
4027,GROUNDNUT,FAIZPUR-1-5,,,No,
4028,CLUSTER BEAN,Kanchan Bahar (M-83),,,No,
4029,COTTON,VIRNAR,,1400 - 1700 Qt/Ha,No,
4030,COTTON,J-34,,1400 - 1700 Qt/Ha,No,
4031,GUAR (CLUSTER BEAN),Surya (RGM-112),,1000 - 1100 Qt/Ha,No,
4032,GUINEA GRASS,PGG-616,,35000 - 55000 Qt/Ha,No,
4033,GUINEA GRASS,Bundel Guinea-1 (JHGG 96-5),,35000 - 55000 Qt/Ha,No,
4034,GUAR (CLUSTER BEAN),HG2-20,"HARYANA, GUJARAT, UTTAR PRADESH",20 - 22 Qt/Ha,Yes,Early
4035,GUINEA GRASS,CO (GG) 3 (TNGG 062),,,No,
4036,LUCERNE (ALFALFA),ANAND-3,,5000 - 5500 Qt/Ha,No,
4037,OAT,BUNDEL JAI-851 (JHO-851),,,No,
4038,OAT,BRUNKER-10,,,No,
4039,OAT,ALGERIAN,,,No,
4040,INDIAN MUSTARD,Pant Rai-20,UTTARAKHAND,17.01 - 25.39 Qt/Ha,Yes,Medium
4041,INDIAN MUSTARD,Gujarat Dantiwada Mustard-4,GUJARAT,24 - 25 Qt/Ha,Yes,Early
4042,SESAME (GINGELLY),PKV-NT-11 (NT-11-91),MAHARASHTRA,10 - 11 Qt/Ha,Yes,Late
4043,OAT,KENT,,,No,
4044,OAT,HARYANA JAVI-114,,,No,
4045,OAT,OS-6,,,No,
4046,OAT,BUNDEL JAI-882,,,No,
4047,OAT,UPO 212,,400 - 450 Qt/Ha,No,
4048,BLACK GRAM,KRISHNA,,,No,
4049,CAULIFLOWER,PUSA  HYBRID-2,,,No,
4050,OAT,Narendra Jayee-1 (NDO-1),,,No,
4051,WHEAT,MALAVIYA WHEAT-318(HUW-318),,4400 - 5800 Qt/Ha,No,
4052,COTTON,Phule Yamuna (RHC-0717),,1200 - 1500 Qt/Ha,No,
4053,COTTON,AUROBINDO,,1500 - 1500 Qt/Ha,No,
4054,OAT,OS 346,,,No,
4055,COTTON,PKV Rajat (AKH-84635),,,No,
4056,OAT,NDO-2 (Narendra Jayee- 2),,20 - 30 Qt/Ha,No,
4057,FRENCH BEAN (VEGETABLE),French Yellow (Bush Type),,,No,
4058,TOSSA JUTE,JROM-1 (PRADIP),"ASSAM, BIHAR, ODISHA, WEST BENGAL",32.32 - 32.32 Qt/Ha,Yes,Medium
4059,SENJI,SENJI F.O.S. -1,,,No,
4060,DINANATH GRASS,COD-1,,35000 - 36000 Qt/Ha,No,
4061,WHEAT,PBW-299,,3509+ Qt/Ha,No,
4062,Maize (fodder),KDMH-017,,,No,
4063,WHEAT,NP-852,,,No,
4064,OAT,WESTON-11,,,No,
4065,MARVEL GRASS,Grass-2,,1887 - 1887 Qt/Ha,No,
4066,WHEAT,WH-533,,2500 - 2800 Qt/Ha,No,
4067,BLACK GRAM,KULU MASH NO.4,,,No,
4068,PERSIAN CLOVER,SH-69,,2000 - 30000 Qt/Ha,No,
4069,RICE BEAN (RED BEAN),Bidhan Rice Bean-2 (KRB-4),,29000 - 36000 Qt/Ha,No,
4070,SETARIA GRASS (PIGEON GRASS),Palam Setaria - 1 (S- 18),,600 - 600 Qt/Ha,No,
4071,TEOSINTE,TL-1,,1000 - 1100 Qt/Ha,No,
4072,BUFFEL GRASS (ANJAN GRASS),MARWAR ANJAN (CAZRI-75),,,No,
4073,BUFFEL GRASS (ANJAN GRASS),BUNDEL ANJAN-1,,10000 - 11000 Qt/Ha,No,
4074,TOMATO,Arka Maghali,,,No,
4075,BUFFEL GRASS (ANJAN GRASS),CO-1 (NEELA KOLUKATTAI),,40000 - 42000 Qt/Ha,No,
4076,WHITE CLOVER (SHAFTAL),PALAMPUR COMPOSITE-1,,50000 - 70000 Qt/Ha,No,
4077,SEN GRASS,BUNDEL SEN GHAS-1 (IGS 9901),,,No,
4078,MARVEL GRASS,Phule Marvel 06-40,MAHARASHTRA,350 - 400 Qt/Ha,Yes,Medium
4079,BLACK GRAM,VAMBAN-1,,800 - 800 Qt/Ha,No,
4080,POTATO,KUFRI JAWAHAR (JH-222),,,No,
4081,BLACK GRAM,CO-2,,,No,
4082,BLACK GRAM,CO-3,,,No,
4083,LINSEED,Himani(KL-214),,583 - 583 Qt/Ha,No,
4084,LITTLE MILLET,PAIYUR-1,,,No,
4085,TOMATO,Kashi Abhimaan (VRTH-101),,,No,
4086,Maize (fodder),African Tall,MAHARASHTRA,30 - 50 Qt/Ha,Yes,Medium
4087,LITTLE MILLET,CO-2,,,No,
4088,SUGARCANE (NOBLE CANE),Uttara,,,No,
4089,BANYARD MILLET,VL MADIRA-21,,2500 - 2600 Qt/Ha,No,
4090,SESAME (GINGELLY),D-7-11-1,,,No,
4091,GRAIN AMARANTHUS,NBPGR-35407,,2100 - 2100 Qt/Ha,No,
4092,ONION,APRITA (RO-59),,18000 - 25000 Qt/Ha,No,
4093,ONION,HISSAR-2,,,No,
4094,ONION,KALYANPUR RED ROUND,,,No,
4095,BLACK GRAM,G-75,,,No,
4096,ONION,Hisar Onion-3 (HOS-1),,,No,
4097,COWPEA (FODDER),UPC-621,,,No,
4098,SUGARCANE (NOBLE CANE),Bhavani (CO 86249),,,No,
4099,ONION,Co-4,,,No,
4100,ONION,Bhima Raj (B-780-5-2-2),"GUJARAT, KARNATAKA, MAHARASHTRA, DELHI, HARYANA, RAJASTHAN",260 - 300 Qt/Ha,Yes,Medium
4101,SUGARCANE (NOBLE CANE),Prabha (CO 85004),,,No,
4102,SUGARCANE (NOBLE CANE),Dhanush (CO 91010),,,No,
4103,COTTON,SH-131,,,No,
4104,SUGARCANE (NOBLE CANE),CoOr 03151,,,No,
4105,COTTON,LH-372,,1400 - 1700 Qt/Ha,No,
4106,SUGARCANE (NOBLE CANE),Moti (CO 87268),,85000 - 88000 Qt/Ha,No,
4107,SUGARCANE (NOBLE CANE),Sarayu (CO 87263),,,No,
4108,SUGARCANE (NOBLE CANE),Raseeli (CO S 91230),,70000 - 83000 Qt/Ha,No,
4109,BLACK GRAM,SINDKHEDA,,,No,
4110,BLACK GRAM,URD ZANDEWAL,,,No,
4111,SAFFLOWER,Jawahar Safflower-97 (JSF 97),,,No,
4112,SUGARCANE (NOBLE CANE),IMARTI ( CoSe 01421),,6587 - 6587 Qt/Ha,No,
4113,PEARL MILLET,"MLBH-505 (MH-793, MLBH-44)",,2800 - 3600 Qt/Ha,No,
4114,SUGARCANE (NOBLE CANE),Damodar  (Co.99004),,,No,
4115,SUGARCANE (NOBLE CANE),Sweta (CoS 94270),,81000 - 81000 Qt/Ha,No,
4116,SUGARCANE (NOBLE CANE),MITHAS (CoS 96268),,865 - 6981 Qt/Ha,No,
4117,SUGARCANE (NOBLE CANE),Cose - 95255 (Rachna),,90000 - 90000 Qt/Ha,No,
4118,PEARL MILLET,CO-7,,3500 - 4500 Qt/Ha,No,
4119,SUGARCANE (NOBLE CANE),Cose - 96234 (Rashmi),,75000 - 80000 Qt/Ha,No,
4120,SUGARCANE (NOBLE CANE),Karan 5(Co 0124),,7500 - 8000 Qt/Ha,No,
4121,SUGARCANE (NOBLE CANE),COC (Sc) 23 (COC 01-61),,,No,
4122,SUGARCANE (NOBLE CANE),Birendra (CoLK 94184),,76000 - 80000 Qt/Ha,No,
4123,RADISH,PUSA CHETKI,,26000 - 30000 Qt/Ha,No,
4124,SUGARCANE (NOBLE CANE),Sulabh (CO-2001-13),,,No,
4125,SUGARCANE (NOBLE CANE),CO-0232,,65000 - 68000 Qt/Ha,No,
4126,SUGARCANE (NOBLE CANE),CO-0233,,66000 - 70000 Qt/Ha,No,
4127,PEARL MILLET,GHB-27,,,No,
4128,SUGARCANE (NOBLE CANE),Co-0218,,1000 - 1200 Qt/Ha,No,
4129,SUGARCANE (NOBLE CANE),Karan-9 (Co 05011),,,No,
4130,SUGARCANE (NOBLE CANE),Haryana Ganna 128 (CoH 128),,7500 - 8000 Qt/Ha,No,
4131,COTTON,KC-1,,,No,
4132,CAULIFLOWER,EARLY BHAGOT,,,No,
4133,CAULIFLOWER,GIANT SNOWBALL,,,No,
4134,SOYBEAN,Pant Soybean-1347(PS-1347),"PUNJAB, UTTARAKHAND, DELHI",25 - 31 Qt/Ha,Yes,Medium
4135,SUGARCANE (NOBLE CANE),Co 0403,,,No,
4136,BLACK GRAM,NO. 55,,,No,
4137,SUGARCANE (NOBLE CANE),Karan 10 (Co 05009),,304 - 366 Qt/Ha,No,
4138,SUGARCANE (NOBLE CANE),Co 06030,,105 - 105 Qt/Ha,No,
4139,COTTON,MCU-7,,1200 - 1700 Qt/Ha,No,
4140,SUGARCANE (NOBLE CANE),Co 06027,,110 - 110 Qt/Ha,No,
4141,PEARL MILLET,WCC-75,,,No,
4142,BLACK GRAM,L-144,,,No,
4143,RADISH,ARKA NISHANT,,32000 - 37000 Qt/Ha,No,
4144,COTTON,RAJDH-9,,2600 - 2700 Qt/Ha,No,
4145,ONION,AGRIFOUND LIGHT RED,,,No,
4146,ONION,PUNJAB NAROYA (PDR-5),,,No,
4147,COWPEA (VEGETABLE),PKB 4,,,No,
4148,ONION,VL PIAZ-3,,40000 - 42000 Qt/Ha,No,
4149,CAULIFLOWER,PUSA KATKI,,,No,
4150,CAULIFLOWER,PUSA DEEPALI.,,,No,
4151,CAULIFLOWER,PUSA KATKI-7,,,No,
4152,CAULIFLOWER,PUSA SNOWBALL-1,,,No,
4153,BITTER GOURD,Punjab-14,,,No,
4154,CAULIFLOWER,Kashi Agahani (IVRMC-12),,21500 - 21500 Qt/Ha,No,
4155,ONION,Bhima Red (KEL-2) (B-780-5-3-1),"DELHI, GUJARAT, HARYANA, KARNATAKA, MAHARASHTRA, PUNJAB, RAJASTHAN, TAMIL NADU, MADHYA PRADESH",30 - 32 Qt/Ha,Yes,Medium
4156,CAULIFLOWER,PUSA HYBRID-2,,10000 - 30000 Qt/Ha,No,
4157,WATERMELON,ARKA JYOTI (HYBRID),,25000 - 30000 Qt/Ha,No,
4158,CAPSICUM,ARKA GAURAV,,15000 - 15000 Qt/Ha,No,
4159,COCONUT,Kerakeralam(IND-069)(CCS-9),,,No,
4160,COCONUT,Kera Bastar (IND-004S)(CCS-10),,,No,
4161,CAPSICUM,SOLAN HYB-1,,,No,
4162,CAPSICUM,PUSA DEEPTI (KT-1),,,No,
4163,BRINJAL,JC-2,,,No,
4164,PEARL MILLET,Pusa Composite-612 (MP-480),"MAHARASHTRA, KARNATAKA, ANDHRA PRADESH, TAMIL NADU",26.02 - 26.02 Qt/Ha,Yes,Medium
4165,BRINJAL,BRINJAL SWETHA (SM-6-6),,,No,
4166,BRINJAL,UTKAL MATHURI (BB-44),,25000 - 32000 Qt/Ha,No,
4167,BRINJAL,HISAR PRAGATI,,30000 - 40000 Qt/Ha,No,
4168,COTTON,RAHB-87,,1707 - 1707 Qt/Ha,No,
4169,BRINJAL,PUSA HYBRID-5,,45000 - 55000 Qt/Ha,No,
4170,BRINJAL,PANT BRINJAL HYBRID-1,,6000 - 8000 Qt/Ha,No,
4171,BRINJAL,Swarna Abhilamb (HABL-1),"BIHAR, HIMACHAL PRADESH, JHARKHAND, JAMMU AND KASHMIR, UTTARAKHAND",600 - 700 Qt/Ha,Yes,Medium
4172,BRINJAL,PANT RITURAJ,,20000 - 30000 Qt/Ha,No,
4173,BRINJAL,PUNJAB HARYANA BRINJAL-4,,,No,
4174,BRINJAL,UTKAL TARINI(BB-7),,34000 - 40000 Qt/Ha,No,
4175,BRINJAL,JAMUNI GOLA,,20000 - 40000 Qt/Ha,No,
4176,BRINJAL,PUSA ANUPAM,,30000 - 34000 Qt/Ha,No,
4177,BRINJAL,Pusa Hybrid-6,,40000 - 50000 Qt/Ha,No,
4178,BRINJAL,ARUNA,,20000 - 37500 Qt/Ha,No,
4179,BRINJAL,ARKA KUSUMAKER,,40000 - 50000 Qt/Ha,No,
4180,CHILLIES,JAYANTI (AKC-86-39),,,No,
4181,CHILLIES,GAJARAT CHILLI-2,,,No,
4182,CHILLIES,PLR-1,,,No,
4183,CHILLIES,JAWAHAR MIRCH-283,,,No,
4184,CHILLIES,X. 235.,,12000 - 15000 Qt/Ha,No,
4185,CHILLIES,PKM-1,,3000 - 3500 Qt/Ha,No,
4186,CHILLIES,Kashi Sinduri (IVPBC 535),,13100 - 15500 Qt/Ha,No,
4187,BHINDI (OKRA),SHITLA UPHAR (DVR-1),,1114 - 1114 Qt/Ha,No,
4188,BHINDI (OKRA),KashiLika (IIVR-11),,15000 - 19000 Qt/Ha,No,
4189,BHINDI (OKRA),Kashi Pragati (VRO-6),,1700 - 2000 Qt/Ha,No,
4190,BHINDI (OKRA),HBH-142,,9000 - 12000 Qt/Ha,No,
4191,BHINDI (OKRA),Pusa Sawani,,,No,
4192,BHINDI (OKRA),Selection -2,,11000 - 13000 Qt/Ha,No,
4193,TOMATO,Sankranthi (TLB-11),,45000 - 50000 Qt/Ha,No,
4194,TOMATO,Kashi Hemant (IIVR Sel.1),,72500 - 80000 Qt/Ha,No,
4195,TOMATO,MARGLOBE,,,No,
4196,TOMATO,SELAN SAGUN,,,No,
4197,TOMATO,Narendra Tomato-4 (NDT-9),"PUNJAB, BIHAR, UTTAR PRADESH",350 - 375 Qt/Ha,Yes,Early
4198,TOMATO,SOLAN VAJR,,,No,
4199,TOMATO,Hisar Lalit (NT-8),,20000 - 28000 Qt/Ha,No,
4200,TOMATO,PANT-T3,,25000 - 32000 Qt/Ha,No,
4201,TOMATO,ATH-1,,50000 - 55000 Qt/Ha,No,
4202,INDIAN MUSTARD,PUSA SARSON-27,"DELHI, RAJASTHAN, UTTAR PRADESH, HARYANA",400 - 500 Qt/Ha,Yes,Medium
4203,CUCUMBER,Gujarat Cucumber-1,,2500 - 2500 Qt/Ha,No,
4204,POTATO,Kufri Chipsona-3 (MP/97-583),,3200 - 3600 Qt/Ha,No,
4205,POTATO,Kufri Shailja (SM/87-185),,25000 - 27500 Qt/Ha,No,
4206,POTATO,Kufri Pushkar (JW-160),,35000 - 37500 Qt/Ha,No,
4207,WHITE YAM,SREE SUBHRA,,,No,
4208,WINGED BEAN,AKWB-1 (EC-114273-B),,,No,
4209,FENNEL,RF-205 (UF-205),,1600 - 1800 Qt/Ha,No,
4210,PUMPKIN,CO. 2,,,No,
4211,PADDY (DHAN),RATNAGIRI-24 (RTN-24) (IET-19812),,,No,
4212,BARLEY,REKHA (BCU-73),,2840 - 3670 Qt/Ha,No,
4213,COTTON,SUVIN,,,No,
4214,BARLEY,RITAMBHARA (K-551),,4000 - 4500 Qt/Ha,No,
4215,PUMPKIN,Pusa Vishwas (Sel. 107),,,No,
4216,Sorghum (fodder),CSH-20-MF (UPMCH-1101),"DELHI, HARYANA, PUNJAB, UTTAR PRADESH, UTTARAKHAND",800 - 900 Qt/Ha,Yes,Medium
4217,BARLEY,RD-2715,"CHHATTISGARH, MADHYA PRADESH, MAHARASHTRA, TAMIL NADU",26.3 - 54.5 Qt/Ha,Yes,Medium
4218,BARLEY,Pusa Losar (BH-380),,500 - 500 Qt/Ha,No,
4219,PADDY (DHAN),DRRH-3 (DRRH-44),,6000 - 6500 Qt/Ha,No,
4220,COTTON,AV-1661,,,No,
4221,PADDY (DHAN),JAL LAHRI,,2500 - 5000 Qt/Ha,No,
4222,SORGHUM,SPV-462,,3000 - 6000 Qt/Ha,No,
4223,PADDY (DHAN),TARAORI BASMATI (HBC-19),,2618 - 4533 Qt/Ha,No,
4224,RIDGE GOURD,Punjab Sadabahar (S-10),,,No,
4225,PADDY (DHAN),JAWAHAR RICE 3-45 (IET-13623),,2300 - 2300 Qt/Ha,No,
4226,PADDY (DHAN),Pusa Basmati-1509 (Pusa 1509-03-3-9-5),,20 - 22 Qt/Ha,No,
4227,PADDY (DHAN),Nua Acharamati,,,No,
4228,PADDY (DHAN),27P63,,6 - 7 Qt/Ha,No,
4229,PADDY (DHAN),JAMINI,,,No,
4230,COTTON,SARASWATI,,,No,
4231,PADDY (DHAN),Pusa -6 (Pusa 1612-7-6-5),,25 - 28 Qt/Ha,No,
4232,PADDY (DHAN),NP 218,,6 - 65 Qt/Ha,No,
4233,PADDY (DHAN),GAR - 1 (IET- 21276),,3747 - 4996 Qt/Ha,No,
4234,SORGHUM,SSV-84,,35000 - 40000 Qt/Ha,No,
4235,PADDY (DHAN),NP 209,,60 - 65 Qt/Ha,No,
4236,PEA (VEGETABLE),Narendra Sabzi Matar-5 (NDVP-250),"RAJASTHAN, GUJARAT, HARYANA, DELHI, UTTAR PRADESH",80 - 110 Qt/Ha,Yes,Medium
4237,PADDY (DHAN),Pratap -1 (RSK - 1091 - 10 -1-1),,4500 - 5000 Qt/Ha,No,
4238,PADDY (DHAN),CR Sugandh Dhan 907 (IET 21044) (CR 2616- 3- 3-3-1)),,40 - 40 Qt/Ha,No,
4239,PADDY (DHAN),Sujala (CNR-2) (IET 20235),,5262 - 5262 Qt/Ha,No,
4240,SESAME (GINGELLY),MADHAVI,,,No,
4241,PADDY (DHAN),KPH - 371,,6797 - 6797 Qt/Ha,No,
4242,PADDY (DHAN),Ankur - 7434,,,No,
4243,SORGHUM,CSV-5 (148/168),,,No,
4244,GREEN GRAM,R-288-8,,,No,
4245,NIGER (RAMTIL),JNC-6,,550 - 700 Qt/Ha,No,
4246,PADDY (DHAN),CR Dhan 305 (IET 21287),,,No,
4247,PADDY (DHAN),CR Dhan 505 (IET 21719),,,No,
4248,PADDY (DHAN),SHIATS Dhan - 1 (AAIR 2) (IET 20928),,4500 - 6500 Qt/Ha,No,
4249,PADDY (DHAN),CSR-13 (IET-10348),,5500 - 6700 Qt/Ha,No,
4250,RIBBED GOURD (KALI TORI),PKM-1,,24000 - 26000 Qt/Ha,No,
4251,PADDY (DHAN),Gangavati Sona (GGV 05-01),,,No,
4252,PADDY (DHAN),CR Dhan 202 (IET 21917),"JHARKHAND, ODISHA",50 - 55 Qt/Ha,Yes,Medium
4253,PADDY (DHAN),CR Dhan 407 (IET 21974),"WEST BENGAL, ASSAM",43 - 45 Qt/Ha,Yes,Medium
4254,SOYBEAN,MAUS-2 (Pooja),"TELANGANA, TAMIL NADU, KARNATAKA",20 - 25 Qt/Ha,Yes,Medium
4255,SUNFLOWER,SUNGENO-85,,1500 - 2000 Qt/Ha,No,
4256,BENGAL GRAM (CHICK PEA),HIMACHAL CHANA-2,,1879 - 1879 Qt/Ha,No,
4257,SUNFLOWER,PAC-36,,1685 - 1685 Qt/Ha,No,
4258,SUNFLOWER,MSFH-10,,,No,
4259,SUNFLOWER,DRSF-113,,1200 - 1200 Qt/Ha,No,
4260,SUNFLOWER,DRSF-108,,1200 - 1200 Qt/Ha,No,
4261,JATROPHA,SDAUJ-1 (Chhtarapati),,340 - 340 Qt/Ha,No,
4262,COTTON,PKV RAJAT (AKH-84635),,1200 - 1500 Qt/Ha,No,
4263,COTTON,Gaorani-22,,,No,
4264,COTTON,Sanjay (CJ-73),,,No,
4265,COTTON,320-F,,,No,
4266,SWEET POTATO,Shalimar Potato-1,,,No,
4267,COTTON,PA-183,,1790 - 1790 Qt/Ha,No,
4268,COTTON,OM SHANKAR (CSHH-29),,803 - 2352 Qt/Ha,No,
4269,COTTON,SVPR-2 (TSH-289),,1758 - 1758 Qt/Ha,No,
4270,COTTON,KASHINATH (NFHB-109),,,No,
4271,COTTON,AJIT (LHH-144),,2295 - 2295 Qt/Ha,No,
4272,COTTON,SUMANGALA (CWROK-165),,,No,
4273,COTTON,AK-277,,,No,
4274,COTTON,MCU-9,,,No,
4275,COTTON,LUDHIANA DESI-133,,,No,
4276,COTTON,G-46,,,No,
4277,COTTON,GANGANAGAR AGETI,,,No,
4278,COTTON,RAICHUR-51,,,No,
4279,COTTON,EKNATH (PA-32),,,No,
4280,COTTON,DS-1,,,No,
4281,COTTON,LOHIT,,,No,
4282,COTTON,Rohini (NA-48),,,No,
4283,COTTON,SUPRIYA (CP-1998F),,,No,
4284,ONION,VL-PIAZE 67,,,No,
4285,BRINJAL,PLR-1,,,No,
4286,BRINJAL,BHAGYAMATI,,,No,
4287,COTTON,F-1861,,1176 - 2127 Qt/Ha,No,
4288,BLACK GRAM,DU-1,,,No,
4289,COTTON,DHY-286,,,No,
4290,COTTON,R.S.89,,,No,
4291,COTTON,Hybrid CSHH-243,,3384 - 3384 Qt/Ha,No,
4292,COTTON,AAH-1 (DESI COTTON HYBRID-1) (M),,,No,
4293,COTTON,AAH-1 (DESI COTTON HYBRID-1),,,No,
4294,COTTON,AAH-1 (DESI COTTON HYBRID-1) (R),,,No,
4295,COTTON,RAHH-98,,2000 - 2000 Qt/Ha,No,
4296,FRENCH BEAN (VEGETABLE),Burpees Stringless,,,No,
4297,COTTON,KARUNGANI-9,,,No,
4298,COTTON,SVHH-139,"PUNJAB, HARYANA, RAJASTHAN",22 - 30 Qt/Ha,Yes,Medium
4299,CABBAGE,Pusa Cabbage-1 (KGMR-1),HIMACHAL PRADESH,350 - 350 Qt/Ha,Yes,Early
4300,COTTON,VBCH 2231,,1635 - 1635 Qt/Ha,No,
4301,COTTON,H-1300,,2291 - 2291 Qt/Ha,No,
4302,COTTON,RG-542,,3000 - 3000 Qt/Ha,No,
4303,BENGAL GRAM (CHICK PEA),JYOTHI,,,No,
4304,TOSSA JUTE,NAVIN (JRO-524),,,No,
4305,BUCK WHEAT,PRB-1 (PRB-9001),,20 - 20 Qt/Ha,No,
4306,TOSSA JUTE,"JRO-8432 (SHAKTI TOSSA, CO-32)",,3500 - 4000 Qt/Ha,No,
4307,SUNNHEMP,LAKSHMI,,,No,
4308,DINANATH GRASS,BUNDEL DINANATH-2,,35000 - 36000 Qt/Ha,No,
4309,GOBHI SARSON (FORAGE),GSL-1,,2000 - 2000 Qt/Ha,No,
4310,BENGAL GRAM (CHICK PEA),G-130,,,No,
4311,HS MESTA,AMV-7 (AHS 160),,2500 - 3000 Qt/Ha,No,
4312,POTATO,KUFRI GIRI RAJ (SM/85-45),,,No,
4313,SUNNHEMP,Narendra Sanai-1,,1300 - 1400 Qt/Ha,No,
4314,DHAINCHA,Pant Daincha-1,,2000 - 2100 Qt/Ha,No,
4315,DHAINCHA,DH-1,,,No,
4316,BENGAL GRAM (CHICK PEA),ANUBHAV (RSG-88),,,No,
4317,GUAR (CLUSTER BEAN),PUSA NAVBAHAR,,500 - 600 Qt/Ha,No,
4318,GUAR (CLUSTER BEAN),HFG-156,,500 - 600 Qt/Ha,No,
4319,BENGAL GRAM (CHICK PEA),CO-2,,,No,
4320,GUAR (CLUSTER BEAN),RGC-986,,500 - 600 Qt/Ha,No,
4321,GUAR (CLUSTER BEAN),HFG-119,,,No,
4322,GUAR (CLUSTER BEAN),RGC-197,,1000 - 1800 Qt/Ha,No,
4323,GUINEA GRASS,PGG-101,,35000 - 55000 Qt/Ha,No,
4324,GUINEA GRASS,PGG-19,,1000 - 1100 Qt/Ha,No,
4325,GUAR (CLUSTER BEAN),HG 884,RAJASTHAN,18 - 20 Qt/Ha,Yes,Early
4326,BENGAL GRAM (CHICK PEA),PUSA-261,,2400 - 2900 Qt/Ha,No,
4327,LUCERNE (ALFALFA),LL-COMPOSITE-3,,20000 - 30000 Qt/Ha,No,
4328,OAT,JO 03-91 (SC),,50000 - 55000 Qt/Ha,No,
4329,SUGARCANE (NOBLE CANE),SWEETY (CoS 96275),,,No,
4330,TAPIOCA (CASSAVA),SREE VISAKHAM (H-1687),,,No,
4331,TAPIOCA (CASSAVA),SREE PRAKASH (S-856),,,No,
4332,TAPIOCA (CASSAVA),Sree Athulya (Triploid 4-2),,,No,
4333,BENGAL GRAM (CHICK PEA),HARE CHHOLE NO.1,,,No,
4334,GRAIN AMARANTHUS,SKNA-21,,1258 - 1258 Qt/Ha,No,
4335,GRAIN AMARANTHUS,Rajasthan Mandor Amarnath 7 (RMA 7),,1432 - 1432 Qt/Ha,No,
4336,GARLIC,VL Lahsun 2 (VGP 5),,15000 - 24000 Qt/Ha,No,
4337,ONION,NHRDF RED,,22000 - 25000 Qt/Ha,No,
4338,ONION,BASWANT (NO.780),,27000 - 35000 Qt/Ha,No,
4339,CABBAGE,Early Drum Head,,,No,
4340,CASHEW,VENGURLA-7,,3704 - 3704 Qt/Ha,No,
4341,CARDAMOM,APPANGALA-1,,,No,
4342,CABBAGE,KINNER  RED,,,No,
4343,CABBAGE,Copenhagen Market.,,,No,
4344,CAULIFLOWER,PANT  GOBHI-4 (235-S),,143 - 143 Qt/Ha,No,
4345,CAULIFLOWER,EARLY KUNWARI,,,No,
4346,CAULIFLOWER,PANT SUBHRA,,10000 - 30000 Qt/Ha,No,
4347,CAULIFLOWER,SNOWBALL-16,,,No,
4348,BROCCOLI,Ganesh Broccoli (GK-2-5),MAHARASHTRA,60 - 70 Qt/Ha,Yes,Medium
4349,CAULIFLOWER,PUSA HYBRID-2 (M),,,No,
4350,CAULIFLOWER,NARENDRA GOBHI-1,,20000 - 30000 Qt/Ha,No,
4351,CAULIFLOWER,Pusa Early Synthetic,,6500 - 9900 Qt/Ha,No,
4352,CUCUMBER,Shalimar Cucumber Hybrid-1,,,No,
4353,KNOL-KHOL,EARLY WHITE VIENNA,,,No,
4354,KNOL-KHOL,KING OF MARKET,,,No,
4355,CHILLIES,PMK-1,,,No,
4356,MAIZE (MAKKA),IC-8306(MCH-2),,,No,
4357,LINSEED,Azad Alsi -1 (LMS9-2K),,1610 - 1610 Qt/Ha,No,
4358,BOTTLE GOURD,Pusa Summer Prolific Round,,,No,
4359,WHEAT,HD-2329,,5000 - 5500 Qt/Ha,No,
4360,BOTTLE GOURD,Santosh 20 (KBGH 20),,350 - 400 Qt/Ha,No,
4361,BLACK GRAM,SHEKHAR-1 (KU-301),,833 - 833 Qt/Ha,No,
4362,COTTON,LD-230,,,No,
4363,COTTON,JAYDHAR,,,No,
4364,COTTON,LRA-5166,,,No,
4365,COTTON,AKA-5 (AKH-605),,,No,
4366,FINGER MILLET (RAGI),MR-2,,3800 - 4000 Qt/Ha,No,
4367,BLACK GRAM,MASH-1,HIMACHAL PRADESH,14 - 16 Qt/Ha,Yes,Medium
4368,PADDY (DHAN),"PUSA SUGANDH-3 (IET-16313, PUSA 2504-1-3-1)",,3903 - 3903 Qt/Ha,No,
4369,PADDY (DHAN),"Pant Sankar Dhan - 3, (UPHR-1010)",,6100 - 6600 Qt/Ha,No,
4370,PADDY (DHAN),Sagara,,4983 - 7633 Qt/Ha,No,
4371,PIGEON PEA (RED GRAM/ARHAR),BDN-2,,,No,
4372,KODO MILLET,JAWAHAR KODO-155 (RBK-155),,2167 - 2167 Qt/Ha,No,
4373,NIGER (RAMTIL),Birsa Niger-3 (BNS-11),,581 - 581 Qt/Ha,No,
4374,PIGEON PEA (RED GRAM/ARHAR),VISHAKHA-1,,,No,
4375,MAIZE (MAKKA),TARUN,,,No,
4376,PADDY (DHAN),CO 4,,7348 - 7548 Qt/Ha,No,
4377,PADDY (DHAN),Pant Dhan-19(IET 17544),,6500 - 7000 Qt/Ha,No,
4378,CUCUMBER,Kalianpur Green.,,,No,
4379,WHEAT,K-68,,,No,
4380,WHEAT,KALYAN SONA,,,No,
4381,WHEAT,S-331,,,No,
4382,PADDY (DHAN),JR-503 (Richa) (IET-16783),,4000 - 4100 Qt/Ha,No,
4383,PADDY (DHAN),Pusa Sugandh-5(IET-17021),,4756 - 4856 Qt/Ha,No,
4384,PADDY (DHAN),Vallabh Basmati-22 (IET 19492) (MAUB-162),,3633 - 3733 Qt/Ha,No,
4385,PADDY (DHAN),CO(R) 50 (IET 19321) (CB 01001),,5446 - 6338 Qt/Ha,No,
4386,PADDY (DHAN),PAC 837 (PAC 85037) IET 19746),,6320 - 6520 Qt/Ha,No,
4387,PADDY (DHAN),GK 5003 (IET-18160),,6800 - 6900 Qt/Ha,No,
4388,KODO MILLET,JAWAHAR KODO-41,,,No,
4389,WHEAT,Improved (Deshi)-Variety C-306,,,No,
4390,WHEAT,AMAR (HW-2004),,1650 - 2800 Qt/Ha,No,
4391,WHEAT,VIJAY (DDK-1001),,4500 - 5000 Qt/Ha,No,
4392,WHEAT,D-134,,,No,
4393,LINSEED,KOTA BARANI ALSI-4 (RL-10193),,,No,
4394,BHINDI (OKRA),CO-1,,,No,
4395,WHEAT,GANGA (DDK-1009),,4700 - 5000 Qt/Ha,No,
4396,WHEAT,UP-2425,,,No,
4397,GUINEA GRASS,BUNDEL GUINEA-2(JHGG04-1),,,No,
4398,WHEAT,MALAVA RATNA (HD 4672),,1510 - 2000 Qt/Ha,No,
4399,GUAR (CLUSTER BEAN),GUAR KUNJAL( RGC-1033),RAJASTHAN,15 - 20 Qt/Ha,Yes,Early
4400,WHEAT,MALVIYA WHEAT 510 (HUW 510),,3640 - 3640 Qt/Ha,No,
4401,WHEAT,GW-322,,4690 - 4690 Qt/Ha,No,
4402,WHEAT,Narendra Wheat - 2036,,500 - 500 Qt/Ha,No,
4403,WHEAT,Shalimar Wheat-1 (SKW-196),,2290 - 2290 Qt/Ha,No,
4404,MAIZE (MAKKA),DIARA-3 (ZFS-3),,,No,
4405,CASTOR,PB.NO.1,,,No,
4406,WHEAT,PDW-291,"PUNJAB, HARYANA, UTTAR PRADESH, UTTARAKHAND, RAJASTHAN, HIMACHAL PRADESH, JAMMU AND KASHMIR",47.6 - 58 Qt/Ha,Yes,Medium
4407,KODO MILLET,JAWAHAR KODO-62,,,No,
4408,POTATO,KUFRI CHIPSONA-1 (MP/90/83),,25000 - 30000 Qt/Ha,No,
4409,MAIZE (MAKKA),D-765,,,No,
4410,WHEAT,MACS 2971,,5020 - 5020 Qt/Ha,No,
4411,WHEAT,MP-(JW)-3173,"MADHYA PRADESH, MAHARASHTRA, GUJARAT, CHHATTISGARH",25.7 - 46 Qt/Ha,Yes,Medium
4412,WHEAT,PBW-590,"PUNJAB, HARYANA, RAJASTHAN, UTTAR PRADESH, UTTARAKHAND, JAMMU AND KASHMIR",42.2 - 73.2 Qt/Ha,Yes,Late
4413,WHEAT,PBW-596,"KARNATAKA, KERALA, TELANGANA",31 - 46.2 Qt/Ha,Yes,
4414,MAIZE (MAKKA),KESARI,,5000 - 5500 Qt/Ha,No,
4415,MAIZE (MAKKA),AGETI-76,,,No,
4416,BHINDI (OKRA),Gujarat Okra-2,,,No,
4417,CASTOR,YRCH-1,,,No,
4418,GROUNDNUT,GIRNAR-1 (CGC-4018),,,No,
4419,WHEAT,MPO(JW) 1215 (MPO 1215),"MADHYA PRADESH, MAHARASHTRA, CHHATTISGARH",48.6 - 65.3 Qt/Ha,Yes,Medium
4420,SAFFLOWER,NARI-H-23,,,No,
4421,MAIZE (MAKKA),MMH-69,,4612 - 6266 Qt/Ha,No,
4422,MAIZE (MAKKA),3054W (X-1382W),,7197 - 7197 Qt/Ha,No,
4423,MAIZE (MAKKA),MMH-1,,,No,
4424,TURMERIC,Punjab Haldi- 2,PUNJAB,306 - 320 Qt/Ha,Yes,Late
4425,WHEAT,HD 3043,"PUNJAB, HARYANA, DELHI, UTTARAKHAND, UTTAR PRADESH, RAJASTHAN, JAMMU AND KASHMIR",42.8 - 50.2 Qt/Ha,Yes,Medium
4426,WHEAT,Pusa Suketi HS-507,"HIMACHAL PRADESH, UTTARAKHAND, JAMMU AND KASHMIR",26.6 - 54.3 Qt/Ha,Yes,
4427,MAIZE (MAKKA),Nandi-72 (MSH 238) NMH 75),,,No,
4428,TOMATO,AZAD T - 2,,40000 - 50000 Qt/Ha,No,
4429,TALL FESCUE GRASS,Hima-4,,,No,
4430,WHEAT,Pusa Gautami (HD 3086),"WEST BENGAL, UTTAR PRADESH, BIHAR, JHARKHAND, ODISHA, ASSAM",50 - 61 Qt/Ha,Yes,Medium
4431,MAIZE (MAKKA),LAXMI 3636 (LTH-22),"TAMIL NADU, TELANGANA, KARNATAKA, MAHARASHTRA",64 - 70 Qt/Ha,Yes,Late
4432,BANYARD MILLET,KANCHAN,,1500 - 1600 Qt/Ha,No,
4433,FINGER MILLET (RAGI),TRY-1,,4100 - 4100 Qt/Ha,No,
4434,FINGER MILLET (RAGI),GAUTAMI (PR-1158-9),,3115 - 3115 Qt/Ha,No,
4435,FINGER MILLET (RAGI),HIMA,ANDHRA PRADESH,28 - 30 Qt/Ha,Yes,Medium
4436,GROUNDNUT,JYOTI,,,No,
4437,GROUNDNUT,M-13,,,No,
4438,ITALIAN MILLET (FOX TAIL MILLET),GAVARI (SR-11),,,No,
4439,ITALIAN MILLET (FOX TAIL MILLET),NELLAMALE KARRA,,3360 - 3360 Qt/Ha,No,
4440,GROUNDNUT,TMV-2,"MADHYA PRADESH, KARNATAKA, GUJARAT, ANDHRA PRADESH",25 - 30 Qt/Ha,Yes,Early
4441,ITALIAN MILLET (FOX TAIL MILLET),NISCHAL,,1100 - 1500 Qt/Ha,No,
4442,GROUNDNUT,RSB-87,,,No,
4443,ITALIAN MILLET (FOX TAIL MILLET),LEPAKSHI (AK-132-1),,1740 - 1840 Qt/Ha,No,
4444,KODO MILLET,JAWAHAR KODO-48 (DPS-48),,2648 - 2848 Qt/Ha,No,
4445,KODO MILLET,GUJARAT KODRA-1,,2000 - 2500 Qt/Ha,No,
4446,MAIZE (MAKKA),PRABAL(M 01),,6000 - 7500 Qt/Ha,No,
4447,MAIZE (MAKKA),3342 (X-1123G),,4920 - 4920 Qt/Ha,No,
4448,MAIZE (MAKKA),COH-2,,3500 - 4500 Qt/Ha,No,
4449,MAIZE (MAKKA),Ganga-1,,,No,
4450,MAIZE (MAKKA),HYBRID MAIZE GANGA-101,,,No,
4451,MAIZE (MAKKA),BIRSA MAKKAI-1,,3500 - 4000 Qt/Ha,No,
4452,MAIZE (MAKKA),BIO-9637,,,No,
4453,POTATO,KUFRI SHEETMAN,,,No,
4454,MAIZE (MAKKA),SEEDTEC-740 (SEEDTEC-2324),,6500 - 7000 Qt/Ha,No,
4455,MAIZE (MAKKA),AMAR (D-941),,4224 - 4424 Qt/Ha,No,
4456,MAIZE (MAKKA),ARAVALI MAKKA-1 (EV-90),,3324 - 4361 Qt/Ha,No,
4457,MAIZE (MAKKA),HB-3,,,No,
4458,MAIZE (MAKKA),Hybrid maize Ganga-1,,,No,
4459,MAIZE (MAKKA),PRATAP MAKKA-4 (EC-1108),,4000 - 8000 Qt/Ha,No,
4460,MAIZE (MAKKA),PRATAP MAKKA-5 (EC-3116),,4233 - 4233 Qt/Ha,No,
4461,MAIZE (MAKKA),Sona Composite Makka,,,No,
4462,MAIZE (MAKKA),DK-701 (F7001),,5000 - 6000 Qt/Ha,No,
4463,MAIZE (MAKKA),Vivek Maize Hybrid-27 (FH3288),,5000 - 5500 Qt/Ha,No,
4464,MAIZE (MAKKA),JKMH-1701,,6000 - 6500 Qt/Ha,No,
4465,MAIZE (MAKKA),Buland (JH-6805),,,No,
4466,MAIZE (MAKKA),Vivek Maize Hybrid-17 (FH-3186),,4500 - 5000 Qt/Ha,No,
4467,MAIZE (MAKKA),HM-10 (HKH-1200),,7191 - 7191 Qt/Ha,No,
4468,MAIZE (MAKKA),Vivek Sankul Makka 35 (VL 113),,5188 - 5188 Qt/Ha,No,
4469,BENGAL GRAM (CHICK PEA),HK-4 (HK 05-169),"UTTAR PRADESH, BIHAR, JHARKHAND, ODISHA, WEST BENGAL, ASSAM",16 - 16 Qt/Ha,Yes,Medium
4470,MAIZE (MAKKA),Vivek Maize Hybrid 43 (FH 3358),,5500 - 6000 Qt/Ha,No,
4471,MAIZE (MAKKA),Vivek Maize Hybrid 39 (FH 3356),,5500 - 6000 Qt/Ha,No,
4472,PADDY (DHAN),IR-30864,,6800 - 6800 Qt/Ha,No,
4473,INDIAN BEAN (DOLICHOS BEAN),Konkan Bhushan,,,No,
4474,MAIZE (MAKKA),(KDM - 438) Shalimar Maize Composite -4,JAMMU AND KASHMIR,6407 - 6407 Qt/Ha,Yes,Early
4475,AJWAIN (BISHOPS WEED),PANT RUCHIKA,,700 - 1600 Qt/Ha,No,
4476,GROUNDNUT,RGN-145,,,No,
4477,BENGAL GRAM (CHICK PEA),PKV KABULI-4,"MAHARASHTRA, MADHYA PRADESH",20 - 20 Qt/Ha,Yes,Early
4478,SESAME (GINGELLY),MRUG-1,,550 - 710 Qt/Ha,No,
4479,MANGO,Pusa Surya,,7500 - 8000 Qt/Ha,No,
4480,ONION,PUNJAB WHITE,,,No,
4481,LITTLE MILLET,BIRSA GUNDLI-1,,700 - 800 Qt/Ha,No,
4482,LITTLE MILLET,TARINI (OLM-203),,1233 - 2500 Qt/Ha,No,
4483,LITTLE MILLET,SABARA (OLM-20),,,No,
4484,CAPSICUM,HUNGARIAN,,,No,
4485,GROUNDNUT,ICHG00440(Mallika),"ANDAMAN AND NICOBAR ISLANDS, ANDHRA PRADESH, ARUNACHAL PRADESH, ASSAM, BIHAR, CHANDIGARH, CHHATTISGARH, DADRA AND NAGAR HAVELI, DAMAN AND DIU, DELHI, GOA, GUJARAT, HARYANA, HIMACHAL PRADESH, JAMMU, JAMMU AND KASHMIR, JHARKHAND, KARNATAKA, KASHMIR, KERALA, LADAKH, LAKSHADWEEP, MADHYA PRADESH, MAHARASHTRA, MANIPUR, MEGHALAYA, MIZORAM, NAGALAND, ODISHA, PUDUCHERRY, PUNJAB, RAJASTHAN, SIKKIM, TAMIL NADU, TELANGANA, TRIPURA, UTTARAKHAND, UTTAR PRADESH, WEST BENGAL",2500 - 3000 Qt/Ha,Yes,Late
4486,POTATO,KUFRI ALANKAR,,12000 - 13000 Qt/Ha,No,
4487,LITTLE MILLET,SAURA (OLM-208),,1413 - 3407 Qt/Ha,No,
4488,PEARL MILLET,X-7,,2513 - 3295 Qt/Ha,No,
4489,PADDY (DHAN),ASD-19 (IET-10436),,5800 - 10700 Qt/Ha,No,
4490,BARLEY,DWRB 91,"HARYANA, PUNJAB, RAJASTHAN, UTTAR PRADESH",40.62 - 58.2 Qt/Ha,Yes,Late
4491,PEARL MILLET,JKBH-26 (MH-595),,2130 - 2460 Qt/Ha,No,
4492,PEARL MILLET,GHB-316 (MH-670),,2128 - 2128 Qt/Ha,No,
4493,FENUGREEK,RMT-1,,1500 - 2000 Qt/Ha,No,
4494,PEARL MILLET,"PROAGRO 9445 (MH 882, PB 112)",,2500 - 3000 Qt/Ha,No,
4495,PEARL MILLET,PHB-14,,,No,
4496,PEARL MILLET,MBH-118,,1800 - 2400 Qt/Ha,No,
4497,PEARL MILLET,MH-179 (ICM-451),,,No,
4498,PADDY (DHAN),PANT SANKAR DHAN-1,,6500 - 7500 Qt/Ha,No,
4499,PEARL MILLET,HHB-146 (MH-960),,2737 - 2737 Qt/Ha,No,
4500,PEARL MILLET,GHB-558 (MH-946),,2825 - 3201 Qt/Ha,No,
4501,PEARL MILLET,Nandi-62(MH 1274) (NMH 68),,2824 - 3286 Qt/Ha,No,
4502,PEARL MILLET,B-2301 (MH 1192) (B 2301),,,No,
4503,PEARL MILLET,MBH-110,,,No,
4504,SORGHUM,HES-4,,3000 - 4000 Qt/Ha,No,
4505,SORGHUM,MUGUTHI JOLA (5-4-1),,,No,
4506,GARLIC,Yamuna Safed-5 (G-189),,,No,
4507,SORGHUM,CSH-18 (SPH-960),,4300 - 4400 Qt/Ha,No,
4508,SORGHUM,MLSH-296 (MLSH-14),,4300 - 5100 Qt/Ha,No,
4509,SORGHUM,PAC-501 (ICI-501),,4000 - 4100 Qt/Ha,No,
4510,SORGHUM,CSH-17 (SPH-660),,3362 - 3362 Qt/Ha,No,
4511,SORGHUM,SAFED MOTI (FSH-92079),,,No,
4512,SORGHUM,ADILABAD SORGHUM HYBRID-1,,,No,
4513,INDIAN MUSTARD,K-88,,,No,
4514,ONION,PUSA RED,,,No,
4515,SORGHUM,RSSV-9(CSV-19 SS),,40000 - 45000 Qt/Ha,No,
4516,SORGHUM,SPH-837,,3500 - 4000 Qt/Ha,No,
4517,SORGHUM,CSH-5,,,No,
4518,SORGHUM,CSH-6,,,No,
4519,SORGHUM,CSH-7R,,,No,
4520,SORGHUM,CO-23,,,No,
4521,SORGHUM,HC-136,,,No,
4522,SORGHUM,UP CHARI-1 (I.S-4776),,,No,
4523,SORGHUM,CSV-10 (SPV-346),,,No,
4524,INDIAN MUSTARD,Pusa EJ-9912-13,,,No,
4525,INDIAN MUSTARD,Pusa Mustard-24 (LET - 18),,,No,
4526,SORGHUM,RAJASTHAN CHARI-2 (SU-45),,,No,
4527,SORGHUM,CSH-10,,,No,
4528,TOMATO,Punjab Ratta,,,No,
4529,SORGHUM,CSH-11,,,No,
4530,SORGHUM,PVK-400 (SPV-860),,4000 - 4500 Qt/Ha,No,
4531,SORGHUM,CSV-3 (370),,,No,
4532,SORGHUM,SPH-201,,4000 - 5000 Qt/Ha,No,
4533,SORGHUM,CSH-13R,,3069 - 3069 Qt/Ha,No,
4534,BLACK GRAM,WBU-108,,1500 - 1800 Qt/Ha,No,
4535,BLACK GRAM,BARKHA (RBU-38),,900 - 1000 Qt/Ha,No,
4536,BLACK GRAM,CO-4,,,No,
4537,BLACK GRAM,AZAD URD-1 (KU 91-2),,950 - 1050 Qt/Ha,No,
4538,BLACK GRAM,PANT U-19,,1000 - 1200 Qt/Ha,No,
4539,INDIAN MUSTARD,RB-50,,,No,
4540,BLACK GRAM,APK-1,,,No,
4541,BLACK GRAM,PANT U-30,,,No,
4542,BLACK GRAM,Azad Urd -3 (KU-96-3),,1100 - 1200 Qt/Ha,No,
4543,PEA (VEGETABLE),Pant Sabji Matar-3 (PM-5),,,No,
4544,BLACK GRAM,Mash 479 (KUG 479),,1177 - 1177 Qt/Ha,No,
4545,BLACK GRAM,Mash 391 (LU 391),,768 - 768 Qt/Ha,No,
4546,BLACK GRAM,VBN (Bg) 7 (VBG04-008),,7900 - 7900 Qt/Ha,No,
4547,BLACK GRAM,IPU 02-43,"ANDHRA PRADESH, KARNATAKA, TELANGANA, TAMIL NADU, KERALA",10+ Qt/Ha,Yes,Medium
4548,PEA (VEGETABLE),Phule Priya (RHRP-87),MAHARASHTRA,90 - 100 Qt/Ha,Yes,Medium
4549,BENGAL GRAM (CHICK PEA),SAMRAT (GNG-469),,1964 - 1964 Qt/Ha,No,
4550,BENGAL GRAM (CHICK PEA),PUSA-391 (BG-391),,2000 - 2500 Qt/Ha,No,
4551,BENGAL GRAM (CHICK PEA),PUSA CHAMATKAR (BG-1053),,2000 - 3000 Qt/Ha,No,
4552,BENGAL GRAM (CHICK PEA),PB.NO.7,,,No,
4553,BENGAL GRAM (CHICK PEA),ANNIGERE-1,,,No,
4554,BENGAL GRAM (CHICK PEA),L-550,,,No,
4555,PEA (VEGETABLE),Kinnauri,,,No,
4556,PEA (VEGETABLE),Boach Selection,,,No,
4557,BENGAL GRAM (CHICK PEA),JAWAHAR GRAM-16 (SAKI-9516),,,No,
4558,BENGAL GRAM (CHICK PEA),G-24,,,No,
4559,BENGAL GRAM (CHICK PEA),T-3,,,No,
4560,BENGAL GRAM (CHICK PEA),ICCV-2,,1000 - 1000 Qt/Ha,No,
4561,BENGAL GRAM (CHICK PEA),GPF 2,,2181 - 2181 Qt/Ha,No,
4562,COWPEA (PULSES),TYPE-5269 (PUSA SAWNI),,,No,
4563,PADDY (DHAN),EARLY SAMBHA (RNRM-7),,6000 - 6500 Qt/Ha,No,
4564,PEAS,JAWAHAR MATAR-5,,,No,
4565,PADDY (DHAN),CO-25,,,No,
4566,FENUGREEK,CO.2 (CF-390),,,No,
4567,WHEAT,UAS 347,,,No,
4568,ONION,Bhima Shubhra (NRCWO-4/W-009),"CHHATTISGARH, GUJARAT, KARNATAKA, MADHYA PRADESH, MAHARASHTRA, ODISHA, RAJASTHAN, TAMIL NADU",200 - 360 Qt/Ha,No,Medium
4569,PADDY (DHAN),PR 123 (PAU 3842),,,No,
4570,PADDY (DHAN),Pant Basmati 2 (IET 21953),"PUNJAB, HARYANA, UTTARAKHAND, UTTAR PRADESH",445 - 48 Qt/Ha,Yes,Medium
4571,BOTTLE GOURD,Punjab long (LC-2-1),,,No,
4572,PADDY (DHAN),"KAUM 61-6-1-1-2 (GM-9) (MO 14-PANCHAM, IET-14260)",,6000 - 7000 Qt/Ha,No,
4573,PADDY (DHAN),PAC 835 (PAC 80035) (IET 18178),,,No,
4574,PADDY (DHAN),IR-20,,,No,
4575,PADDY (DHAN),Jayanti Dhan (CR Dhan 502) (IET 20706) (CR 2080-169-3-2-5-2),,,No,
4576,PADDY (DHAN),RATNA,,,No,
4577,PADDY (DHAN),JAGANNATH,,,No,
4578,PADDY (DHAN),CR Dhan 40 (IET 19253),ASSAM,50+ Qt/Ha,Yes,
4579,PADDY (DHAN),CR-93-4-2,,,No,
4580,PADDY (DHAN),Kanchi (Co.34),,,No,
4581,PADDY (DHAN),AKASHI,,,No,
4582,PADDY (DHAN),IET-1136,,,No,
4583,PADDY (DHAN),IET-1410,,,No,
4584,PADDY (DHAN),NI DHAN-1,,,No,
4585,PADDY (DHAN),RAJENDRA,,,No,
4586,PADDY (DHAN),RASI (IET- 1444),,,No,
4587,PADDY (DHAN),N-8,,,No,
4588,PADDY (DHAN),PRAKASH (IET -2254 RP4-14),,,No,
4589,PADDY (DHAN),CO-42,,,No,
4590,PADDY (DHAN),MDU-1,,,No,
4591,PADDY (DHAN),HIMALAYA-2,,,No,
4592,PADDY (DHAN),DAYA (OR-131-13-13),,6000 - 6100 Qt/Ha,No,
4593,PADDY (DHAN),RP-4-14,,,No,
4594,PADDY (DHAN),FR-43-B,,3100 - 3200 Qt/Ha,No,
4595,PADDY (DHAN),ANAMIKA,,,No,
4596,PADDY (DHAN),SWARNA (MTU-7020 ),,,No,
4597,PADDY (DHAN),SASYASREE,,,No,
4598,AMARANTHUS,CO-4,,,No,
4599,PADDY (DHAN),IR-36,,,No,
4600,SORGHUM,Pusa Chari-615,,,No,
4601,PADDY (DHAN),SATTARI (IET-5750),,,No,
4602,BARLEY,RDB-1,,,No,
4603,PADDY (DHAN),Pratikshya (ORS 201-5)(IET-15191),,4848 - 7242 Qt/Ha,No,
4604,COWPEA (PULSES),TYPE-2,,,No,
4605,CAPSICUM,VL Shimla Mirch 3 (IC 584767),,,No,
4606,BRINJAL,BH-1,,,No,
4607,BRINJAL,BH-2,,,No,
4608,PADDY (DHAN),PADUVAI PONNI (PY-1),,5656 - 5756 Qt/Ha,No,
4609,PADDY (DHAN),PUNITHAVATHY (PY-2),,4668 - 4768 Qt/Ha,No,
4610,PADDY (DHAN),MANSAROVAR (IET-6314),,4000 - 4100 Qt/Ha,No,
4611,PADDY (DHAN),SUGANDHA,,6000 - 6100 Qt/Ha,No,
4612,COWPEA (PULSES),KANAKAMANI,,,No,
4613,BLACK GRAM,ADT-2,,,No,
4614,INDIAN MUSTARD,Agrani (SEJ-2),,,No,
4615,PADDY (DHAN),PATHARA (lET -6639),,3000 - 3000 Qt/Ha,No,
4616,PADDY (DHAN),GAURI (lET -7428),,2500 - 2600 Qt/Ha,No,
4617,PADDY (DHAN),SESHU (lET -2881),,4100 - 4200 Qt/Ha,No,
4618,PADDY (DHAN),PUSA-169,,4000 - 4100 Qt/Ha,No,
4619,PADDY (DHAN),NEELA (CR-404-56-1),,3100 - 3200 Qt/Ha,No,
4620,PADDY (DHAN),ACK-5,,4830 - 4930 Qt/Ha,No,
4621,COWPEA (PULSES),GFC-1,,,No,
4622,COWPEA (PULSES),PUSA SAMPADA (V-585),,,No,
4623,COWPEA (PULSES),UPC-9202,,35000 - 40000 Qt/Ha,No,
4624,COWPEA (PULSES),COWPEA-74,,,No,
4625,COWPEA (PULSES),COWPEA (KIND),,,No,
4626,COWPEA (PULSES),PUSA-152,,,No,
4627,COWPEA (PULSES),CO-2,,,No,
4628,COWPEA (PULSES),GFC-2,,,No,
4629,WHEAT,PBW-12,,4000 - 4500 Qt/Ha,No,
4630,COWPEA (PULSES),Amba (V-16),,1000 - 1000 Qt/Ha,No,
4631,COWPEA (PULSES),UPC-5287,,26000 - 26000 Qt/Ha,No,
4632,COWPEA (PULSES),BIRSA SWETA,,14500 - 14500 Qt/Ha,No,
4633,COWPEA (PULSES),KBC-1,,1180 - 1180 Qt/Ha,No,
4634,COWPEA (PULSES),TVX-COWPEA (TVX-944-026),,978 - 978 Qt/Ha,No,
4635,COWPEA (PULSES),GUJARAT COWPEA-3 (GC-3),,1200 - 1400 Qt/Ha,No,
4636,MAIZE (MAKKA),COMPOSITE SUWAN,,,No,
4637,COWPEA (PULSES),V-240,,1400 - 1400 Qt/Ha,No,
4638,COWPEA (PULSES),UPC - 618,,,No,
4639,COWPEA (PULSES),UPC 622,,,No,
4640,PEARL MILLET,PAC 909 (MH-1435),,3491 - 3491 Qt/Ha,No,
4641,COWPEA (PULSES),Pant Lobia-3 (PGCP-6),KARNATAKA,12 - 13 Qt/Ha,Yes,Early
4642,GREEN GRAM,LAM-407 (LGG-407),,1400 - 1500 Qt/Ha,No,
4643,GREEN GRAM,PUSHKARA (LGG-450),,1200 - 1400 Qt/Ha,No,
4644,GREEN GRAM,PDM 84-178,,800 - 1000 Qt/Ha,No,
4645,PADDY (DHAN),VL DHAN-163,,2400 - 2500 Qt/Ha,No,
4646,BHINDI (OKRA),Gujarat Jubagarh Okra Hybrid- 3 (GJOH-3) (JOH-05-9),"RAJASTHAN, GUJARAT, HARYANA, DELHI, MADHYA PRADESH, MAHARASHTRA",136 - 150 Qt/Ha,Yes,Medium
4647,GREEN GRAM,PS-16,,,No,
4648,BANYARD MILLET,PRJ-1,UTTARAKHAND,25 - 25 Qt/Ha,Yes,Early
4649,GREEN GRAM,MALVIYA JYOTI (HUM-1),,1100 - 1200 Qt/Ha,No,
4650,GREEN GRAM,GANGA-8 (GANGOTRI),,1031 - 1031 Qt/Ha,No,
4651,GREEN GRAM,PUSA-9531,,800 - 1000 Qt/Ha,No,
4652,GREEN GRAM,PUSA VISHAL,,1000 - 1400 Qt/Ha,No,
4653,SWEET POTATO,RAJENDRA SHAKARKAND-43,,2000 - 2500 Qt/Ha,No,
4654,GREEN GRAM,K-851,,6000 - 8000 Qt/Ha,No,
4655,SESAME (GINGELLY),T-78,,600 - 800 Qt/Ha,No,
4656,FINGER MILLET (RAGI),VL Mandua-324,,2047 - 2047 Qt/Ha,No,
4657,AMARANTHUS,PRA-2,,1500 - 2000 Qt/Ha,No,
4658,GREEN GRAM,KOPARGAON,,,No,
4659,GREEN GRAM,ML-1,,,No,
4660,GREEN GRAM,SUNAINA,,,No,
4661,GREEN GRAM,TYPE-44,,,No,
4662,GREEN GRAM,KONDAVEEDU (LGG-127),,,No,
4663,MAIZE (MAKKA),TYPE-41,,,No,
4664,GREEN GRAM,PUSA-7,,,No,
4665,GREEN GRAM,PANT MOONG-2,,8000 - 1000 Qt/Ha,No,
4666,GREEN GRAM,PANT MOONG-3,,1100 - 1100 Qt/Ha,No,
4667,GREEN GRAM,SUJATA,,800 - 1000 Qt/Ha,No,
4668,PEA (VEGETABLE),Azad Pea 3,,,No,
4669,GREEN GRAM,S-9,,9700 - 9700 Qt/Ha,No,
4670,GREEN GRAM,PDM-11,,,No,
4671,GREEN GRAM,AAU-34,,1000 - 1000 Qt/Ha,No,
4672,GREEN GRAM,BM-4,,950 - 1200 Qt/Ha,No,
4673,GREEN GRAM,ASHA,,1787 - 1787 Qt/Ha,No,
4674,GREEN GRAM,VARSHA,,,No,
4675,PADDY (DHAN),KALYANI-II (IET-10970),,2000 - 2500 Qt/Ha,No,
4676,GREEN GRAM,RMG-492,,750 - 925 Qt/Ha,No,
4677,GREEN GRAM,Malviya Janchetna (HUM-12),,1100 - 1200 Qt/Ha,No,
4678,GREEN GRAM,SML-832,PUNJAB,11 - 12 Qt/Ha,Yes,Early
4679,GREEN GRAM,Kamadeva(OUM-11-5),,552 - 1169 Qt/Ha,No,
4680,PADDY (DHAN),TARA (IET-9215),,4000 - 5000 Qt/Ha,No,
4681,TOMATO,Shalimar Tomato Hybrid-2,,,No,
4682,GREEN GRAM,PAU 911 (ML 1265),PUNJAB,12 - 12.5 Qt/Ha,Yes,Medium
4683,GREEN GRAM,IPM 02-3,"PUNJAB, HARYANA, RAJASTHAN, DELHI, UTTARAKHAND",10 - 11 Qt/Ha,Yes,Early
4684,GREEN GRAM,IPM 02-14,"TELANGANA, TAMIL NADU, ANDHRA PRADESH, KARNATAKA, ODISHA",10.5 - 11.5 Qt/Ha,Yes,Early
4685,PADDY (DHAN),CO-32,,,No,
4686,PADDY (DHAN),KARJAT-6,,,No,
4687,HORSE GRAM (KULTHI),ARJIA KULTHI-21 (AK-21),,,No,
4688,HORSE GRAM (KULTHI),DAPOLI-1,,9000 - 10000 Qt/Ha,No,
4689,HORSE GRAM (KULTHI),MARU KULTHI-1,,,No,
4690,PADDY (DHAN),TPS-1,,4400 - 6800 Qt/Ha,No,
4691,LENTIL (MASUR),VL MASOOR-4,,1250 - 1300 Qt/Ha,No,
4692,HORSE GRAM (KULTHI),Pratap Kulthi-2 (AK-53),,800 - 900 Qt/Ha,No,
4693,INDIAN BEAN (FIELD BEAN),ASPARAGUS RED,,,No,
4694,INDIAN BEAN (FIELD BEAN),BURPEES STRINGLESS,,,No,
4695,INDIAN BEAN (FIELD BEAN),CO-8,,4500 - 5000 Qt/Ha,No,
4696,INDIAN BEAN (FIELD BEAN),KONKAN BHUSHAN,,,No,
4697,INDIAN BEAN (FIELD BEAN),KALYANPUR T-2,,,No,
4698,PADDY (DHAN),IET-10222,,3500 - 4000 Qt/Ha,No,
4699,HORSE GRAM (KULTHI),Gujarat Dantiwada Horsegram-1 (GHG-5),"GUJARAT, JHARKHAND, UTTARAKHAND, UTTAR PRADESH, RAJASTHAN",5.5 - 5.75 Qt/Ha,Yes,Medium
4700,INDIAN BEAN (FIELD BEAN),Gujarat Rajma-1,,1832 - 1900 Qt/Ha,No,
4701,LENTIL (MASUR),SHERI DPL-62,,1727 - 1727 Qt/Ha,No,
4702,LENTIL (MASUR),JAWAHAR LENTIL-3 (SLC-6),,1300 - 1400 Qt/Ha,No,
4703,LENTIL (MASUR),NOORI (IPL-81),,1245 - 1245 Qt/Ha,No,
4704,LENTIL (MASUR),L-9-12,,,No,
4705,LENTIL (MASUR),PANT L-234,,,No,
4706,LENTIL (MASUR),PANT L-639,,,No,
4707,LENTIL (MASUR),MALIKA (K-75),,1000 - 1200 Qt/Ha,No,
4708,PADDY (DHAN),NEELGIRI,,,No,
4709,FENNEL,RF-143 (UF-143),,600 - 700 Qt/Ha,No,
4710,PADDY (DHAN),CR DHAN 303 (CR 2649-7)(IET 21589,"ODISHA, WEST BENGAL, CHHATTISGARH",40 - 45 Qt/Ha,Yes,Medium
4711,FRENCH BEAN (VEGETABLE),ARKA SUVIDHA (IIHR-909),,,No,
4712,LENTIL (MASUR),VL Masoor-507 (VL-507),"UTTARAKHAND, MANIPUR, JAMMU AND KASHMIR",12 - 13 Qt/Ha,Yes,Late
4713,WHEAT,"K PURVI (K-7410 ""SHEKHAR"")",,,No,
4714,FRENCH BEAN (VEGETABLE),Yercaud-1,,,No,
4715,MOTH BEAN,MARU VARDHAN (RMO-225),,600 - 650 Qt/Ha,No,
4716,PADDY (DHAN),RAJSHREE (TCA-80-4) (IET-7970),,3500 - 4000 Qt/Ha,No,
4717,PEAS,AZAD P. 3,,,No,
4718,PADDY (DHAN),ARB 6,KARNATAKA,40 - 50 Qt/Ha,Yes,Medium
4719,PEAS,KPMR-400 (INDRA),,2007 - 2007 Qt/Ha,No,
4720,PADDY (DHAN),JAL PRIYA,,3000 - 3500 Qt/Ha,No,
4721,FINGER MILLET (RAGI),SARADHA (CO-7),,,No,
4722,PEAS,ADARSH (IPF 99-25),,2311 - 2311 Qt/Ha,No,
4723,PEAS,GOMATI (TRCP-8),,2200 - 2400 Qt/Ha,No,
4724,COMMON MILLET (PROSO MILLET),CO-3,,1282 - 1282 Qt/Ha,No,
4725,PIGEON PEA (RED GRAM/ARHAR),MALVIYA VIKALP (MA-3),,2000 - 2200 Qt/Ha,No,
4726,PIGEON PEA (RED GRAM/ARHAR),HY-2,,,No,
4727,PIGEON PEA (RED GRAM/ARHAR),HY-4,,,No,
4728,ITALIAN MILLET (FOX TAIL MILLET),K.2,,,No,
4729,MAIZE (MAKKA),PUSA EARLY HYBRID MAKKA-3 (AH-58),,2900 - 2900 Qt/Ha,No,
4730,RAJMA (PULSES),PREMIER,,,No,
4731,PIGEON PEA (RED GRAM/ARHAR),PUSA-84,,,No,
4732,KODO MILLET,PSC-1,,,No,
4733,MAIZE (MAKKA),Sona,,,No,
4734,PIGEON PEA (RED GRAM/ARHAR),PUSA-855,,2000 - 2500 Qt/Ha,No,
4735,PEA (VEGETABLE),PERFECTION NEW LINE,,,No,
4736,PADDY (DHAN),MASSORIE,,,No,
4737,MAIZE (MAKKA),KH-5991,,6658 - 7149 Qt/Ha,No,
4738,PADDY (DHAN),MLR--9672,,,No,
4739,MAIZE (MAKKA),HQPM-7,,7163 - 7163 Qt/Ha,No,
4740,PADDY (DHAN),VIKAS,,,No,
4741,MAIZE (MAKKA),Vivek Maize Hybrid-25 (FH3248),,5000 - 5500 Qt/Ha,No,
4742,PADDY (DHAN),PR-108,,6625 - 6725 Qt/Ha,No,
4743,MAIZE (MAKKA),Bisco 555 (Bisco Ujala),,8356 - 8356 Qt/Ha,No,
4744,PIGEON PEA (RED GRAM/ARHAR),Malviya Vikash (MA-6),,2300 - 2800 Qt/Ha,No,
4745,MAIZE (MAKKA),Ganga Safed-2,,,No,
4746,MAIZE (MAKKA),Makki Safed-1,,,No,
4747,PIGEON PEA (RED GRAM/ARHAR),PKV TARA (TAT - 9629),,1920 - 1920 Qt/Ha,No,
4748,PADDY (DHAN),SNEHA (IET - 11482),,3550 - 3650 Qt/Ha,No,
4749,RAJMA (PULSES),AMBER (IIPR 96-4),,1455 - 1500 Qt/Ha,No,
4750,RAJMA (PULSES),CONTENDER,,,No,
4751,RAJMA (PULSES),CANADIAN RED,,,No,
4752,RAJMA (PULSES),HPR-35,,1484 - 1484 Qt/Ha,No,
4753,RAJMA (PULSES),Gujarat Rajmash-1 (DPR 88-1-2),,1832 - 1832 Qt/Ha,No,
4754,MAIZE (MAKKA),SMH-3904,,6403 - 9100 Qt/Ha,No,
4755,WINGED BEAN,AKWB-1,,7142 - 7542 Qt/Ha,No,
4756,GROUNDNUT,GG-16 (JSP-39),"TAMIL NADU, ANDHRA PRADESH, KERALA, MAHARASHTRA",2040 - 2060 Qt/Ha,Yes,Late
4757,CASTOR,TARAI-4,,,No,
4758,CASTOR,TYPE-3,,,No,
4759,CASTOR,RC-8,,,No,
4760,CASTOR,TMV-4,,1200 - 1800 Qt/Ha,No,
4761,CASTOR,GCH-4,,,No,
4762,LINSEED,PUSA-3 (LS-3),,,No,
4763,MAIZE (MAKKA),PMH 6 (JH 31292),"BIHAR, JHARKHAND, WEST BENGAL, ODISHA, UTTAR PRADESH, RAJASTHAN, GUJARAT, MADHYA PRADESH, CHHATTISGARH",20 - 24 Qt/Ha,Yes,Medium
4764,CASTOR,JWALA(48-1),,1100 - 1500 Qt/Ha,No,
4765,SAFFLOWER,PKV Pink (AKS 311),,,No,
4766,PEARL MILLET,HYBRID BAJRA NO.3,,,No,
4767,PEARL MILLET,MHB-110,,,No,
4768,GROUNDNUT,GG-14 (JSP-28),,,No,
4769,PEARL MILLET,PUSA 763,,,No,
4770,PEARL MILLET,MLBH-285 (MH-518),,2400 - 3200 Qt/Ha,No,
4771,PEARL MILLET,HYBRID BAJRA NO.4,,,No,
4772,PEARL MILLET,CSV-3 (370),,,No,
4773,PEARL MILLET,PUSA-46,,,No,
4774,PEARL MILLET,PUSA-23,,,No,
4775,PEARL MILLET,HHB-50,,,No,
4776,PEARL MILLET,RAJ-171,,1934 - 1934 Qt/Ha,No,
4777,PEARL MILLET,MH 322 (Pusa 322),,,No,
4778,GROUNDNUT,TG-26,,2425 - 2425 Qt/Ha,No,
4779,GROUNDNUT,M-522,,2234 - 2234 Qt/Ha,No,
4780,GROUNDNUT,KISSAN,,1206 - 2125 Qt/Ha,No,
4781,GROUNDNUT,MANJRA (LGN-2),,826 - 1511 Qt/Ha,No,
4782,SESAME (GINGELLY),RT-125,,,No,
4783,GROUNDNUT,KOPARGAON-1,,,No,
4784,GROUNDNUT,SPAINISH IMPROVED,,,No,
4785,GROUNDNUT,TMV-12,,,No,
4786,PADDY (DHAN),Lam Pnah-1 (RCPL 1-87-4),,,No,
4787,GROUNDNUT,JAWAN,,,No,
4788,GROUNDNUT,CO-2,,12700 - 13000 Qt/Ha,No,
4789,GROUNDNUT,TIRUPATI-2,,2300 - 2800 Qt/Ha,No,
4790,BARLEY,PD-103,,,No,
4791,GROUNDNUT,KONKAN GAURAV,,1800 - 2000 Qt/Ha,No,
4792,PEARL MILLET,BJ-104,,,No,
4793,PEARL MILLET,86M66 (MH1617),,3200 - 3400 Qt/Ha,No,
4794,GROUNDNUT,AMBAR (CSMG-84-1),,2500 - 3000 Qt/Ha,No,
4795,SESAME (GINGELLY),VINAYAK (SEL-14),,,No,
4796,SORGHUM,JS-20,,,No,
4797,SORGHUM,CSH 28 (NSH 54) (SPH 1647),,,No,
4798,GROUNDNUT,AK-265,"MAHARASHTRA, KARNATAKA, ANDHRA PRADESH, TAMIL NADU",1850 - 1900 Qt/Ha,Yes,Late
4799,GROUNDNUT,TLG-45,MAHARASHTRA,1400 - 1500 Qt/Ha,Yes,Late
4800,GROUNDNUT,Vasundhara(DH-101),"WEST BENGAL, ODISHA, JHARKHAND, ASSAM",2800 - 2900 Qt/Ha,Yes,Late
4801,FINGER MILLET (RAGI),CO-10,,,No,
4802,SORGHUM,CSV-14 (R) (SPV-839),,2000 - 5500 Qt/Ha,No,
4803,SORGHUM,K-9 (KOVILPATTI-9),,2718 - 2718 Qt/Ha,No,
4804,SORGHUM,CSH-11 (SPH-221) MR-750R,,,No,
4805,GROUNDNUT,GPBD 5,"JHARKHAND, MANIPUR",1500 - 1510 Qt/Ha,Yes,Medium
4806,GROUNDNUT,Kadiri Harithandhra (K 1319),"KARNATAKA, MAHARASHTRA",3700 - 3720 Qt/Ha,Yes,Late
4807,PADDY (DHAN),NARENDRA DHAN-97,,2500 - 3000 Qt/Ha,No,
4808,SESAME (GINGELLY),Rajasthan Til 351 (RT 351),,629 - 629 Qt/Ha,No,
4809,SORGHUM,Wani 11/6 (PKV Ashwini),MAHARASHTRA,40 - 42 Qt/Ha,Yes,Early
4810,GROUNDNUT,Raj Mungfali-1 (RG-510),"RAJASTHAN, PUNJAB",2550 - 2558 Qt/Ha,Yes,Late
4811,PIGEON PEA (RED GRAM/ARHAR),CORG-9701,"TAMIL NADU, TELANGANA",11.01 - 11.7 Qt/Ha,Yes,Early
4812,WHEAT,K-65,,,No,
4813,BLACK GRAM,JAWAHAR URID-3,,700 - 1500 Qt/Ha,No,
4814,GROUNDNUT,Dharani (TCGS 1043),ANDHRA PRADESH,1887 - 2666 Qt/Ha,Yes,Medium
4815,INDIAN MUSTARD,KIRAN (PBC-9221),,2350 - 2350 Qt/Ha,No,
4816,INDIAN MUSTARD,VAIBHAV (RK-1418),,1300 - 1500 Qt/Ha,No,
4817,INDIAN MUSTARD,Vasundhra (RH 9304),,2000 - 2200 Qt/Ha,No,
4818,YARD LONG BEAN,Konkan Wali (DPL VS-20),,,No,
4819,SUNFLOWER,TCSH - 1 (RHA 272 R),,,No,
4820,SUNFLOWER,RSFV-901 (Kanthi),,,No,
4821,BENGAL GRAM (CHICK PEA),GORA HISSARI,,2000 - 2500 Qt/Ha,No,
4822,COWPEA (PULSES),Pant lobia-4 (PGCP-14) (Pant grain Cowpea-14),,,No,
4823,NIGER (RAMTIL),Phule Kusuma (JLSF-414),,,No,
4824,INDIAN MUSTARD,NRCYS-05-02,,1439 - 1439 Qt/Ha,No,
4825,SOYBEAN,VL-SOYA-1,"UTTARAKHAND, HIMACHAL PRADESH",20 - 25 Qt/Ha,Yes,Early
4826,INDIAN MUSTARD,DRMR 601 (NRCDR 601),,2317 - 2317 Qt/Ha,No,
4827,GREEN GRAM,PUSA-9072,,,No,
4828,INDIAN MUSTARD,Pusa Mustard 28 (NPJ-124),,1993 - 1993 Qt/Ha,No,
4829,MOTH BEAN,Jawala,,,No,
4830,SOYBEAN,PK-308,"DELHI, HARYANA, PUNJAB",20 - 23 Qt/Ha,Yes,Medium
4831,SOYBEAN,Jawahar Soybean 95-60(JS 95-60),MADHYA PRADESH,18 - 20 Qt/Ha,Yes,Early
4832,MOTH BEAN,RMB-25(RMO-2004),"RAJASTHAN, DELHI, HARYANA, UTTARAKHAND, UTTAR PRADESH",6 - 7 Qt/Ha,Yes,Early
4833,SOYBEAN,SL 525,"PUNJAB, DELHI, HARYANA",23 - 27 Qt/Ha,Yes,Medium
4834,RAJMA (PULSES),UDAY (PDR-14),,,No,
4835,SAFFLOWER,NARI-6,,1024 - 1100 Qt/Ha,No,
4836,GROUNDNUT,VRI-1,,1590 - 1590 Qt/Ha,No,
4837,SAFFLOWER,NARI-NH-1 (PH-6),,1900 - 2000 Qt/Ha,No,
4838,PEAS,P-35,,,No,
4839,INDIAN MUSTARD,NAV GOLD (YRN-6),,1418 - 1418 Qt/Ha,No,
4840,INDIAN MUSTARD,PUSA ADITYA (NPC-9),,,No,
4841,SAFFLOWER,NARI-H-15,,2201 - 2301 Qt/Ha,No,
4842,SAFFLOWER,Phule Kusum (JLSF-414),,1200 - 2200 Qt/Ha,No,
4843,SAFFLOWER,ANNIGERE-1,,,No,
4844,PEAS,JAWAHAR MATAR-3,,,No,
4845,BARLEY,BH-75,,3800 - 4000 Qt/Ha,No,
4846,AMARANTHUS,Rajasthan Mandor Amarnath 7 (RMA 7),,,No,
4847,GROUNDNUT,SMRUTI (DG-52-1),,1982 - 3620 Qt/Ha,No,
4848,GROUNDNUT,JL-501,"GUJARAT, RAJASTHAN",1650 - 1665 Qt/Ha,Yes,Medium
4849,SOYBEAN,CLARK-63,,,No,
4850,COWPEA (VEGETABLE),PUSA BARSATI,,,No,
4851,COMMON MILLET (PROSO MILLET),PRATAP CHENNA-1(PR-18),,,No,
4852,SOYBEAN,MACS-13,MAHARASHTRA,20 - 30 Qt/Ha,Yes,Early
4853,INDIAN MUSTARD,PUSA AGRANI (SEJ-2),,,No,
4854,INDIAN MUSTARD,NRCHB 506,,2239 - 2239 Qt/Ha,No,
4855,PADDY (DHAN),DRR Dhan-40 (IET 21542)(RP Bio 4918-248-S),,,No,
4856,SOYBEAN,MACS-57,MAHARASHTRA,20 - 25 Qt/Ha,Yes,Early
4857,WHEAT,HD 3090 (Pusa Amulya),,,No,
4858,FRENCH BEAN (VEGETABLE),VL Bean-2,UTTARAKHAND,109 - 111 Qt/Ha,Yes,Early
4859,SWEET POTATO,CO-3,,28000 - 30000 Qt/Ha,No,
4860,PEA (VEGETABLE),Arkel,,,No,
4861,PADDY (DHAN),CR Dhan 304 (IET 22117),"JHARKHAND, MAHARASHTRA, ANDHRA PRADESH",48 - 50 Qt/Ha,Yes,Medium
4862,WHEAT,DBW 88,,,No,
4863,MAIZE (MAKKA),P 1864 (X8F984),,,No,
4864,SWEET POTATO,RAJENDRA SAKARKAND-5 (X-5),,24000 - 28000 Qt/Ha,No,
4865,FINGER MILLET (RAGI),PES-110,,2470 - 2470 Qt/Ha,No,
4866,BENGAL GRAM (CHICK PEA),PBG7 (GL 26054),,,No,
4867,FINGER MILLET (RAGI),RAU-8,,2200 - 2500 Qt/Ha,No,
4868,FINGER MILLET (RAGI),KM-13,,2000 - 3000 Qt/Ha,No,
4869,SAFFLOWER,DSH-129,,1989 - 2000 Qt/Ha,No,
4870,INDIAN MUSTARD,BINEY (B-9),,,No,
4871,SESAME (GINGELLY),Nirmala (OS-Sel-164),,900 - 1100 Qt/Ha,No,
4872,INDIAN MUSTARD,PUSA JAIKISSAN (BOI-902),,1900 - 2500 Qt/Ha,No,
4873,INDIAN MUSTARD,NRCHB 101,KARNATAKA,9 - 11 Qt/Ha,Yes,Medium
4874,PADDY (DHAN),Arize Dhani,,,No,
4875,MAIZE (MAKKA),HYBRID MAIZE GANGA-3,,,No,
4876,NIGER (RAMTIL),RCR-317,,321 - 321 Qt/Ha,No,
4877,SUNFLOWER,PARA-DOVIK (EC-68414),,,No,
4878,SOYBEAN,PUNJAB SOYBEAN NO. 1,"DELHI, HARYANA, HIMACHAL PRADESH, PUNJAB",20 - 25 Qt/Ha,Yes,Early
4879,SOYBEAN,SL 744,PUNJAB,18 - 21 Qt/Ha,Yes,Late
4880,SOYBEAN,Pratap Soya-2 (RKS-18),"MAHARASHTRA, RAJASTHAN, ANDHRA PRADESH",23.3 - 24 Qt/Ha,Yes,Early
4881,MAIZE (MAKKA),DECCAN-103 (EH-40175),,,No,
4882,MAIZE (MAKKA),CHANDAN SAFED MAKKA-2,,,No,
4883,SUNFLOWER,SS-56,,1000 - 1500 Qt/Ha,No,
4884,MAIZE (MAKKA),COMPOSITE HEMANT,,7000 - 8000 Qt/Ha,No,
4885,MAIZE (MAKKA),NLD WHITE,,6500 - 7000 Qt/Ha,No,
4886,SUNFLOWER,MLSFH-47 (AH-11-34),,2200 - 2500 Qt/Ha,No,
4887,WHEAT,NACS 2846,,,No,
4888,SUNFLOWER,PROSUN-09 (PRO-009),,1800 - 1800 Qt/Ha,No,
4889,SUNFLOWER,TCSH - 1 (CMS 234 A),,,No,
4890,SUNFLOWER,TCSH - 1 (CMS 234 B),,,No,
4891,TORIA,PANCHALI (TWC-3),,1400 - 1500 Qt/Ha,No,
4892,SESAME (GINGELLY),E-8,,500 - 500 Qt/Ha,No,
4893,COCONUT,Kera Bastar (IND-004S)(CCS-10),,,No,
4894,SAFFLOWER,JAWAHAR SAFFLOWER-1,,450 - 500 Qt/Ha,No,
4895,MAIZE (MAKKA),PRO-303 (3461),,4500 - 5000 Qt/Ha,No,
4896,COWPEA (VEGETABLE),PKB 6,,,No,
4897,WHEAT,PUSA VATSALA (HD 3118),"BIHAR, UTTAR PRADESH, ODISHA, WEST BENGAL, JHARKHAND, ASSAM",40 - 50 Qt/Ha,Yes,Late
4898,COTTON,LK-861,,2500 - 2500 Qt/Ha,No,
4899,COTTON,FATEH AMERICAN COTTON,,3013 - 3013 Qt/Ha,No,
4900,COTTON,NH-452,,600 - 1050 Qt/Ha,No,
4901,SORGHUM,CSH-13,,,No,
4902,POTATO,Kufri Gaurav (JX 576),,,No,
4903,SOYBEAN,PK-564,"PUNJAB, UTTARAKHAND, HARYANA, DELHI",25 - 35 Qt/Ha,Yes,Medium
4904,COTTON,JAWAHAR KAPAS-3,,1000 - 1000 Qt/Ha,No,
4905,COTTON,CICR HH-1 (KIRTI),,1000 - 1500 Qt/Ha,No,
4906,SUNFLOWER,EC-68415,,,No,
4907,SUNFLOWER,RUMSUN RECORD,,,No,
4908,COTTON,Gujarat Cotton-23 (GBhv-179),,1965 - 1965 Qt/Ha,No,
4909,COTTON,Navinya-6 (NACH-6),,1700 - 1800 Qt/Ha,No,
4910,MAIZE (MAKKA),HQPM-7 (HKI 193-1 (F)),,,No,
4911,MAIZE (MAKKA),HM-10 (HKH-1200)(HKI 193-2 (F)),,,No,
4912,MAIZE (MAKKA),HM-10 (HKH-1200)(HKI 1128 (M)),,,No,
4913,FRENCH BEAN (VEGETABLE),Arun (IPR 98-3-1),,1871 - 1871 Qt/Ha,No,
4914,COTTON,CICR-1 (CISA-310),,2700 - 2700 Qt/Ha,No,
4915,COTTON,CCH 2623,,,No,
4916,INDIAN MUSTARD,GM-3 (Gujarat Mustard-3),GUJARAT,22 - 24 Qt/Ha,Yes,Medium
4917,TOSSA JUTE,RESHMA (UPC-94),,,No,
4918,TOSSA JUTE,PADMA (HYB. C),,,No,
4919,TOSSA JUTE,KOM-62 (REVATI),,4175 - 4175 Qt/Ha,No,
4920,COTTON,TM-1312,,1990 - 1990 Qt/Ha,No,
4921,COTTON,DIGVIJAY,,,No,
4922,HS MESTA,Shakti (JBM-81),,,No,
4923,BERSEEM (EGYPTIAN CLOVER),Jawahar Berseem 5 (JB-5),,,No,
4924,BERSEEM (EGYPTIAN CLOVER),Jawahar Berseem-5 (JB-5),"RAJASTHAN, PUNJAB, HARYANA, UTTARAKHAND",4 - 4.5 Qt/Ha,Yes,Medium
4925,BAJRA NAPIER HYBRID,Phule Jaywant (RBN-13),,,No,
4926,BERSEEM (EGYPTIAN CLOVER),BARSEEM,,,No,
4927,CARROT,PUSA YAMDAGNI,,25000 - 30000 Qt/Ha,No,
4928,CARROT,NANTESE.,,,No,
4929,GUAR (CLUSTER BEAN),GUJARAT GUAR-1 (GAUG-34),,1000 - 1300 Qt/Ha,No,
4930,GUAR (CLUSTER BEAN),BUNDEL GUAR-1 (IGFRI-212-1),,1200 - 1300 Qt/Ha,No,
4931,COTTON,LUDHIANA DESI-327,,,No,
4932,GUINEA GRASS,PGG-9,,35000 - 55000 Qt/Ha,No,
4933,GUINEA GRASS,PGG-14,,92000 - 93000 Qt/Ha,No,
4934,COTTON,NHB-12,,507 - 1035 Qt/Ha,No,
4935,LUCERNE (ALFALFA),SIRSA TYPE-9,,,No,
4936,LUCERNE (ALFALFA),LUCERNE (AS A KIND),,,No,
4937,LUCERNE (ALFALFA),SIRSA-8,,,No,
4938,SUGARCANE (NOBLE CANE),Uttara (Co 87044),,,No,
4939,OAT,Bundel Jai 991 (JHO 99-1),,50000 - 55000 Qt/Ha,No,
4940,OAT,Bundel Jai 992 (JHO 99-2),,50000 - 55000 Qt/Ha,No,
4941,TAPIOCA (CASSAVA),SREE HARSHA,,,No,
4942,RICE BEAN (RED BEAN),PRR-2 (PRR-8901),,15000 - 17500 Qt/Ha,No,
4943,TALL FESCUE GRASS,EC 178182,,250 - 300 Qt/Ha,No,
4944,AFRICAN SARSON,PC-5,,,No,
4945,DHARAF GRASS (GORIS/CURIA),Bundel Dhawalu ghas-1 (IGS 9903),,35000 - 55000 Qt/Ha,No,
4946,TOSSA JUTE,TJ-40,,,No,
4947,FRENCH BEAN (VEGETABLE),Contender,,,No,
4948,Bajra (Fodder),TSFB 15-5,,,No,
4949,COWPEA (FODDER),UPC 628,,,No,
4950,COTTON,AJANTA (DB-3-12),,,No,
4951,HS MESTA,Sampurna (CRIJAFR 8),,,No,
4952,SUGARCANE (NOBLE CANE),COSI (SC) 6,,15450+ Qt/Ha,No,
4953,PADDY (DHAN),SEBATI (IET-11786),,,No,
4954,SUGARCANE (NOBLE CANE),PRAMOD (B.O. 128),,,No,
4955,PEARL MILLET,MSH-104,,,No,
4956,PEARL MILLET,HYBRID BAJRA NO.1,,,No,
4957,COWPEA (FODDER),Bundel lobiya - 4 (IL-1177),"ARUNACHAL PRADESH, MEGHALAYA, NAGALAND, SIKKIM, MIZORAM, MANIPUR, ASSAM",268.1 - 302.1 Qt/Ha,Yes,Medium
4958,PEARL MILLET,HYBRID BAJRA NO.2,,,No,
4959,PEARL MILLET,NHB-5,,,No,
4960,GUAR (CLUSTER BEAN),FS-277,,,No,
4961,PEARL MILLET,CS-3541,,,No,
4962,COTTON,F-1054,,2675 - 2675 Qt/Ha,No,
4963,OAT,FOS-1/29,,,No,
4964,Sorghum (fodder),GUJARAT JOWAR 43 (GJ 43) DS 127,GUJARAT,27 - 28 Qt/Ha,Yes,Medium
4965,COTTON,NHH-390,,2039 - 2039 Qt/Ha,No,
4966,SUGARCANE (NOBLE CANE),CoVSI-9805,,,No,
4967,TAPIOCA (CASSAVA),SREE SAHYA (H-2304),,,No,
4968,GRAIN AMARANTHUS,RMA-4 (Rajssthan Mandor Amarnath-4),,1390 - 1390 Qt/Ha,No,
4969,TOBACCO,C-304,,,No,
4970,GARLIC,Godawari (Sel. 2),,10000 - 10500 Qt/Ha,No,
4971,BOTTLE GOURD,Arka Bahar,,40000 - 45000 Qt/Ha,No,
4972,ONION,Bhima Shweta (NRCWO-2/White Elite Composite Selection),"ANDHRA PRADESH, BIHAR, CHHATTISGARH, GUJARAT, DELHI, HARYANA, KARNATAKA, MADHYA PRADESH, MAHARASHTRA, ODISHA, PUNJAB, UTTAR PRADESH",260 - 300 Qt/Ha,No,Medium
4973,CAPSICUM,BULL NOSE,,,No,
4974,BRINJAL,KALYANPUR T-3,,,No,
4975,BRINJAL,PUSA PURPLE LONG.,,,No,
4976,BRINJAL,R-34,,,No,
4977,PEARL MILLET,Kaveri Super Boss (MH 1553),,,No,
4978,BRINJAL,PUSA PURPLE ROUND.,,,No,
4979,SORGHUM,CSV-20 (SPV-1616),,,No,
4980,CHILLIES,MUSALWADI,,1200 - 1500 Qt/Ha,No,
4981,MAIZE (MAKKA),Pusa Composite-4(Composite-8551),,4495 - 4495 Qt/Ha,No,
4982,MAIZE (MAKKA),Shalimar kG Maize-2,,3500 - 4000 Qt/Ha,No,
4983,MAIZE (MAKKA),HM-4,,8384 - 8384 Qt/Ha,No,
4984,MAIZE (MAKKA),HM-5,,7595 - 7595 Qt/Ha,No,
4985,COTTON,H 1236,,,No,
4986,CARROT,No. 29,,,No,
4987,TOMATO,TH 802,,,No,
4988,TOMATO,PUSA GAURAV,,25000 - 40000 Qt/Ha,No,
4989,SORGHUM,HYBRID RSH-1,,,No,
4990,PEA (VEGETABLE),Kashi Samridhi (VRPMR-11),,,No,
4991,MAIZE (MAKKA),Vivek Sankul Makka-31(VL-103),,4000 - 4500 Qt/Ha,No,
4992,RADISH,KALIYANOUR NO.1,,,No,
4993,RADISH,CO-1,,,No,
4994,PADDY (DHAN),URBASHI,,4000 - 4000 Qt/Ha,No,
4995,PADDY (DHAN),BIRUPA,,4000 - 4000 Qt/Ha,No,
4996,SUGAR BEET,PANT S-10,,7250 - 8250 Qt/Ha,No,
4997,GARLIC,HG-17,,,No,
4998,MAIZE (MAKKA),Sharadmani,,4500 - 4500 Qt/Ha,No,
4999,PADDY (DHAN),PUSA-834,,5000 - 5000 Qt/Ha,No,
5000,PADDY (DHAN),KHANIKA,,,No,
5001,PEA (VEGETABLE),Narendra Sabzi Matar-6 (NDVP-12),"PUNJAB, BIHAR, UTTAR PRADESH",75 - 80 Qt/Ha,Yes,Early
5002,SORGHUM,CSH-4 (PSH-2),,,No,
5003,SORGHUM,CSHH-3,,,No,
5004,PADDY (DHAN),27P52 (IET 21433),,700 - 800 Qt/Ha,No,
5005,MAIZE (MAKKA),NAH-2049,,8000 - 9000 Qt/Ha,No,
5006,GRAIN AMARANTHUS,Gujarat Amaranth-2 (GA-2),,,No,
5007,NIGER (RAMTIL),OOTACMUND,,500 - 500 Qt/Ha,No,
5008,GARLIC,Agrifound Parvati 2(G-408),,,No,
5009,MAIZE (MAKKA),BH-40625 (DHM-117),,7500 - 8000 Qt/Ha,No,
5010,POMEGRANATE,Phule Arakta (11/3) (303),,,No,
5011,Apple,Shalimar Apple-1,,,No,
5012,CAPSICUM,CALIFORNIA WONDER,,,No,
5013,BRINJAL,JC-1,,,No,
5014,BHINDI (OKRA),Kashi Kranti (VRO-22),,,No,
5015,TOMATO,Pusa Hybrid-4 (DTH-4),,,No,
5016,TOMATO,Punjab Selection No.12,,,No,
5017,COCONUT,Kalpatharu (IND 125S),,,No,
5018,SOYBEAN,SL-688,"PUNJAB, HARYANA, DELHI, UTTAR PRADESH",24 - 25 Qt/Ha,Yes,Medium
5019,FRENCH BEAN (VEGETABLE),Swarna Lata (CH-819),"JHARKHAND, JAMMU AND KASHMIR, HIMACHAL PRADESH, UTTARAKHAND",120 - 140 Qt/Ha,Yes,Medium
5020,GARLIC,Phule Baswant (P.B-Sel.2),MAHARASHTRA,120 - 130 Qt/Ha,Yes,Medium
5021,SUNFLOWER,KBSH-1,,1500 - 1500 Qt/Ha,No,
5022,BRINJAL,KKM-1 (KSM-107),,,No,
5023,SUNFLOWER,PAC 334,,1786 - 1786 Qt/Ha,No,
5024,SUNFLOWER,PAC-8699,,,No,
5025,TORIA,IMPROVED SELECTION-1,,,No,
5026,TORIA,PT-303,,900 - 1100 Qt/Ha,No,
5027,TORIA,T-9,,,No,
5028,BROWN SARSON,Brown Sarson Haryana-1 (BSH 1),,,No,
5029,BROWN SARSON,Pusa Kalyani (PN-15-5/19),,,No,
5030,BANYARD MILLET,VL Madira 207,,1619 - 1619 Qt/Ha,No,
5031,MAIZE (MAKKA),BH-1620 (DHM-113),,6500 - 7000 Qt/Ha,No,
5032,WHEAT,DBW 93,"MAHARASHTRA, KARNATAKA",38 - 442 Qt/Ha,Yes,Medium
5033,CHILLIES,PUNJAB LAL,,,No,
5034,CHILLIES,PUNJAB SURKH (ELS-2),,,No,
5035,COTTON,G.COT. HYBRID-10 (GHH-662),,1420 - 1828 Qt/Ha,No,
5036,CHILLIES,Gujarat Anand Vegetable Chilli Hybrid-1 (GAVCH-1),GUJARAT,148+ Qt/Ha,Yes,Early
5037,CHILLIES,NCH- 587,,,No,
5038,BLACK GRAM,ADT-4,,800 - 1000 Qt/Ha,No,
5039,SESAME (GINGELLY),TC-289,,600 - 600 Qt/Ha,No,
5040,COTTON,HS-6,,2163 - 2163 Qt/Ha,No,
5041,MAIZE (MAKKA),KMH-22168,,7173 - 9558 Qt/Ha,No,
5042,MAIZE (MAKKA),BH-1576 (DHM-111),,6500 - 7000 Qt/Ha,No,
5043,COTTON,Suraj(CCH 510-4),,2500 - 2500 Qt/Ha,No,
5044,BLACK GRAM,Vallabh Urd - 1,UTTAR PRADESH,10 - 11 Qt/Ha,Yes,Medium
5045,MAIZE (MAKKA),Pratap Hybrid Maize-1 (EH-50802),,3800 - 6300 Qt/Ha,No,
5046,BENGAL GRAM (CHICK PEA),GUJARAT GRAM-4 (GCP-105),,1512 - 1716 Qt/Ha,No,
5047,BERSEEM (EGYPTIAN CLOVER),BL-22,,60000 - 70000 Qt/Ha,No,
5048,GUAR (CLUSTER BEAN),HG-258,,500 - 600 Qt/Ha,No,
5049,BARLEY,DWRB 73,"PUNJAB, HARYANA, RAJASTHAN, UTTAR PRADESH",38.7 - 53.18 Qt/Ha,Yes,Late
5050,NAPIER GRASS (ELEPHANT GRASS),HY-3-NAPIER (SWETIKA-1),,,No,
5051,BIRDWOOD GRASS,MARWAR DHAMAN (CAZRI-76),,4000 - 4000 Qt/Ha,No,
5052,NAPIER GRASS (ELEPHANT GRASS),Phule Jaywant(RBN-13),,23000 - 24000 Qt/Ha,No,
5053,NAPIER GRASS (ELEPHANT GRASS),Napier Grass Culture-21,,,No,
5054,SUDAN GRASS,SWEET SUDAN GRASS (59-3),,,No,
5055,Sorghum (fodder),Gujarat Fooder Sorghum-5,,,No,
5056,Sorghum (fodder),Punjab Sudax Chari 4 (PSC4),,,No,
5057,POTATO,KUFRI ANAND (MS/82-717),,,No,
5058,BENGAL GRAM (CHICK PEA),H-208,,,No,
5059,RADISH,WHITE ICICLE,,,No,
5060,RADISH,RADISH (KIND),,,No,
5061,SUGARCANE (NOBLE CANE),Cose - 96434 (Jalpari),,,No,
5062,GARLIC,GHC-1,,,No,
5063,GARLIC,YAMUNA  SAFED-3,,,No,
5064,ONION,PUSA MADHVI,,30000 - 35000 Qt/Ha,No,
5065,MAIZE (MAKKA),YM-9905 (PKVM-SHATAK),,,No,
5066,MAIZE (MAKKA),K-1 (KOVILPATTI-1),,,No,
5067,PADDY (DHAN),BIRSA GORA-102,,4000 - 5000 Qt/Ha,No,
5068,PEARL MILLET,CO 9,TAMIL NADU,27.07 - 27.07 Qt/Ha,Yes,Medium
5069,PADDY (DHAN),CR DHAN 701 (IET 20852) (CRHR 32),,5000 - 5000 Qt/Ha,No,
5070,ROCKET SALAD (TARAMIRA),Narendra Tara (RTM-2002),,1200 - 1400 Qt/Ha,No,
5071,MAIZE (MAKKA),COH (M) 5,,4280 - 5396 Qt/Ha,No,
5072,BENGAL GRAM (CHICK PEA),PDG-4,,1900 - 2100 Qt/Ha,No,
5073,ROCKET SALAD (TARAMIRA),Vallabh Taramira-2 (PUT 93-1),,1000 - 1100 Qt/Ha,No,
5074,SESAME (GINGELLY),Prachi (ORM-17),,800 - 1200 Qt/Ha,No,
5075,SESAME (GINGELLY),GUJARAT TIL-2,,790 - 790 Qt/Ha,No,
5076,SESAME (GINGELLY),JTS-8,,629 - 629 Qt/Ha,No,
5077,SESAME (GINGELLY),RT-54,,580 - 850 Qt/Ha,No,
5078,SESAME (GINGELLY),JAWAHAR TIL PKDS-11(VENKET),,680 - 739 Qt/Ha,No,
5079,SESAME (GINGELLY),Pragati (MT-75),,578 - 578 Qt/Ha,No,
5080,PEARL MILLET,S-530,,,No,
5081,SESAME (GINGELLY),Rajasthan Til -346 (RT 346),,733 - 733 Qt/Ha,No,
5082,PADDY (DHAN),CR DHAN 500 (IET 20220),,3300 - 4000 Qt/Ha,No,
5083,MAIZE (MAKKA),CO 6.,,,No,
5084,MAIZE (MAKKA),Amber Composite,,,No,
5085,WHEAT,SURBHI (HPW 89),,3000 - 3500 Qt/Ha,No,
5086,SOYBEAN,VL SOYA-21,UTTARAKHAND,20 - 25 Qt/Ha,Yes,Medium
5087,MAIZE (MAKKA),D2244 (DAS-MH-501),,,No,
5088,MAIZE (MAKKA),DHM-117.,,,No,
5089,MAIZE (MAKKA),Vijay Composite,,,No,
5090,LITTLE MILLET,CO-3,,1066 - 1066 Qt/Ha,No,
5091,FENUGREEK,CO-1,,1500 - 2000 Qt/Ha,No,
5092,WHEAT,UP-2003,,,No,
5093,LITTLE MILLET,PAIYUR-2,,744 - 800 Qt/Ha,No,
5094,MAIZE (MAKKA),BIO 9782 (BIO 237),"BIHAR, UTTAR PRADESH, JHARKHAND, ODISHA, WEST BENGAL, RAJASTHAN, GUJARAT, CHHATTISGARH, MADHYA PRADESH",35 - 50 Qt/Ha,Yes,Late
5095,PEARL MILLET,PSB-8,,,No,
5096,LITTLE MILLET,K-1,,,No,
5097,PEARL MILLET,CO-6,,,No,
5098,LITTLE MILLET,CO (Samai)4,,1567 - 5783 Qt/Ha,No,
5099,PEARL MILLET,HHB-94,,2500 - 2600 Qt/Ha,No,
5100,PEARL MILLET,NAGARJUNA,,,No,
5101,PEARL MILLET,ANANTA (APS-1),,2843 - 4300 Qt/Ha,No,
5102,PEARL MILLET,"SABURI (MH-483, RHRBH-8924)",,2800 - 3200 Qt/Ha,No,
5103,PEARL MILLET,X-6 (MH-140),,2300 - 3260 Qt/Ha,No,
5104,PEARL MILLET,RBH-30,,1700 - 2200 Qt/Ha,No,
5105,PEARL MILLET,GHB-183,,5239 - 9303 Qt/Ha,No,
5106,PEARL MILLET,COH (Cu) 8,,2841 - 3682 Qt/Ha,No,
5107,PEARL MILLET,HARYANA COMPOSITE-10,,1758 - 1858 Qt/Ha,No,
5108,PEARL MILLET,CoCu-9,TAMIL NADU,23.54 - 23.54 Qt/Ha,Yes,Late
5109,PEARL MILLET,PROAGRO 9444 (MSH-118),,,No,
5110,PEARL MILLET,RHB-90 (MH-463),,2200 - 2400 Qt/Ha,No,
5111,PEARL MILLET,VISAKHA,,,No,
5112,PEARL MILLET,AIMP-92901 (SAMRUDHI-MP-282),,3700 - 4000 Qt/Ha,No,
5113,PADDY (DHAN),IGKVR-1 (IET 19569),,5100 - 5200 Qt/Ha,No,
5114,PEARL MILLET,PHB-47,,3405 - 3405 Qt/Ha,No,
5115,PEARL MILLET,RCB-2,,1900 - 1900 Qt/Ha,No,
5116,PEARL MILLET,HHB-45,,,No,
5117,PEARL MILLET,PCB-15,,6400 - 6400 Qt/Ha,No,
5118,PEARL MILLET,VIJAY,,,No,
5119,SWEET POTATO,V.L. SAKARKAND-6,,,No,
5120,KNOL-KHOL,WHITE VIENNA,,,No,
5121,PEARL MILLET,PKV-Raj (BBH 3),,2632 - 2859 Qt/Ha,No,
5122,PEARL MILLET,JBV-4 (MP-403),MADHYA PRADESH,24.3 - 24.3 Qt/Ha,Yes,Medium
5123,PEARL MILLET,PCB 164,PUNJAB,24.37 - 24.37 Qt/Ha,Yes,Medium
5124,PEARL MILLET,ABPC4-3 (MP 484),MAHARASHTRA,27 - 27 Qt/Ha,Yes,Late
5125,PEARL MILLET,86M88 (MH-1816),"ANDHRA PRADESH, KARNATAKA, TAMIL NADU, MAHARASHTRA",4 - 5 Qt/Ha,Yes,Medium
5126,SORGHUM,DSV-4,,4000 - 4200 Qt/Ha,No,
5127,SORGHUM,KOVILPATTI TALL,,2500 - 6000 Qt/Ha,No,
5128,SORGHUM,SELECTION-3,,500 - 600 Qt/Ha,No,
5129,SORGHUM,APK-1,,,No,
5130,SORGHUM,DSV-5 (GRS-1),,2500 - 2700 Qt/Ha,No,
5131,SORGHUM,PANT CHARI-4,,1000 - 1500 Qt/Ha,No,
5132,SORGHUM,HARYANA CHARI,,,No,
5133,SORGHUM,CO-27,,40000 - 45000 Qt/Ha,No,
5134,SORGHUM,PALEM SORGHUM HYBRID-1,,,No,
5135,SORGHUM,GJ-41,,,No,
5136,SORGHUM,JAWAHAR JOWAR-1041,,3200 - 3500 Qt/Ha,No,
5137,KNOL-KHOL,Pusa Virat,,,No,
5138,SORGHUM,NANDYAL TELLA JONNA-3 (NTJ-3),,4289 - 10285 Qt/Ha,No,
5139,SORGHUM,MAHABEEJ-7 (SPH-981),,4600 - 4600 Qt/Ha,No,
5140,SORGHUM,RSLG-262 (MAULEE),,900 - 2500 Qt/Ha,No,
5141,SORGHUM,"PARBHANI SWETA (PVK-801, SPV-1333)",,3500 - 4000 Qt/Ha,No,
5142,SORGHUM,CO (S)-28,,2493 - 2568 Qt/Ha,No,
5143,SORGHUM,SPH 840,,4152 - 11703 Qt/Ha,No,
5144,SORGHUM,COH-3,,30000 - 60000 Qt/Ha,No,
5145,SORGHUM,BSR-1,,2500 - 6500 Qt/Ha,No,
5146,SORGHUM,SPV-245,,3800 - 4000 Qt/Ha,No,
5147,SORGHUM,GUJARATI JAWAHAR-108,,,No,
5148,SORGHUM,PAIYUR-2,,2113 - 2513 Qt/Ha,No,
5149,SORGHUM,VIDISHA-60-1,,,No,
5150,SORGHUM,JAWAHAR CHARI-69,,,No,
5151,SORGHUM,K-6,,,No,
5152,SORGHUM,K-7,,,No,
5153,SORGHUM,SB-1079,,,No,
5154,SORGHUM,M-35-1,,2000 - 2500 Qt/Ha,No,
5155,SORGHUM,GUJARAT JOWAR-9,,1500 - 1800 Qt/Ha,No,
5156,SORGHUM,SPV-96,,2000 - 2000 Qt/Ha,No,
5157,SORGHUM,SPV-297,,,No,
5158,SORGHUM,VARSHA,,,No,
5159,SORGHUM,SB-1066,,,No,
5160,SORGHUM,CO-21,,2000 - 4200 Qt/Ha,No,
5161,SORGHUM,GAJARAT JOWAR-36,,2500 - 3000 Qt/Ha,No,
5162,PEA (VEGETABLE),Azad P-5,,9000 - 10000 Qt/Ha,No,
5163,MAIZE (MAKKA),Sheetal,,2000 - 2500 Qt/Ha,No,
5164,SUGARCANE (NOBLE CANE),CoOr 03151,,,No,
5165,SORGHUM,CO-25,,2800 - 3000 Qt/Ha,No,
5166,SORGHUM,GUJARAT SORGHUM HY-1,,,No,
5167,SORGHUM,GUJARAT SORGHUM-35,,,No,
5168,SORGHUM,Haryana Jowar -513 (S-513),,,No,
5169,SORGHUM,RSH-1,,,No,
5170,SORGHUM,DSV 6,KARNATAKA,35 - 40 Qt/Ha,Yes,Medium
5171,SORGHUM,AKSSV-22,MAHARASHTRA,13.5 - 13.8 Qt/Ha,Yes,Medium
5172,SORGHUM,Pratap Jawar-1430 (SPV-1430),,3500 - 4000 Qt/Ha,No,
5173,SORGHUM,K-11,,1036 - 1560 Qt/Ha,No,
5174,SORGHUM,Bundela(SPV 1388)(MA SS 9601),,3200 - 3200 Qt/Ha,No,
5175,MAIZE (MAKKA),Jawahar Makka-216,,5000 - 5500 Qt/Ha,No,
5176,BANYARD MILLET,VL MADIRA-8,,,No,
5177,SORGHUM,SPH-1567,,4307 - 4307 Qt/Ha,No,
5178,SORGHUM,Kinnerea (MJ-278),,,No,
5179,SORGHUM,Pant Chari 7 (UTFS 46),,20000 - 24000 Qt/Ha,No,
5180,SORGHUM,Pant Chari-8 (UTMC 535),,,No,
5181,SORGHUM,Pratap Chari 1080,,,No,
5182,BLACK GRAM,SARALA (B-12-4),,900 - 900 Qt/Ha,No,
5183,SORGHUM,Phule Chitra (SPV-1546),MAHARASHTRA,20 - 25 Qt/Ha,Yes,Late
5184,FINGER MILLET (RAGI),AKP-2,,,No,
5185,SORGHUM,Phule Vasundhara (RSSH 50),,,No,
5186,BLACK GRAM,KALINDI (B-76),,,No,
5187,BLACK GRAM,VAMBAN-2,,1000 - 1000 Qt/Ha,No,
5188,BLACK GRAM,KBG-512,,707 - 707 Qt/Ha,No,
5189,BLACK GRAM,UG-218,,1250 - 1250 Qt/Ha,No,
5190,BLACK GRAM,LAM 648 (LBG-648),,,No,
5191,BLACK GRAM,WARANGAL-26,,,No,
5192,BLACK GRAM,TAU-1,,1369 - 1469 Qt/Ha,No,
5193,BLACK GRAM,VAMBAN-3,,775 - 826 Qt/Ha,No,
5194,BLACK GRAM,KU-91 (AZAD URD-2),,900 - 1000 Qt/Ha,No,
5195,BLACK GRAM,LAM 623 (LBG 623),,1000 - 1200 Qt/Ha,No,
5196,BLACK GRAM,LAM 685 (LBG 685),,770 - 1100 Qt/Ha,No,
5197,BLACK GRAM,TMV-1,,,No,
5198,BLACK GRAM,SUMAN-JANA,,933+ Qt/Ha,No,
5199,BLACK GRAM,TYPE-9,,,No,
5200,BLACK GRAM,CO-5,,1000 - 1200 Qt/Ha,No,
5201,BLACK GRAM,Ujala (OBG-17),,765 - 765 Qt/Ha,No,
5202,BLACK GRAM,Lam-709,ANDHRA PRADESH,18 - 20 Qt/Ha,Yes,Medium
5203,BLACK GRAM,AKU-15,,1000 - 1200 Qt/Ha,No,
5204,BLACK GRAM,Zandewal,,800 - 1000 Qt/Ha,No,
5205,BLACK GRAM,VBN (Bg)5,TAMIL NADU,8.2 - 8.2 Qt/Ha,Yes,Early
5206,BLACK GRAM,Goutam (WBU-105),,1300 - 1500 Qt/Ha,No,
5207,BLACK GRAM,Shekhar-3 (KU-309,,1000 - 1000 Qt/Ha,No,
5208,BLACK GRAM,VBN (Bg)-4,,700 - 1050 Qt/Ha,No,
5209,BLACK GRAM,Rashmi (LB-625),,1000 - 1200 Qt/Ha,No,
5210,GRAIN AMARANTHUS,Phule Kartiki (RGAS 92-10-1),,1056 - 1060 Qt/Ha,No,
5211,BLACK GRAM,UPU 00-31(Himachal Mash 1),,1400 - 1600 Qt/Ha,No,
5212,BLACK GRAM,Mash 114,PUNJAB,9 - 9 Qt/Ha,Yes,Medium
5213,BENGAL GRAM (CHICK PEA),L-144,,,No,
5214,BENGAL GRAM (CHICK PEA),CO-3,,,No,
5215,BENGAL GRAM (CHICK PEA),PDG-3 (GF-89-133 & GPF-133),,1699 - 1699 Qt/Ha,No,
5216,BENGAL GRAM (CHICK PEA),ALOK (KGD-1168),,2000 - 2500 Qt/Ha,No,
5217,BENGAL GRAM (CHICK PEA),PANT G-186,,1500 - 2000 Qt/Ha,No,
5218,BLACK GRAM,INDIRA URD PRATHAM (RU 03-14 ),CHHATTISGARH,8.68 - 12 Qt/Ha,Yes,Medium
5219,BENGAL GRAM (CHICK PEA),CO-4,,,No,
5220,BENGAL GRAM (CHICK PEA),G.G.1,,,No,
5221,BENGAL GRAM (CHICK PEA),WCG-2 (SURYA),,,No,
5222,BENGAL GRAM (CHICK PEA),JGG-1,,1300 - 1500 Qt/Ha,No,
5223,BENGAL GRAM (CHICK PEA),HARYANA CHANA-3 (H-86-18),,2000 - 2500 Qt/Ha,No,
5224,BENGAL GRAM (CHICK PEA),GULAK-1 (GULABI AKOLA-1),,2000 - 2000 Qt/Ha,No,
5225,BENGAL GRAM (CHICK PEA),NO.59,,,No,
5226,BENGAL GRAM (CHICK PEA),PKV KABULI-2,,2000 - 2100 Qt/Ha,No,
5227,PADDY (DHAN),DRRH-2 (IET -18076) (DRRH -20),,5400 - 5500 Qt/Ha,No,
5228,BENGAL GRAM (CHICK PEA),VAIBHAV (RG-9218),,1404 - 1404 Qt/Ha,No,
5229,BENGAL GRAM (CHICK PEA),KRANTI (ICCC-37),,1440 - 1800 Qt/Ha,No,
5230,BENGAL GRAM (CHICK PEA),WCG-10 (PANT G-10),,2100 - 2500 Qt/Ha,No,
5231,ONION,Arka Pitambar,,,No,
5232,BENGAL GRAM (CHICK PEA),VIRAT (PHULE G-95418),,1932+ Qt/Ha,No,
5233,BENGAL GRAM (CHICK PEA),NO.31,,,No,
5234,BENGAL GRAM (CHICK PEA),HARYANA KABULI-1 (HK 89-131),,2067+ Qt/Ha,No,
5235,BENGAL GRAM (CHICK PEA),JAWAHAR GRAM-130 (JG-130),,1800 - 6000 Qt/Ha,No,
5236,BENGAL GRAM (CHICK PEA),G-543,,,No,
5237,BENGAL GRAM (CHICK PEA),H-355,,,No,
5238,BENGAL GRAM (CHICK PEA),PUSA-209,,,No,
5239,BENGAL GRAM (CHICK PEA),D-8,,,No,
5240,BENGAL GRAM (CHICK PEA),GL-769,,,No,
5241,BENGAL GRAM (CHICK PEA),CHAFFA,,,No,
5242,BENGAL GRAM (CHICK PEA),BDN-9-3,,,No,
5243,BENGAL GRAM (CHICK PEA),K-468,,,No,
5244,BENGAL GRAM (CHICK PEA),K-850,,,No,
5245,BENGAL GRAM (CHICK PEA),RADHEY,,,No,
5246,BENGAL GRAM (CHICK PEA),J.G-62,,,No,
5247,BENGAL GRAM (CHICK PEA),MAHAMAYA-1 (B-108),,,No,
5248,BENGAL GRAM (CHICK PEA),DAHOD YELLOW,,,No,
5249,BENGAL GRAM (CHICK PEA),GWALIOR-2,,,No,
5250,BENGAL GRAM (CHICK PEA),UJJAIN-21,,,No,
5251,BENGAL GRAM (CHICK PEA),VIKAS,,,No,
5252,BENGAL GRAM (CHICK PEA),GNG-16,,2500 - 3000 Qt/Ha,No,
5253,BENGAL GRAM (CHICK PEA),UJJAIN-24,,1000 - 1200 Qt/Ha,No,
5254,BENGAL GRAM (CHICK PEA),JG-315,,1000 - 1300 Qt/Ha,No,
5255,BENGAL GRAM (CHICK PEA),JG-5 (GULABI),,15000 - 16000 Qt/Ha,No,
5256,BENGAL GRAM (CHICK PEA),KIRAN (RSG-2),,2000 - 2100 Qt/Ha,No,
5257,BENGAL GRAM (CHICK PEA),ICCC-4,,,No,
5258,LINSEED,RLU-6,,1997 - 1997 Qt/Ha,No,
5259,LINSEED,Deepika (RLC-78),,1579 - 1579 Qt/Ha,No,
5260,BENGAL GRAM (CHICK PEA),C-235,,,No,
5261,BENGAL GRAM (CHICK PEA),C-214,,,No,
5262,BENGAL GRAM (CHICK PEA),GNG-1292,,2400 - 2500 Qt/Ha,No,
5263,MAIZE (MAKKA),NAC-6002,,5686 - 5686 Qt/Ha,No,
5264,BENGAL GRAM (CHICK PEA),RSG-991 (APARNA),RAJASTHAN,16 - 16 Qt/Ha,Yes,Late
5265,BENGAL GRAM (CHICK PEA),JGK-3 (JGK-19),MADHYA PRADESH,1400 - 1500 Qt/Ha,Yes,Medium
5266,BENGAL GRAM (CHICK PEA),JAWAHAR GRAM-226 (JG-226),MADHYA PRADESH,21 - 21 Qt/Ha,Yes,Medium
5267,BENGAL GRAM (CHICK PEA),Digvijay,MAHARASHTRA,17 - 17 Qt/Ha,Yes,Medium
5268,BENGAL GRAM (CHICK PEA),C-104,,,No,
5269,BENGAL GRAM (CHICK PEA),Vihar Phule (G-95311),,1811 - 1911 Qt/Ha,No,
5270,PADDY (DHAN),ADT-33,,,No,
5271,BENGAL GRAM (CHICK PEA),Pusa 1088,DELHI,23 - 23 Qt/Ha,Yes,Late
5272,BENGAL GRAM (CHICK PEA),Pusa 1105,DELHI,19 - 19 Qt/Ha,Yes,Late
5273,BENGAL GRAM (CHICK PEA),PGC-1(Pratap Channa-1),RAJASTHAN,13 - 13 Qt/Ha,Yes,Early
5274,MAIZE (MAKKA),Shalimar KG Maize-1,,4500 - 5500 Qt/Ha,No,
5275,BENGAL GRAM (CHICK PEA),Pusa 2024,,2422 - 2422 Qt/Ha,No,
5276,BENGAL GRAM (CHICK PEA),RSG-902 (ARUNA),RAJASTHAN,20 - 20 Qt/Ha,Yes,Late
5277,PADDY (DHAN),MEHAR,,4000 - 4000 Qt/Ha,No,
5278,BENGAL GRAM (CHICK PEA),BGD-103,,1100 - 1300 Qt/Ha,No,
5279,BENGAL GRAM (CHICK PEA),GNG-1488(SANGAM),RAJASTHAN,18 - 18 Qt/Ha,Yes,Late
5280,BENGAL GRAM (CHICK PEA),Jawahar Gram-6 (JG-6),MADHYA PRADESH,21 - 21 Qt/Ha,Yes,Medium
5281,BENGAL GRAM (CHICK PEA),LAM SHANAGA (LBeG 7),MADHYA PRADESH,20 - 25 Qt/Ha,Yes,Early
5282,BENGAL GRAM (CHICK PEA),PBG 5,,1710 - 1710 Qt/Ha,No,
5283,BENGAL GRAM (CHICK PEA),PKV Harita (AKG 9303-12),MAHARASHTRA,12 - 18 Qt/Ha,Yes,Medium
5284,BENGAL GRAM (CHICK PEA),GNG-1969 (Triveni),"PUNJAB, HARYANA, DELHI, RAJASTHAN, UTTARAKHAND, JAMMU",22 - 22 Qt/Ha,Yes,Late
5285,Chinese cabbage,CHINI SARSON,,10000 - 30000 Qt/Ha,No,
5286,COWPEA (PULSES),VAMBAN-1,,950 - 950 Qt/Ha,No,
5287,COWPEA (PULSES),HARYANA LOBIA-88 (FODDER TYPE),,700 - 700 Qt/Ha,No,
5288,COWPEA (PULSES),GUJARAT COWPEA-4 (GC-4),,,No,
5289,COWPEA (PULSES),DURGA KRANTI (RCV-7),,7000 - 8000 Qt/Ha,No,
5290,COWPEA (PULSES),KONKAN WALI (DPL VS-20),,6360 - 6360 Qt/Ha,No,
5291,COWPEA (PULSES),KBC-2,,1200 - 1400 Qt/Ha,No,
5292,COWPEA (PULSES),RC-101,,922 - 1000 Qt/Ha,No,
5293,GREEN GRAM,PRAGYA,,,No,
5294,COWPEA (PULSES),SHUBHRA (CULTURE 502-2-2-2),,988 - 988 Qt/Ha,No,
5295,COWPEA (PULSES),F.S.68,,,No,
5296,COWPEA (PULSES),S-488,,,No,
5297,COWPEA (PULSES),CO-3,,,No,
5298,COWPEA (PULSES),GUJARAT COWPEA-1,,1100 - 1300 Qt/Ha,No,
5299,GREEN GRAM,MH 318,,,No,
5300,COWPEA (PULSES),NO. 2-1,,,No,
5301,COWPEA (PULSES),NO. 5-19-4-1,,,No,
5302,CAULIFLOWER,D-96,,,No,
5303,COWPEA (PULSES),S-288,,5100 - 5200 Qt/Ha,No,
5304,COWPEA (PULSES),PAIYUR-1,,7060 - 7160 Qt/Ha,No,
5305,COWPEA (PULSES),Co6,,500 - 670 Qt/Ha,No,
5306,COWPEA (PULSES),CL-367,,1203 - 1203 Qt/Ha,No,
5307,BENGAL GRAM (CHICK PEA),Pusa 3022 (BG-3022),"RAJASTHAN, PUNJAB, HARYANA, UTTAR PRADESH, UTTARAKHAND, DELHI",18 - 18 Qt/Ha,Yes,Late
5308,COWPEA (PULSES),V 578 (Pusa-578),,1213 - 1213 Qt/Ha,No,
5309,COWPEA (PULSES),RCP-27(FTC-27),,632 - 1311 Qt/Ha,No,
5310,COWPEA (PULSES),COFC-8,,125 - 150 Qt/Ha,No,
5311,COWPEA (PULSES),Shalimar Cowpea-1,,833 - 833 Qt/Ha,No,
5312,COWPEA (PULSES),IT-38956-1,,1000 - 1200 Qt/Ha,No,
5313,COWPEA (PULSES),C 519(Himachal Lobiya 11),,1500 - 1600 Qt/Ha,No,
5314,COWPEA (PULSES),Hidrudaya,,1050 - 1050 Qt/Ha,No,
5315,GREEN GRAM,TARM-18,,1000 - 1200 Qt/Ha,No,
5316,GREEN GRAM,TARM-1,,1000 - 1200 Qt/Ha,No,
5317,GREEN GRAM,VBN (GG-2),,820 - 900 Qt/Ha,No,
5318,COWPEA (PULSES),KRISHNA MANI (PTB-2),,8000 - 8100 Qt/Ha,No,
5319,GREEN GRAM,RMG-268,,800 - 900 Qt/Ha,No,
5320,GREEN GRAM,AMRIT,,,No,
5321,GREEN GRAM,EKASILA (WGG-37),,,No,
5322,GREEN GRAM,PRATAP (SG-1),,1200 - 1400 Qt/Ha,No,
5323,MAIZE (MAKKA),PUSA EARLY HYBRID MAKKA-1(EH-202892),,4500 - 4500 Qt/Ha,No,
5324,GREEN GRAM,MALVIVA JAGRITI (HUM-2 ),,1025 - 2111 Qt/Ha,No,
5325,GREEN GRAM,VRM (GG 1),,979 - 979 Qt/Ha,No,
5326,GREEN GRAM,HUM-6 (MALVIYA JANPRIYA),,,No,
5327,GREEN GRAM,LAM 460,,1080 - 1200 Qt/Ha,No,
5328,GREEN GRAM,RMG 344 (DHANU),,750 - 950 Qt/Ha,No,
5329,GREEN GRAM,PKV MOONG 8802,,,No,
5330,GREEN GRAM,BPMR 145,,700 - 750 Qt/Ha,No,
5331,GREEN GRAM,VAIBHAV (PHULE M-9339),,1000 - 1200 Qt/Ha,No,
5332,GREEN GRAM,G-65,,,No,
5333,GREEN GRAM,KM-1,,,No,
5334,GREEN GRAM,JAWAHAR-45,,,No,
5335,GREEN GRAM,JALGAON-781,,,No,
5336,GREEN GRAM,SML-32,,,No,
5337,GREEN GRAM,KHARGAON-1,,,No,
5338,GREEN GRAM,PANNA (B-105),,,No,
5339,GREEN GRAM,SONALI (B-1),,,No,
5340,GREEN GRAM,PANT MOONG-1,,,No,
5341,GREEN GRAM,TAP-7,,,No,
5342,GREEN GRAM,CO-4,,1500 - 1600 Qt/Ha,No,
5343,GREEN GRAM,MOONG GUJARAT-1,,800 - 1000 Qt/Ha,No,
5344,GREEN GRAM,JYOTI,,600 - 800 Qt/Ha,No,
5345,GREEN GRAM,ML 818,,1000 - 1050 Qt/Ha,No,
5346,GREEN GRAM,K-1,,,No,
5347,WHEAT,GAUW-10 (J-24),,,No,
5348,GREEN GRAM,PAIYUR-1,,7042 - 7142 Qt/Ha,No,
5349,GREEN GRAM,CO-2,,,No,
5350,GREEN GRAM,RATILA SELECTION,,800 - 1200 Qt/Ha,No,
5351,GREEN GRAM,CO-1,,,No,
5352,AMARANTHUS,GUJARAT  AMARANTHS-2,,1300 - 1400 Qt/Ha,No,
5353,BARLEY,KEDAR DL-36,,,No,
5354,GREEN GRAM,Ganaga-1 (Jamnotri),,1350 - 1350 Qt/Ha,No,
5355,SORGHUM,JAYA,,,No,
5356,GREEN GRAM,GUJARAT-2,,1000 - 1200 Qt/Ha,No,
5357,GREEN GRAM,Trombay Pesara(TM 96-2),ANDHRA PRADESH,8.5 - 9.5 Qt/Ha,Yes,Early
5358,GREEN GRAM,SML-668,,1100 - 1200 Qt/Ha,No,
5359,GREEN GRAM,KKM-3,,800 - 900 Qt/Ha,No,
5360,GREEN GRAM,WBM-29,,987 - 1114 Qt/Ha,No,
5361,GREEN GRAM,WBM-4-34-1-1,,987 - 1114 Qt/Ha,No,
5362,GREEN GRAM,Madhira Pesara-347,,1200 - 1200 Qt/Ha,No,
5363,GREEN GRAM,MH-125,,,No,
5364,GREEN GRAM,Pant Mung-5,,1000 - 1200 Qt/Ha,No,
5365,MAIZE (MAKKA),HM-9 (HKH-1191),,5730 - 5730 Qt/Ha,No,
5366,SORGHUM,GJ-40,,2908 - 2908 Qt/Ha,No,
5367,GREEN GRAM,MH-421,,900 - 1000 Qt/Ha,No,
5368,GREEN GRAM,CO-3,,,No,
5369,HORSE GRAM (KULTHI),PALEM-1,,1000 - 1200 Qt/Ha,No,
5370,HORSE GRAM (KULTHI),PALEM-2,,8000 - 9000 Qt/Ha,No,
5371,HORSE GRAM (KULTHI),PAIYUR-2,,,No,
5372,HORSE GRAM (KULTHI),MADHU,,,No,
5373,PEAS,RACHNA,,,No,
5374,SORGHUM,CO-24,,,No,
5375,HORSE GRAM (KULTHI),GPM-6,,800 - 900 Qt/Ha,No,
5376,GREEN GRAM,SABARMATI (PIMS. 4),,600 - 800 Qt/Ha,No,
5377,HORSE GRAM (KULTHI),Pratap Kulthi-1 (AK-42),,,No,
5378,INDIAN BEAN (FIELD BEAN),GUJARAT WALL-1 (GW 1),,1600 - 1700 Qt/Ha,No,
5379,INDIAN BEAN (FIELD BEAN),HEBBAL AVARAI-3,,,No,
5380,LENTIL (MASUR),LL-56,,1250 - 1300 Qt/Ha,No,
5381,INDIAN BEAN (FIELD BEAN),CO-2,,5000 - 8000 Qt/Ha,No,
5382,INDIAN BEAN (FIELD BEAN),WAL KONKAN-1,,900 - 1000 Qt/Ha,No,
5383,INDIAN BEAN (FIELD BEAN),CO-1,,,No,
5384,INDIAN BEAN (FIELD BEAN),Tirupati Field Bean-1,,4500 - 5000 Qt/Ha,No,
5385,INDIAN BEAN (FIELD BEAN),Gujarat Wal-2,,1348 - 1448 Qt/Ha,No,
5386,LENTIL (MASUR),NARENDRA MASOOR-1 (NDL-92-1),,,No,
5387,LENTIL (MASUR),GARIMA (LH 82-6),,1400 - 1500 Qt/Ha,No,
5388,LENTIL (MASUR),SUBRATA (WBL-58),,1980 - 2400 Qt/Ha,No,
5389,LENTIL (MASUR),VL MASOOR-103,,1475 - 1475 Qt/Ha,No,
5390,LENTIL (MASUR),PANT LENTIL-5,,1500 - 2000 Qt/Ha,No,
5391,LENTIL (MASUR),B-256 (RANJAN),,1500 - 1600 Qt/Ha,No,
5392,LENTIL (MASUR),ARUN,,2000 - 2200 Qt/Ha,No,
5393,SOYBEAN,SNEHA (KB-79),KARNATAKA,17 - 18 Qt/Ha,Yes,Early
5394,LENTIL (MASUR),LL-699,,1246 - 1246 Qt/Ha,No,
5395,FENNEL,GUJARAT FENNEL-11 (GF-11),,1500 - 1700 Qt/Ha,No,
5396,LENTIL (MASUR),Shalimar Masoor-1,,733 - 733 Qt/Ha,No,
5397,LENTIL (MASUR),VL Masoor-125,,1905 - 19050 Qt/Ha,No,
5398,LENTIL (MASUR),Shekhar Masoor-2 (KLB-303),UTTAR PRADESH,15 - 18 Qt/Ha,Yes,Late
5399,LENTIL (MASUR),Pant Lentil-6 (PL-02),UTTARAKHAND,16 - 18 Qt/Ha,Yes,Late
5400,LENTIL (MASUR),LL 931,PUNJAB,12 - 13 Qt/Ha,Yes,Late
5401,LENTIL (MASUR),VL Masoor 133 (VL 133),,1125 - 1125 Qt/Ha,No,
5402,PEAS,DHUSAR (S-22),,,No,
5403,COTTON,PST-9,,1300 - 1500 Qt/Ha,No,
5404,MOTH BEAN,FMM-96,,500 - 600 Qt/Ha,No,
5405,LENTIL (MASUR),VL Masoor-129,UTTARAKHAND,7 - 11 Qt/Ha,Yes,Late
5406,LENTIL (MASUR),VL Masoor 514 (VL 514),UTTARAKHAND,8 - 10 Qt/Ha,Yes,Late
5407,MOTH BEAN,TMV (Mb) 1,,933 - 933 Qt/Ha,No,
5408,LENTIL (MASUR),Shalimar Masoor-2 (SKUA-L-9),"JAMMU, KASHMIR",11 - 12 Qt/Ha,Yes,Medium
5409,MOTH BEAN,GAU Moth-1,,,No,
5410,PEAS,SWATI (KFPD-24),,2901 - 2901 Qt/Ha,No,
5411,PEAS,KPMR-144-1,,3000 - 3500 Qt/Ha,No,
5412,PEAS,JAYANTI (HFP 8712),,2700 - 2700 Qt/Ha,No,
5413,MOTH BEAN,Rajasthan Moth-257(RMO-257),"RAJASTHAN, HARYANA, PUNJAB, DELHI, UTTAR PRADESH",5 - 5.5 Qt/Ha,Yes,Early
5414,PEAS,SHUBHRA (IM-9101),,1500 - 2000 Qt/Ha,No,
5415,PEAS,OOTY-1,,,No,
5416,AMARANTHUS,Co.3,,1500 - 2000 Qt/Ha,No,
5417,PEAS,T-163,,,No,
5418,PEAS,Pusa Mukta (DDR 55),,3612 - 3612 Qt/Ha,No,
5419,SOYBEAN,JS 90-41,MADHYA PRADESH,25 - 30 Qt/Ha,Yes,Early
5420,BARLEY,RD-31,,,No,
5421,PEAS,Pant Pea-14 (Pant P-14),UTTARAKHAND,15 - 20 Qt/Ha,Yes,Late
5422,SOYBEAN,GAURAWA (JS-72-44),MADHYA PRADESH,20 - 25 Qt/Ha,Yes,Medium
5423,LENTIL (MASUR),VL MASUR-1,,1000 - 1200 Qt/Ha,No,
5424,PEAS,VL Matar 47 (VL 47),UTTARAKHAND,10 - 14 Qt/Ha,Yes,Late
5425,PEAS,IPF 4-9,UTTAR PRADESH,8 - 10 Qt/Ha,Yes,Late
5426,PIGEON PEA (RED GRAM/ARHAR),SELECTION 31,,1200+ Qt/Ha,No,
5427,PIGEON PEA (RED GRAM/ARHAR),NARENDRA ARHAR-1 (NDA-88-2),,2025 - 2025 Qt/Ha,No,
5428,PIGEON PEA (RED GRAM/ARHAR),COPH-2,,1052 - 1052 Qt/Ha,No,
5429,PIGEON PEA (RED GRAM/ARHAR),COPH-1,,900 - 1100 Qt/Ha,No,
5430,PIGEON PEA (RED GRAM/ARHAR),SARITA,,1500 - 2000 Qt/Ha,No,
5431,PIGEON PEA (RED GRAM/ARHAR),PARAS (H-82-1),,1800 - 2000 Qt/Ha,No,
5432,PEAS,Shalimar Pea-1 (SKUA-P-8),JAMMU AND KASHMIR,15 - 17 Qt/Ha,Yes,Medium
5433,PIGEON PEA (RED GRAM/ARHAR),AZAD K 91-25 (M),,2200 - 2400 Qt/Ha,No,
5434,PIGEON PEA (RED GRAM/ARHAR),SA-1,,1250 - 1250 Qt/Ha,No,
5435,PIGEON PEA (RED GRAM/ARHAR),DURGA (ICPL-84031),,,No,
5436,PIGEON PEA (RED GRAM/ARHAR),APK-1 (ARG-102),,677 - 699 Qt/Ha,No,
5437,PIGEON PEA (RED GRAM/ARHAR),VAMBAN-2 (VRG-4),,1049 - 1049 Qt/Ha,No,
5438,PIGEON PEA (RED GRAM/ARHAR),LAXMI (ICPL-85063),,1800 - 2000 Qt/Ha,No,
5439,PIGEON PEA (RED GRAM/ARHAR),TS-3,,1500 - 1500 Qt/Ha,No,
5440,PIGEON PEA (RED GRAM/ARHAR),BSMR-853 (VAISHALI),,1650 - 1700 Qt/Ha,No,
5441,PIGEON PEA (RED GRAM/ARHAR),UPAS-120,,1160 - 1160 Qt/Ha,No,
5442,PIGEON PEA (RED GRAM/ARHAR),AL-15,,,No,
5443,PIGEON PEA (RED GRAM/ARHAR),NO. 148,,,No,
5444,PIGEON PEA (RED GRAM/ARHAR),NO. 84,,,No,
5445,PIGEON PEA (RED GRAM/ARHAR),PT-301,,,No,
5446,PIGEON PEA (RED GRAM/ARHAR),BDN-1,,,No,
5447,PIGEON PEA (RED GRAM/ARHAR),HY-3A,,,No,
5448,PIGEON PEA (RED GRAM/ARHAR),HY-3C,,,No,
5449,PIGEON PEA (RED GRAM/ARHAR),SWETA (B-7),,,No,
5450,PIGEON PEA (RED GRAM/ARHAR),HYDERABAD-185,,,No,
5451,PIGEON PEA (RED GRAM/ARHAR),CO-4,,1750 - 1850 Qt/Ha,No,
5452,PIGEON PEA (RED GRAM/ARHAR),CO-2,,1200 - 1500 Qt/Ha,No,
5453,PIGEON PEA (RED GRAM/ARHAR),CO-5,,1440 - 1500 Qt/Ha,No,
5454,PIGEON PEA (RED GRAM/ARHAR),T-15-15,,,No,
5455,PIGEON PEA (RED GRAM/ARHAR),TAT-10,,1000 - 1200 Qt/Ha,No,
5456,PIGEON PEA (RED GRAM/ARHAR),CO-3,,,No,
5457,PIGEON PEA (RED GRAM/ARHAR),BAHAR,,2250 - 2250 Qt/Ha,No,
5458,PIGEON PEA (RED GRAM/ARHAR),TYPE-17,,,No,
5459,PEAS,VL- MATAR-1,,,No,
5460,BENGAL GRAM (CHICK PEA),JG-322,,1500 - 1800 Qt/Ha,No,
5461,PIGEON PEA (RED GRAM/ARHAR),IC-550413,,1847 - 1847 Qt/Ha,No,
5462,PIGEON PEA (RED GRAM/ARHAR),Lam-41,,1200 - 1500 Qt/Ha,No,
5463,PIGEON PEA (RED GRAM/ARHAR),GT-101,,1317 - 1317 Qt/Ha,No,
5464,PIGEON PEA (RED GRAM/ARHAR),Vipula,MAHARASHTRA,20 - 22 Qt/Ha,Yes,Medium
5465,BENGAL GRAM (CHICK PEA),S-26,,,No,
5466,PIGEON PEA (RED GRAM/ARHAR),Pusa 2002,,1671 - 1671 Qt/Ha,No,
5467,PIGEON PEA (RED GRAM/ARHAR),WRP-1,,1200 - 1500 Qt/Ha,No,
5468,PIGEON PEA (RED GRAM/ARHAR),Pusa-2001,DELHI,8 - 10 Qt/Ha,Yes,Early
5469,PIGEON PEA (RED GRAM/ARHAR),BRG-2,"TAMIL NADU, ANDHRA PRADESH, KARNATAKA, TELANGANA, ODISHA, ANDAMAN AND NICOBAR ISLANDS",12 - 16 Qt/Ha,Yes,Medium
5470,PIGEON PEA (RED GRAM/ARHAR),BRG-1,KARNATAKA,8 - 10 Qt/Ha,Yes,Medium
5471,PIGEON PEA (RED GRAM/ARHAR),Surya (MRG-1004),,2000 - 2200 Qt/Ha,No,
5472,SESAME (GINGELLY),Gujarat Til-3 (AT-93),,697 - 697 Qt/Ha,No,
5473,SPINACH,ARKA ANUPAMA,,35000 - 41000 Qt/Ha,No,
5474,PIGEON PEA (RED GRAM/ARHAR),Rudreshwara (WRG �?? 65),,,No,
5475,BENGAL GRAM (CHICK PEA),AVRODHI,,2200 - 2500 Qt/Ha,No,
5476,PIGEON PEA (RED GRAM/ARHAR),TS-3R,KARNATAKA,12 - 16 Qt/Ha,Yes,Medium
5477,PIGEON PEA (RED GRAM/ARHAR),Rajeevlochan,CHHATTISGARH,1847 - 1847 Qt/Ha,Yes,Medium
5478,PIGEON PEA (RED GRAM/ARHAR),BDN 711 (BDN 2004-3),MAHARASHTRA,1500 - 2300 Qt/Ha,Yes,Medium
5479,PIGEON PEA (RED GRAM/ARHAR),Rajeshwari (Phule T-  0012),"MAHARASHTRA, MADHYA PRADESH, CHHATTISGARH, GUJARAT",22 - 26 Qt/Ha,Yes,Early
5480,RAJMA (PULSES),TRILOKI RAJMASH,,2500 - 2700 Qt/Ha,No,
5481,PIGEON PEA (RED GRAM/ARHAR),PRAKASH (IPA 203),"UTTAR PRADESH, BIHAR, JHARKHAND, ASSAM, WEST BENGAL",19 - 19.49 Qt/Ha,Yes,Late
5482,PIGEON PEA (RED GRAM/ARHAR),HY-5,,,No,
5483,CASTOR,TMVCH-1,,,No,
5484,PADDY (DHAN),PUNJAB BASMATI,,4000 - 4500 Qt/Ha,No,
5485,RAJMA (PULSES),VARUN (ACPR-94040),,1400 - 1600 Qt/Ha,No,
5486,RAJMA (PULSES),HIM-1,,,No,
5487,RAJMA (PULSES),VL RAJMA-63,,,No,
5488,RAJMA (PULSES),Hazarika (R-1411),,880 - 900 Qt/Ha,No,
5489,CASTOR,KALPI-6,,,No,
5490,RAJMA (PULSES),ANKUR (RSJ-178),,,No,
5491,RAJMA (PULSES),Shalimar French Bean-1,,,No,
5492,CASTOR,TMV-6,,568 - 928 Qt/Ha,No,
5493,CASTOR,KRANTI (PCS-4),,1365 - 1365 Qt/Ha,No,
5494,CASTOR,RHC-1,,3800 - 3800 Qt/Ha,No,
5495,CASTOR,BHAGYA,,,No,
5496,CASTOR,SOUBHAGYA,,,No,
5497,CASTOR,VIJAPUR INBRED-9,,1200 - 1500 Qt/Ha,No,
5498,CASTOR,JUNAGADH-1,,1000 - 1100 Qt/Ha,No,
5499,RAJMA (PULSES),Shalimar Rajmash-01,KASHMIR,12 - 13 Qt/Ha,Yes,Medium
5500,CASTOR,TMV-5,,1100 - 1400 Qt/Ha,No,
5501,CASTOR,GCH-2 (GUJARAT CASTOR HYBRID-2),,1747 - 1747 Qt/Ha,No,
5502,CASTOR,GCH-7,,3500 - 3500 Qt/Ha,No,
5503,COWPEA (VEGETABLE),Kashi Unnati (VRCP-3),,12500 - 15000 Qt/Ha,No,
5504,CASTOR,Kiran (PCS-136),,1200 - 1500 Qt/Ha,No,
5505,CASTOR,Haritha (PCS-124),,1400 - 1600 Qt/Ha,No,
5506,CASTOR,JYOTI,,,No,
5507,CASTOR,TMV-7,,,No,
5508,CASTOR,K-8501 (Chandra Prabha),,1800 - 2000 Qt/Ha,No,
5509,CASTOR,JI-273 (GC3),,2340 - 2540 Qt/Ha,No,
5510,GROUNDNUT,TYPE-64,,,No,
5511,GROUNDNUT,VRI-4,,1160 - 2170 Qt/Ha,No,
5512,GROUNDNUT,KADIRI-4,,1259 - 1830 Qt/Ha,No,
5513,GROUNDNUT,Gujarat Junagadh Groundnut 22 (JSSP-36),GUJARAT,17750 - 1770 Qt/Ha,Yes,Late
5514,GROUNDNUT,JAGTIAL-88 (JCG-88),,1400 - 1500 Qt/Ha,No,
5515,MAIZE (MAKKA),MAIZE AGETI - 76(J-603 COMPOSITE),,,No,
5516,COWPEA (PULSES),HARA LOBIA (HFC-42-1),,,No,
5517,COWPEA (PULSES),KM-1,,,No,
5518,GROUNDNUT,R-9251,,1800 - 2500 Qt/Ha,No,
5519,GROUNDNUT,GUJARAT GROUNDNUT-5 (GG-5),,,No,
5520,GROUNDNUT,JAWAHAR GROUNDNUT-3 (JGN-3),,1526 - 1526 Qt/Ha,No,
5521,GROUNDNUT,ALR-3 (ALG-63),,1939 - 1939 Qt/Ha,No,
5522,GROUNDNUT,CO-3 (TNAU-256),,1750 - 2150 Qt/Ha,No,
5523,TURMERIC,SONA,,4020 - 7050 Qt/Ha,No,
5524,GROUNDNUT,TG-17,,2000 - 2100 Qt/Ha,No,
5525,GROUNDNUT,PHULE VYAS (JL-220),,2200 - 2250 Qt/Ha,No,
5526,GROUNDNUT,"CO (GN 4, CULTURE TNAU 269)",,,No,
5527,GROUNDNUT,TIRUPATI-4 (TCGS-30),,1709 - 2490 Qt/Ha,No,
5528,PADDY (DHAN),RC MANIPHOU 11 (IET 20193),,5680 - 5880 Qt/Ha,No,
5529,COWPEA (PULSES),Khalleshwari,,500 - 700 Qt/Ha,No,
5530,GROUNDNUT,VRI (GN 5),,2384 - 2500 Qt/Ha,No,
5531,GROUNDNUT,SNIGDHA,,3556 - 3556 Qt/Ha,No,
5532,GROUNDNUT,AK-159,,2000 - 2200 Qt/Ha,No,
5533,GROUNDNUT,M-145,,,No,
5534,GROUNDNUT,A.K-12-24,,,No,
5535,GROUNDNUT,TMV-10,,,No,
5536,GROUNDNUT,KUBER,,,No,
5537,GROUNDNUT,POL-2,,,No,
5538,GROUNDNUT,KADIRI-2,,,No,
5539,GROUNDNUT,CHITRA,,2200 - 2700 Qt/Ha,No,
5540,GROUNDNUT,KADIRI-3,,1700 - 2100 Qt/Ha,No,
5541,GROUNDNUT,M-37,,,No,
5542,GROUNDNUT,CO-1,,,No,
5543,GROUNDNUT,S-206,,,No,
5544,GROUNDNUT,DH-3-30,,,No,
5545,GROUNDNUT,BIRSA GROUNDNUT-1,,,No,
5546,GROUNDNUT,KRG-1,,,No,
5547,GROUNDNUT,GAUG-10,,,No,
5548,GROUNDNUT,GAUG-1,,,No,
5549,GROUNDNUT,GUJARAT GROUNDNUT-2,,3100 - 3100 Qt/Ha,No,
5550,GROUNDNUT,G.G-11,,1400 - 1900 Qt/Ha,No,
5551,BARLEY,RD-57,,,No,
5552,GROUNDNUT,BIRSA GROUNDNUT-3,,1500 - 2500 Qt/Ha,No,
5553,LINSEED,Baner (KL-224),,422 - 422 Qt/Ha,No,
5554,TURMERIC,VARNA,,33000 - 43000 Qt/Ha,No,
5555,BARLEY,K 141,,,No,
5556,SOYBEAN,KM-1,,,No,
5557,GREEN GRAM,CO-6 (COGG-902),,982 - 982 Qt/Ha,No,
5558,PADDY (DHAN),Ketekijoha (IET-18669),,,No,
5559,GROUNDNUT,Narayani (TCGS-29),ANDHRA PRADESH,2250 - 3760 Qt/Ha,No,Early
5560,GROUNDNUT,Abhaya (TPT-25),ANDHRA PRADESH,2300 - 3760 Qt/Ha,Yes,Medium
5561,GROUNDNUT,ICGV-91114,ANDHRA PRADESH,1950 - 2000 Qt/Ha,Yes,Early
5562,GROUNDNUT,LGN-1,MAHARASHTRA,1490 - 1500 Qt/Ha,Yes,Medium
5563,BARLEY,RAJKIRAN (RD-387),,,No,
5564,GREEN GRAM,KM-2,,,No,
5565,PADDY (DHAN),Thanu,,,No,
5566,GROUNDNUT,TMV (Gn) 13,TAMIL NADU,2570 - 2590 Qt/Ha,Yes,Medium
5567,GROUNDNUT,ICUG-92195(Pratap Mungphali-2),,1400 - 1800 Qt/Ha,No,
5568,GROUNDNUT,POL-1,,,No,
5569,GROUNDNUT,CO (GN) -5,TAMIL NADU,1580 - 1585 Qt/Ha,Yes,Late
5570,GROUNDNUT,TG-39 (Trombay Bikaner),RAJASTHAN,3100 - 3154 Qt/Ha,Yes,Late
5571,GROUNDNUT,TG-51,"WEST BENGAL, ODISHA, JHARKHAND, ASSAM",2600 - 2700 Qt/Ha,Yes,Late
5572,SOYBEAN,DURGA (JS-72-280),MADHYA PRADESH,20 - 22 Qt/Ha,Yes,Early
5573,PADDY (DHAN),CR DHAN 501 (IET 19189),,4000 - 4000 Qt/Ha,No,
5574,BENGAL GRAM (CHICK PEA),PANT G-114,,,No,
5575,GROUNDNUT,Kadiri-9,ANDHRA PRADESH,2500 - 3000 Qt/Ha,Yes,Late
5576,GROUNDNUT,VRI (Gn)6(VG9816),"MAHARASHTRA, KARNATAKA, ANDHRA PRADESH, TAMIL NADU",2259 - 2265 Qt/Ha,Yes,Medium
5577,PADDY (DHAN),CR DHAN 601(IET 18558),,4000 - 4100 Qt/Ha,No,
5578,BARLEY,DOLMA,,,No,
5579,GROUNDNUT,Kadiri-7,ANDHRA PRADESH,1600 - 1650 Qt/Ha,Yes,Late
5580,GROUNDNUT,Kadiri-8,ANDHRA PRADESH,5000 - 5000 Qt/Ha,Yes,Late
5581,BARLEY,VL BARLEY-1,,2000 - 2400 Qt/Ha,No,
5582,WHEAT,IWP-72,,,No,
5583,GROUNDNUT,GJG-HPS-1(JSP-HPS-44),GUJARAT,2125 - 2125 Qt/Ha,No,Late
5584,GROUNDNUT,SB-X1,,,No,
5585,TURMERIC,PHULE SWARUPA (DTS-222),,7800 - 7800 Qt/Ha,No,
5586,GROUNDNUT,RARS-T-2,ANDHRA PRADESH,3734 - 4200 Qt/Ha,Yes,Early
5587,GROUNDNUT,Pratap Raj Mungphali,RAJASTHAN,1432 - 1435 Qt/Ha,Yes,Early
5588,GROUNDNUT,CO 6,TAMIL NADU,1914 - 1914 Qt/Ha,Yes,Late
5589,SESAME (GINGELLY),DS-1,,450 - 450 Qt/Ha,No,
5590,SWEET POTATO,KONKAL ASHWINI (PALGAR - 1),,15000 - 25000 Qt/Ha,No,
5591,BARLEY,BILARA-2,,,No,
5592,INDIAN MUSTARD,JHUMKA (YSENC-1),,1500 - 1700 Qt/Ha,No,
5593,INDIAN MUSTARD,TYPE-151,,,No,
5594,INDIAN MUSTARD,YSPB-24,,,No,
5595,GROUNDNUT,Gujarat Junagadh Groundnut 9 (GJG-9) (J-69),GUJARAT,1630 - 1635 Qt/Ha,Yes,Medium
5596,INDIAN MUSTARD,PS-66,,1200 - 1300 Qt/Ha,No,
5597,SESAME (GINGELLY),Gujarat Til - 10,,,No,
5598,SESAME (GINGELLY),RT-127,,600 - 900 Qt/Ha,No,
5599,INDIAN MUSTARD,Albeli-1,,900 - 1100 Qt/Ha,No,
5600,INDIAN MUSTARD,Pusa Karishma (LES-39),,2000 - 2200 Qt/Ha,No,
5601,INDIAN MUSTARD,Jawahar Mustard-2(JMWR-941-1-2),,1500 - 3000 Qt/Ha,No,
5602,INDIAN MUSTARD,Narendra Swarna Rai-08,,2050 - 2050 Qt/Ha,No,
5603,WHEAT,MALAVIKA,,,No,
5604,INDIAN MUSTARD,Pusa Mahak (JD-6),,1600 - 1700 Qt/Ha,No,
5605,INDIAN MUSTARD,RGN-13,,2000 - 2200 Qt/Ha,No,
5606,INDIAN MUSTARD,GUJARAT MUSTARD-2,,2300 - 2400 Qt/Ha,No,
5607,INDIAN MUSTARD,LAXMI (RH-8812),,2100 - 2200 Qt/Ha,No,
5608,SESAME (GINGELLY),TMV-6,,,No,
5609,INDIAN MUSTARD,TPM-1,,600 - 2500 Qt/Ha,No,
5610,BARLEY,AZAD (K-125),,,No,
5611,INDIAN MUSTARD,Jawahar Mustard-3 (JMM-915),,1500 - 2600 Qt/Ha,No,
5612,INDIAN MUSTARD,Pusa Vijay (NPJ-93),,2470 - 2470 Qt/Ha,No,
5613,SESAME (GINGELLY),VRI (SV) 2,,706 - 706 Qt/Ha,No,
5614,INDIAN MUSTARD,Pusa Mustard 22 (LET - 17),,2470 - 2470 Qt/Ha,No,
5615,INDIAN MUSTARD,ELM-079,,1600 - 2000 Qt/Ha,No,
5616,LINSEED,Kartika (IA-18),,1200 - 1400 Qt/Ha,No,
5617,SWEET POTATO,RNSP-1,,15000 - 20000 Qt/Ha,No,
5618,GROUNDNUT,Kadiri-5,ANDHRA PRADESH,2000 - 2200 Qt/Ha,Yes,Medium
5619,INDIAN MUSTARD,Dhara Mustard Hybrid-1 (DMH-1),,2053 - 2053 Qt/Ha,No,
5620,SESAME (GINGELLY),KAYAMKULAM-1,,300 - 300 Qt/Ha,No,
5621,INDIAN MUSTARD,RH0119,,1800 - 1800 Qt/Ha,No,
5622,BARLEY,SONU (HBL-87),,,No,
5623,INDIAN MUSTARD,Chhattisgarh Sarson,,1179 - 1179 Qt/Ha,No,
5624,INDIAN MUSTARD,RRN - 573,,2072 - 2072 Qt/Ha,No,
5625,ROCKET SALAD (TARAMIRA),KARAN TARA (RTM-3140),,1000 - 1200 Qt/Ha,No,
5626,SAFFLOWER,JSI-73,,1450 - 1500 Qt/Ha,No,
5627,SAFFLOWER,A-300,,,No,
5628,SAFFLOWER,MANJIRA,,,No,
5629,SAFFLOWER,TARA (143-20),,,No,
5630,SAFFLOWER,N-62-8,,,No,
5631,SAFFLOWER,AKS-207,,1400 - 2000 Qt/Ha,No,
5632,SAFFLOWER,Parbhani Kusum (PBNS-12),,2000 - 2000 Qt/Ha,No,
5633,GINGER,Athira,,21000 - 30000 Qt/Ha,No,
5634,SESAME (GINGELLY),AKT-64,,588 - 588 Qt/Ha,No,
5635,SESAME (GINGELLY),VRISV-1,,600 - 700 Qt/Ha,No,
5636,SESAME (GINGELLY),SWETHA TIL,,,No,
5637,SESAME (GINGELLY),SHEKHAR (SH-446),,700 - 900 Qt/Ha,No,
5638,SESAME (GINGELLY),PUNJAB TIL NO.1,,,No,
5639,SESAME (GINGELLY),HT-1,,,No,
5640,SESAME (GINGELLY),GOWRI,,,No,
5641,SESAME (GINGELLY),TYPE-4,,,No,
5642,SESAME (GINGELLY),TYPE-12,,,No,
5643,SESAME (GINGELLY),TYPE-13,,,No,
5644,SESAME (GINGELLY),GUJARAT TIL-1 (M.T 67-52),,,No,
5645,SESAME (GINGELLY),TMV-5,,,No,
5646,SESAME (GINGELLY),TKG-308,,660 - 660 Qt/Ha,No,
5647,SESAME (GINGELLY),Jawahar Til-12 (PKDS-12),,900 - 1000 Qt/Ha,No,
5648,SESAME (GINGELLY),Gujarat Til-4 (GTil-4) (AT-159),,770 - 770 Qt/Ha,No,
5649,PIGEON PEA (RED GRAM/ARHAR),AMAR (KA-32-1),,1600 - 2000 Qt/Ha,No,
5650,SOYBEAN,POOJA (MAUS-2),,3500 - 4200 Qt/Ha,No,
5651,SESAME (GINGELLY),JLT-408 (JLS-9848-2),MAHARASHTRA,700 - 800 Qt/Ha,Yes,Medium
5652,COTTON,CBS-156,,,No,
5653,SESAME (GINGELLY),DSS-9,KARNATAKA,700 - 800 Qt/Ha,Yes,Late
5654,SOYBEAN,SL-295,PUNJAB,20 - 25 Qt/Ha,Yes,Late
5655,SOYBEAN,PANT SOYBEAN-1024 (PK-1024),"PUNJAB, DELHI, HARYANA",25 - 30 Qt/Ha,Yes,Medium
5656,COWPEA (VEGETABLE),Kashi Kanchan(VRCP-4),,15000 - 17500 Qt/Ha,No,
5657,SOYBEAN,CO SOYA-2,TAMIL NADU,13 - 14 Qt/Ha,Yes,Early
5658,SOYBEAN,AHILYA-1 (NRC-2),MADHYA PRADESH,25 - 32 Qt/Ha,Yes,Medium
5659,SOYBEAN,LSB-1,,1200 - 1500 Qt/Ha,No,
5660,PIGEON PEA (RED GRAM/ARHAR),NO. 290-21,,,No,
5661,PIGEON PEA (RED GRAM/ARHAR),GS-1,,,No,
5662,PIGEON PEA (RED GRAM/ARHAR),PT-221,,,No,
5663,SOYBEAN,Pant Soya-1092,"UTTARAKHAND, HIMACHAL PRADESH",25 - 35 Qt/Ha,Yes,Medium
5664,SOYBEAN,ALANKAR (PK.71-21),"PUNJAB, HARYANA, UTTARAKHAND, UTTAR PRADESH",18 - 22 Qt/Ha,Yes,Medium
5665,SOYBEAN,BRAGG,"UTTARAKHAND, UTTAR PRADESH, TELANGANA, RAJASTHAN, PUNJAB, MAHARASHTRA, MADHYA PRADESH",15 - 20 Qt/Ha,Yes,Medium
5666,SOYBEAN,MONETTA (EC-2587),,1000 - 1000 Qt/Ha,No,
5667,SOYBEAN,HARDEE,,1500 - 1800 Qt/Ha,No,
5668,WHEAT,J-1-7,,,No,
5669,WHEAT,HI-1418,,4000 - 4500 Qt/Ha,No,
5670,WHEAT,KDW-16 (KEERTHI),,30 - 35 Qt/Ha,No,
5671,SOYBEAN,VL Soya-65,UTTARAKHAND,15 - 16 Qt/Ha,Yes,Late
5672,SOYBEAN,RAUS-5(Pratap Soya-1),RAJASTHAN,30 - 35 Qt/Ha,Yes,Early
5673,SOYBEAN,Pusa 9712 (DS 9712),"DELHI, PUNJAB, HARYANA",22.5 - 25 Qt/Ha,Yes,Late
5674,SOYBEAN,Pant Soybean-1225 (PS-1225),"UTTARAKHAND, UTTAR PRADESH",30 - 32 Qt/Ha,Yes,Medium
5675,SUNFLOWER,DSH-1,,1600 - 2000 Qt/Ha,No,
5676,SOYBEAN,MAUS 158,MAHARASHTRA,21 - 22 Qt/Ha,Yes,Early
5677,SOYBEAN,PRS-1,"UTTARAKHAND, HIMACHAL PRADESH",20 - 20 Qt/Ha,Yes,Early
5678,SAFFLOWER,N-7,,,No,
5679,SUNFLOWER,TAS-82,,800 - 1348 Qt/Ha,No,
5680,TORIA,Jawahar Soybean 95-60(JS 95-60),,,No,
5681,JATROPHA,JS-93-05 (JAWAHAR SOYBEAN 93-05),,,No,
5682,COCONUT,JAWAHAR SOYBEAN-335 (JS-335),,,No,
5683,SUNFLOWER,PKVSH-27,,1300 - 1600 Qt/Ha,No,
5684,SUNFLOWER,TNAU SUF-10,,1251 - 1390 Qt/Ha,No,
5685,SOYBEAN,NRC 86 (Ahilya 6),"MADHYA PRADESH, MAHARASHTRA, DELHI",21 - 23 Qt/Ha,Yes,Early
5686,SOYBEAN,SL 958,PUNJAB,22 - 23 Qt/Ha,Yes,Late
5687,SAFFLOWER,TYPE-6503,,,No,
5688,SUNFLOWER,TCSH-1 (Hybrid),,1850 - 1850 Qt/Ha,No,
5689,SUNFLOWER,CO (SFV)5,,1360 - 1520 Qt/Ha,No,
5690,SUNFLOWER,LFS-8,,1300 - 1600 Qt/Ha,No,
5691,SUNFLOWER,PSFH-118,,625 - 625 Qt/Ha,No,
5692,ROCKET SALAD (TARAMIRA),Vallabh Taramira-1 (PUT 93-11),,1100 - 1200 Qt/Ha,No,
5693,TORIA,PBT-37,,900 - 1500 Qt/Ha,No,
5694,SUNFLOWER,HSFH-848,,2171 - 2171 Qt/Ha,No,
5695,SUNFLOWER,KBSH-41,,1500 - 3000 Qt/Ha,No,
5696,SUNFLOWER,KBSH-42,,1600 - 1800 Qt/Ha,No,
5697,SUNFLOWER,RSFH-1,,,No,
5698,SUNFLOWER,KBSH-53,,750 - 1250 Qt/Ha,No,
5699,SAFFLOWER,SSF-708,,2275 - 1376 Qt/Ha,No,
5700,SUNFLOWER,PSH 569,,,No,
5701,TORIA,ORT (M 2-4 PRABATI),,1300 - 1500 Qt/Ha,No,
5702,CASTOR,ARUNA,,,No,
5703,CASTOR,GAUC-1 (VHB-44),,,No,
5704,TORIA,ORT (M 6-2 ANURADHA),,1461 - 1561 Qt/Ha,No,
5705,TORIA,BHAWANI (TK-8401),,1000 - 1200 Qt/Ha,No,
5706,TORIA,BR-23,,500 - 600 Qt/Ha,No,
5707,TORIA,VL Toria-3,,939 - 1000 Qt/Ha,No,
5708,TORIA,Uttara (PT-2002-25),,1326 - 1426 Qt/Ha,No,
5709,PADDY (DHAN),Akshayadhan (IET 19367),,5400 - 5500 Qt/Ha,No,
5710,BROWN SARSON,Shalimar Sarson - 1,,1200 - 1300 Qt/Ha,No,
5711,KARAN RAI,Pusa Aditya  (NPC-9),,1400 - 1500 Qt/Ha,No,
5712,COCONUT,Mahuva,,,No,
5713,TORIA,Sushree,"RAJASTHAN, MADHYA PRADESH",7 - 8 Qt/Ha,Yes,Early
5714,WHEAT,MAGHAR (K-8027),,2500 - 4000 Qt/Ha,No,
5715,COTTON,BADNAWAR-1,,,No,
5716,CLUSTER BEAN,Guar Kranti (RGC-1031) fodder,,,No,
5717,COTTON,Narbada (A-51-9),,,No,
5718,SESAME (GINGELLY),HT 9713 (HT 2),,,No,
5719,SAFFLOWER,JAWAHAR SAFFLOWER-99(JSF-99),,1100 - 1200 Qt/Ha,No,
5720,CLUSTER BEAN,RGC-1017 forage,,,No,
5721,COTTON,MARU VIKAS (RAJ-HH-16),,3500 - 4000 Qt/Ha,No,
5722,COTTON,RS-875,,2200 - 2500 Qt/Ha,No,
5723,COTTON,G.COT-16 (G (B)-20),,589 - 1606 Qt/Ha,No,
5724,COTTON,G.COT-17 (GH-BHV-46),,557 - 1375 Qt/Ha,No,
5725,BENGAL GRAM (CHICK PEA),WARANGAL,,,No,
5726,SOYBEAN,JAWAHAR SOYBEAN-2,"MADHYA PRADESH, RAJASTHAN, GUJARAT",18 - 20 Qt/Ha,No,Early
5727,COTTON,LH-1556,,822 - 1575 Qt/Ha,No,
5728,COTTON,DHB-105,,2500 - 3000 Qt/Ha,No,
5729,COTTON,Parbhani 316 (Ganga),,1500 - 2000 Qt/Ha,No,
5730,COTTON,F-1378,,873 - 2019 Qt/Ha,No,
5731,COTTON,JKHY-2,,680 - 1320 Qt/Ha,No,
5732,COTTON,JAWAHAR TAPTI,,435 - 800 Qt/Ha,No,
5733,COTTON,LDH-11,,1258 - 1878 Qt/Ha,No,
5734,COTTON,H-1098,,1943 - 1943 Qt/Ha,No,
5735,COTTON,IGMF-20,,1400 - 2400 Qt/Ha,No,
5736,COTTON,DHH-11,,2200 - 2500 Qt/Ha,No,
5737,COTTON,KC-2,,299 - 772 Qt/Ha,No,
5738,GROUNDNUT,BSRG-1 (ICGV-86143),,2845 - 2845 Qt/Ha,No,
5739,GROUNDNUT,ALR-2 (ALG-56),,1480 - 1740 Qt/Ha,No,
5740,COTTON,L-604,,2200 - 2500 Qt/Ha,No,
5741,COTTON,LAHH-4 (A 13),,3500 - 3500 Qt/Ha,No,
5742,COTTON,ARVINDA (NDL-2708),,1812 - 1812 Qt/Ha,No,
5743,COTTON,SVPR-3,,1234 - 1234 Qt/Ha,No,
5744,COTTON,VICH-9,,1800 - 2000 Qt/Ha,No,
5745,COTTON,RCH-2,,3000 - 3500 Qt/Ha,No,
5746,COTTON,HD-123,,2000 - 2100 Qt/Ha,No,
5747,COTTON,J-205,,1400 - 1700 Qt/Ha,No,
5748,COTTON,AMARAVATI,,,No,
5749,COTTON,L-603,,2300 - 2500 Qt/Ha,No,
5750,COTTON,MCU-12 (TCH-1025),,1574 - 1574 Qt/Ha,No,
5751,COTTON,F-414,,,No,
5752,COTTON,GS-23,,,No,
5753,COTTON,RG-18,,2400 - 2600 Qt/Ha,No,
5754,COTTON,RS-810,,2200 - 2400 Qt/Ha,No,
5755,COTTON,SAHANA (JK-276-8-2),,600 - 1500 Qt/Ha,No,
5756,COTTON,RAMPBS-155,,2000 - 2500 Qt/Ha,No,
5757,COTTON,BURI-1007,,,No,
5758,COTTON,VAGAD KALYAN (RB-423),,1200 - 1500 Qt/Ha,No,
5759,COTTON,LAXMI,,,No,
5760,COTTON,G COT.18,,1353 - 1607 Qt/Ha,No,
5761,COTTON,PKV HY.4 (CAHH-8),,1500 - 3000 Qt/Ha,No,
5762,COTTON,PHULE-388 (RHB-388),,,No,
5763,COWPEA (VEGETABLE),NARENDRA LOBIA-1,,,No,
5764,COTTON,H-655C,,,No,
5765,COTTON,AKA-7 (AKA 8307),,1000 - 1200 Qt/Ha,No,
5766,COTTON,VICH-5,,2000 - 2200 Qt/Ha,No,
5767,COTTON,HHH-223,,1911 - 2124 Qt/Ha,No,
5768,COTTON,H-1117,,1918 - 1918 Qt/Ha,No,
5769,CARROT,PC-34,,25000 - 30000 Qt/Ha,No,
5770,SOYBEAN,KHSB-2,KARNATAKA,23 - 25 Qt/Ha,Yes,Medium
5771,COTTON,RS-2013,,2300 - 2400 Qt/Ha,No,
5772,COTTON,JAWAHAR KAPAS-4 (JK-4),,1500 - 1800 Qt/Ha,No,
5773,COTTON,PHULE-492 (RHH-0492),,2200 - 2500 Qt/Ha,No,
5774,COTTON,S.S,,1500 - 1600 Qt/Ha,No,
5775,COTTON,R.S.-89,,,No,
5776,COTTON,VARALAXMI,,,No,
5777,COTTON,H-14,,,No,
5778,COTTON,MCU-5,,,No,
5779,COTTON,D.HY-286,,,No,
5780,COTTON,MCU-8,,,No,
5781,COTTON,H-777,,,No,
5782,COTTON,SANGAM,,,No,
5783,COTTON,SRI SAILAM,,,No,
5784,COTTON,MAHALAXMI,,,No,
5785,COTTON,FEDARAJ,,,No,
5786,TORIA,JMT-689,,1500 - 1800 Qt/Ha,No,
5787,COTTON,V-797,,,No,
5788,COTTON,SHARADA (CPD.8-1),,,No,
5789,COTTON,SUYODHOR,,,No,
5790,COTTON,GUJARAT COTTON HY-6,,,No,
5791,COTTON,JK-HY-1,,,No,
5792,COTTON,KHANDWA-2,,,No,
5793,COTTON,SAUBHAGYA (DS-59),,,No,
5794,COTTON,JAYALAXMI (DCH-32),,,No,
5795,COTTON,PKV HY-2 (AHH-468),,,No,
5796,COTTON,TNB-1,,1400 - 1700 Qt/Ha,No,
5797,COTTON,MCU-5 VT,,2000 - 2500 Qt/Ha,No,
5798,COTTON,VIKRAM (76-IH-20),,1400 - 1700 Qt/Ha,No,
5799,COTTON,MCH-11,,1400 - 1700 Qt/Ha,No,
5800,COTTON,MCU-10,,1400 - 1700 Qt/Ha,No,
5801,COTTON,NA-247,,738 - 738 Qt/Ha,No,
5802,INDIAN MUSTARD,Shatabdi (ACN-9),,800 - 1000 Qt/Ha,No,
5803,COTTON,NHH-44,,,No,
5804,COTTON,Godawari (NHH-1),,340 - 340 Qt/Ha,No,
5805,COTTON,F-286,,2000 - 2000 Qt/Ha,No,
5806,COTTON,Purnima (NH-239),,1400 - 1700 Qt/Ha,No,
5807,COTTON,LH-900,,1100 - 1100 Qt/Ha,No,
5808,INDIAN BEAN (DOLICHOS BEAN),CO-10,,5000 - 8000 Qt/Ha,No,
5809,INDIAN BEAN (DOLICHOS BEAN),Kalianpur T-2 (Pole Type),,,No,
5810,INDIAN MUSTARD,URVASHI (RK 9501),,1500 - 1700 Qt/Ha,No,
5811,COTTON,Jawahar Kapas-5(JK-5),,1600 - 2000 Qt/Ha,No,
5812,BROWN SARSON,Gulchain,,,No,
5813,COTTON,G.Cot Hyb.12 (GSHH-1877),,1849 - 1849 Qt/Ha,No,
5814,COTTON,Moti (LMDH-8),,2585 - 2585 Qt/Ha,No,
5815,SOYBEAN,BIRSA SOYBEAN-1,JHARKHAND,20 - 24 Qt/Ha,Yes,Medium
5816,COTTON,KC-3,,,No,
5817,COTTON,Jawahar Kapas-35(JK-35),,1500 - 2000 Qt/Ha,No,
5818,COTTON,Nandyal Cotton Hybrid-240,,2767 - 2767 Qt/Ha,No,
5819,COTTON,Lam Cotton Hybrid-7,,2500 - 3000 Qt/Ha,No,
5820,COTTON,Veena,,1000 - 1200 Qt/Ha,No,
5821,COTTON,PKV DH-1 (AKDH-7),,1200 - 1500 Qt/Ha,No,
5822,COTTON,PKV Hy-5 (CAHH-99),,,No,
5823,COTTON,PA-255 (Parbhani Turab),,1500 - 1600 Qt/Ha,No,
5824,COTTON,NH-545,,1200 - 1500 Qt/Ha,No,
5825,GUAR (CLUSTER BEAN),HG-182,,1500 - 1800 Qt/Ha,No,
5826,COTTON,MCU-13,,1700 - 1700 Qt/Ha,No,
5827,COTTON,RBDV-7 (Pratap Kapi-1),,781 - 781 Qt/Ha,No,
5828,COTTON,PH-348 (Yamuna),,1400 - 1500 Qt/Ha,No,
5829,COTTON,PA-402,,1600 - 1800 Qt/Ha,No,
5830,COTTON,Phule LJA-794,,300 - 350 Qt/Ha,No,
5831,COTTON,Mahabeej DH-986,,1489 - 1489 Qt/Ha,No,
5832,MAIZE (MAKKA),Pusa Extra Early Hybrid Makka -5 (AH-421),,4900 - 5200 Qt/Ha,No,
5833,COTTON,NH-615,,700 - 850 Qt/Ha,No,
5834,COTTON,HHH-287 (GMS based intra hirsustum hybrid),,2045 - 2045 Qt/Ha,No,
5835,COTTON,HD-324 (HD 324-1),,1866 - 1866 Qt/Ha,No,
5836,COTTON,DEVIRAJ-170-C-2,,,No,
5837,COTTON,NHH-44 (BN-1)(F),,,No,
5838,COTTON,DHH-543(Suvidha),,1538 - 1538 Qt/Ha,No,
5839,COTTON,RAS 299-1,,800 - 1000 Qt/Ha,No,
5840,COTTON,DDHC-11,,611 - 611 Qt/Ha,No,
5841,COTTON,PAU-626H,,2600 - 3000 Qt/Ha,No,
5842,COTTON,JAYALAXMI (DCH-32) (DS-28)(F),,,No,
5843,COTTON,JAYALAXMI (DCH-32) (SB-425 YF)(M),,,No,
5844,COTTON,RAHH-95,,1760 - 1760 Qt/Ha,No,
5845,COTTON,RAH-100,,2000 - 2000 Qt/Ha,No,
5846,COTTON,DLSA-17,,905 - 905 Qt/Ha,No,
5847,COTTON,NARASIMHA (NANDYAL-1325),,1876 - 1876 Qt/Ha,No,
5848,COTTON,Phule-688(RHC-688),,1600 - 1800 Qt/Ha,No,
5849,COTTON,LH2076,,1400 - 2000 Qt/Ha,No,
5850,COTTON,Mahabeej-106,,1217 - 1217 Qt/Ha,No,
5851,GUAR (CLUSTER BEAN),HG - 75,,,No,
5852,COTTON,SVPR 4,,1028 - 1028 Qt/Ha,No,
5853,COTTON,HD 432,,2148 - 2148 Qt/Ha,No,
5854,COTTON,H 1098-improved,,2063 - 2063 Qt/Ha,No,
5855,COTTON,Phule Anmol (RAC 024),,1300 - 1600 Qt/Ha,No,
5856,COTTON,Phule Dhanwantary (Rh. arb. 02-1),,1400 - 1600 Qt/Ha,No,
5857,COTTON,Anand Desi Cotton-1,,1322 - 1322 Qt/Ha,No,
5858,TOSSA JUTE,BIDHAN PAT-1 (D-18),,1250 - 1381 Qt/Ha,No,
5859,TOSSA JUTE,BIDHAN PAT-2 (D-90),,2250 - 2250 Qt/Ha,No,
5860,HS MESTA,Durga (AMV-5),,2300 - 2500 Qt/Ha,No,
5861,SUNNHEMP,PAU-1691 (Crota-L1),,1600 - 1700 Qt/Ha,No,
5862,SUNNHEMP,Sailash (SH-4),,1200 - 1300 Qt/Ha,No,
5863,SENJI,SAFED-76,,,No,
5864,SENJI,WHITE SENJI (HFWS 55),,1200 - 1500 Qt/Ha,No,
5865,BAJRA NAPIER HYBRID,CO.3,,900 - 1000 Qt/Ha,No,
5866,TOSSA JUTE,Rithika (JROG-1),"ASSAM, BIHAR, ODISHA, WEST BENGAL",27.93 - 27.93 Qt/Ha,Yes,Medium
5867,BAJRA NAPIER HYBRID,KKM-1 (ACK-2),,,No,
5868,BAJRA NAPIER HYBRID,Narendra Chara Bajra-2 (NDFB-2),,1000 - 1000 Qt/Ha,No,
5869,BERSEEM (EGYPTIAN CLOVER),BL-1,,,No,
5870,BERSEEM (EGYPTIAN CLOVER),BL-10,,60000 - 70000 Qt/Ha,No,
5871,BERSEEM (EGYPTIAN CLOVER),BL 42,,95000 - 96000 Qt/Ha,No,
5872,GOBHI SARSON (FORAGE),GSL-2,,1500 - 1800 Qt/Ha,No,
5873,GOBHI SARSON (FORAGE),PGSH-51,,1900 - 2100 Qt/Ha,No,
5874,Sorghum (fodder),Pant Chari 7 (UTFS 46),UTTARAKHAND,500 - 600 Qt/Ha,Yes,Medium
5875,COTTON,BIKANERI NARMA,,,No,
5876,OAT,OL 10 (OL 1709),,,No,
5877,GOBHI SARSON (FORAGE),NEELAM,,1500 - 2000 Qt/Ha,No,
5878,GOBHI SARSON (FORAGE),GSC 5,,900 - 1100 Qt/Ha,No,
5879,GOBHI SARSON (FORAGE),Terri Uttam Jawahar,,1500 - 1700 Qt/Ha,No,
5880,GOBHI SARSON (FORAGE),OCN-3,,1400 - 1500 Qt/Ha,No,
5881,GUAR (CLUSTER BEAN),HARYANA GUAR-365,,,No,
5882,GUAR (CLUSTER BEAN),KANCHAN BAHAR (M-83),,7500 - 7800 Qt/Ha,No,
5883,GUAR (CLUSTER BEAN),AGAITA GUARA-111,,,No,
5884,GUAR (CLUSTER BEAN),AGETA GUARA-112,,,No,
5885,GUAR (CLUSTER BEAN),Gaur Lathi (RGC-1066),RAJASTHAN,10 - 14 Qt/Ha,Yes,Early
5886,GUAR (CLUSTER BEAN),GUARA-80,,1468 - 1468 Qt/Ha,No,
5887,GUINEA GRASS,PGG-518,,35000 - 55000 Qt/Ha,No,
5888,GUAR (CLUSTER BEAN),HG 870,HARYANA,20 - 22 Qt/Ha,Yes,Early
5889,GUINEA GRASS,Co-2,,27000 - 28000 Qt/Ha,No,
5890,LUCERNE (ALFALFA),AL-3 (ANAND LUCERNE-3),,20000 - 30000 Qt/Ha,No,
5891,LUCERNE (ALFALFA),LL-COMPOSITE-5,,72000 - 73000 Qt/Ha,No,
5892,GUINEA GRASS,Selection-1,,35000 - 55000 Qt/Ha,No,
5893,LUCERNE (ALFALFA),GAU. L-1 (ANAND-2),,20000 - 30000 Qt/Ha,No,
5894,OAT,HARYANA JAVI-8,,,No,
5895,OAT,PALAMPUR-1,,,No,
5896,OAT,OS-7,,50000 - 55000 Qt/Ha,No,
5897,Sorghum (fodder),Pusa Vjari Hybrid 109 (PCH 109),,,No,
5898,OAT,Sabzaar,,3007 - 3007 Qt/Ha,No,
5899,RICE BEAN (RED BEAN),Konkan Ricebean -1,,15000 - 17500 Qt/Ha,No,
5900,RICE BEAN (RED BEAN),RBL-6,,15000 - 17500 Qt/Ha,No,
5901,SETARIA GRASS (PIGEON GRASS),Setaria-92,,25000 - 30000 Qt/Ha,No,
5902,DHARAF GRASS (GORIS/CURIA),GAU-D-1,,1700 - 1800 Qt/Ha,No,
5903,NAPIER GRASS (ELEPHANT GRASS),SAMPOORNA (DHN-6),,35000 - 55000 Qt/Ha,No,
5904,NAPIER GRASS (ELEPHANT GRASS),APBN-1,,35000 - 55000 Qt/Ha,No,
5905,COTTON,H-1226,,1258 - 2388 Qt/Ha,No,
5906,STYLOSANTHES,Phule Kranti (RSS-2000-95),,,No,
5907,RED CLOVER,PRC-3,,25000 - 30000 Qt/Ha,No,
5908,Sorghum (fodder),CSH 30 (SPH 1655),,,No,
5909,Sorghum (fodder),K-11,,,No,
5910,SESAME (GINGELLY),KAYAMKULAM-2,,,No,
5911,ONION,PUNJAB-48,,,No,
5912,SESAME (GINGELLY),J.T-7 (KANCHAN TIL),,,No,
5913,Bajra (Fodder),RAJ. BAJRA CHARI-3.,,,No,
5914,Bajra (Fodder),MFSH-3,,,No,
5915,SUGARCANE (NOBLE CANE),CO M 7714 (Krishna)/CO M 88121,,,No,
5916,TOMATO,SIOUX,,,No,
5917,Sorghum (fodder),Pant Chari-8 (UTMC 535),UTTARAKHAND,700 - 750 Qt/Ha,Yes,Medium
5918,ONION,PUNJAB SELECTION,,,No,
5919,SUGARCANE (NOBLE CANE),MADHUMATHI,,,No,
5920,SUGARCANE (NOBLE CANE),CoJ 89,,,No,
5921,SUGARCANE (NOBLE CANE),CoC 671 (Vasanth-1),,14400 - 15100 Qt/Ha,No,
5922,SUGARCANE (NOBLE CANE),Sarada (93A 145),,,No,
5923,SUGARCANE (NOBLE CANE),Madhuri (Co394164),,6000 - 80000 Qt/Ha,No,
5924,SUGARCANE (NOBLE CANE),COH-119 (Haryana Ganna-119),,85000 - 90000 Qt/Ha,No,
5925,SUGARCANE (NOBLE CANE),COH-110 (Haryana Ganna-110),,85000 - 90000 Qt/Ha,No,
5926,SUGARCANE (NOBLE CANE),COC (Sc)-22,,12000 - 20000 Qt/Ha,No,
5927,SUGARCANE (NOBLE CANE),C0-94012,,,No,
5928,SUGARCANE (NOBLE CANE),SNK-004,,,No,
5929,LINSEED,JAWAHAR LINSEED-9,,,No,
5930,SESAME (GINGELLY),N-58-2,,,No,
5931,SUGARCANE (NOBLE CANE),Co 92005,,,No,
5932,ONION,MDU-1,,,No,
5933,TAPIOCA (CASSAVA),CO-2,,37500 - 37500 Qt/Ha,No,
5934,GRAIN AMARANTHUS,Kapilasa (BGA-2),,1300 - 1300 Qt/Ha,No,
5935,PADDY (DHAN),US 312 (IET 19513),,,No,
5936,COTTON,Cotton 32OF,,,No,
5937,TOBACCO,NBD-43,,1500 - 2000 Qt/Ha,No,
5938,GARLIC,Yamuna Safed-4 (G-323),,20000 - 25000 Qt/Ha,No,
5939,ONION,PHULE SUVARNA (RHR-87015),,24067 - 24067 Qt/Ha,No,
5940,ONION,Akola Safed (PKV Selection white),,18000 - 25000 Qt/Ha,No,
5941,COTTON,Anusaya (NH-615),,1200 - 1500 Qt/Ha,No,
5942,ONION,ARKA KALYAN (Sel. 14),,46000 - 47000 Qt/Ha,No,
5943,ONION,ARKA NIKETAN (Sel. 13),,41000 - 42000 Qt/Ha,No,
5944,ONION,CO. 3,,,No,
5945,ONION,CO. 2,"TELANGANA, TAMIL NADU, KARNATAKA, ANDHRA PRADESH",356+ Qt/Ha,Yes,
5946,ONION,Phule Samarth (S-1),MAHARASHTRA,200 - 250 Qt/Ha,Yes,Early
5947,CASHEW,VRI-4 (M 15/4),,3620 - 3620 Qt/Ha,No,
5948,CAULIFLOWER,Pusa Sharad (Sel.-309-1-2),,24000 - 24000 Qt/Ha,No,
5949,FRENCH BEAN (VEGETABLE),SHALIMAR RAJMASH-01,,1275 - 1275 Qt/Ha,No,
5950,CAULIFLOWER,Palam Vachitra,,225 - 250 Qt/Ha,No,
5951,BROCCOLI,Palam Haritica,HIMACHAL PRADESH,175 - 225 Qt/Ha,Yes,Late
5952,CAULIFLOWER,RC-Job-1,,24500 - 24500 Qt/Ha,No,
5953,SESAME (GINGELLY),N-128,,,No,
5954,FINGER MILLET (RAGI),SUVRA (OUAT-2),,,No,
5955,CAULIFLOWER,Kataki,,,No,
5956,SESAME (GINGELLY),TC-25,,,No,
5957,KNOL-KHOL,LARGE GREEN,,,No,
5958,BITTER GOURD,PHULE GREEN GOLD (RHRBG-5),,23400 - 23400 Qt/Ha,No,
5959,BITTER GOURD,CO-1,,18000 - 22000 Qt/Ha,No,
5960,BITTER GOURD,Kalyanpur Barahmasi,,,No,
5961,BITTER GOURD,MDU.1,,32000 - 34000 Qt/Ha,No,
5962,COTTON,Orugallu Krishna (WGHH-2),,,No,
5963,BOTTLE GOURD,Kashi Ganga (DVBG-1),,4500 - 5500 Qt/Ha,No,
5964,SESAME (GINGELLY),N-32,,,No,
5965,BOTTLE GOURD,Kalianpur Long green,,,No,
5966,CUCUMBER,PHULE SHUBHANGI (SEL 75-1-10),,18070 - 18070 Qt/Ha,No,
5967,POINTED GOURD (PARWAL),Swarna Rekha,"BIHAR, JHARKHAND, ODISHA, WEST BENGAL, UTTAR PRADESH",300 - 350 Qt/Ha,Yes,Perennial
5968,POINTED GOURD (PARWAL),Swarna Alaukik,"BIHAR, JHARKHAND, ODISHA, WEST BENGAL, UTTAR PRADESH",200 - 250 Qt/Ha,Yes,Perennial
5969,BOTTLE GOURD,Narendra Dharidar (NDBG-802-1),UTTAR PRADESH,350 - 380 Qt/Ha,Yes,Early
5970,PUMPKIN,KASHI HARIT (IVPK-226),,25000 - 30000 Qt/Ha,No,
5971,TALL FESCUE GRASS,HIM-1,,,No,
5972,BERSEEM (EGYPTIAN CLOVER),Jawahar Berseem-1,,,No,
5973,PUMPKIN,SARAS,KERALA,360 - 390 Qt/Ha,Yes,Medium
5974,PUMPKIN,NARENDRA ABHOOSHAN(NDPKH-1),UTTAR PRADESH,650 - 700 Qt/Ha,Yes,Early
5975,PUMPKIN,AZAD PUMPKIN-1,,50000 - 55000 Qt/Ha,No,
5976,MUSK MELON,Hara Madhu,,,No,
5977,MUSK MELON,Gujarat Muskmelon-2,,10000 - 20000 Qt/Ha,No,
5978,MUSK MELON,Gujarat Muskmelon-1,,10000 - 20000 Qt/Ha,No,
5979,MUSK MELON,Punjab Sunehri,,,No,
5980,MUSK MELON,Narendra Muskmelon-1(NDM-2),UTTAR PRADESH,125 - 150 Qt/Ha,Yes,Medium
5981,MUSK MELON,Punjab Anmol,,18000 - 20000 Qt/Ha,No,
5982,RIDGE GOURD,CO-2,,20000 - 27000 Qt/Ha,No,
5983,COTTON,DEVIRAJ,,,No,
5984,POINTED GOURD (PARWAL),Kashi Alankar (VRPG-1),,20300 - 20400 Qt/Ha,No,
5985,SPONGE GOURD,Pusa Sneha,,11000 - 12000 Qt/Ha,No,
5986,TOMATO,JunagarhRuby,,25000 - 40000 Qt/Ha,No,
5987,CLUSTER BEAN,Gaur Lathi (RGC-1066) fodder,,,No,
5988,SNAKE GOURD,CO-1,,,No,
5989,SNAKE GOURD,PKM-1,,,No,
5990,SPONGE GOURD,Azad Torai Chikni-1,,15000 - 20000 Qt/Ha,No,
5991,SPONGE GOURD,Kalianpur Hari Chinkni,,,No,
5992,WATERMELON,Sugar Baby,,,No,
5993,GUAR (CLUSTER BEAN),DURGAJAY,,,No,
5994,GUAR (CLUSTER BEAN),DURGAPURA SAFED,,,No,
5995,IVY GOURD,INDIRA KUNDRU-35,,93700 - 93700 Qt/Ha,No,
5996,IVY GOURD,INDIRA KUNDRU-05,,,No,
5997,SNAKE GOURD,Baby,KERALA,490 - 510 Qt/Ha,Yes,Medium
5998,CHINA ASTOR,PHULE WHITE (LINE 6),,,No,
5999,CHINA ASTOR,PHULE VIOLET (LINE 7),,,No,
6000,CHINA ASTOR,PHULE PINK (LINE 8),,,No,
6001,COTTON,CSHG 1862,,,No,
6002,CHINA ASTOR,PHULE PURPLE (LINE 9),,,No,
6003,BANANA,BRS-1,,23000 - 25200 Qt/Ha,No,
6004,GLADIOLUS,PHULE TEJAS (GK-GL-94-101),,2048 - 2048 Qt/Ha,No,
6005,GLADIOLUS,PHULE NEELREKHA (GK-GL-94-5),,270 - 270 Qt/Ha,No,
6006,TOMATO,Kalinapur Angoorlata,,,No,
6007,ROSE,PUSA MANSIJ (B.S.RSSN-5),,45 - 45 Qt/Ha,No,
6008,TUBERROSE,SHRINGAR,,14000 - 15000 Qt/Ha,No,
6009,CARNATION,IIHRP 1 (Arka Flame),,,No,
6010,ACID LIME,RAHURI  SHARBATI (RHR-1-49),,,No,
6011,ACID LIME,Tenali(Tenali Clone),,117 - 117 Qt/Ha,No,
6012,ACID LIME,PDKV Lime (Local Kogzi lime),,33 - 33 Qt/Ha,No,
6013,PEARS,PUNJAB SOFT,,86 - 86 Qt/Ha,No,
6014,MANGO,KONKAN RUCHI (HYBRID-4),,7103 - 7103 Qt/Ha,No,
6015,BANANA,BRS-2,,28000 - 29400 Qt/Ha,No,
6016,ORANGE,NAGPUR SEEDLESS,,476 - 746 Qt/Ha,No,
6017,MANGO,RAHURI  SUGANDH (RHR-M-1),,,No,
6018,GRAPES,PUNJAB PURPLE,,24820 - 24820 Qt/Ha,No,
6019,PEARS,PUSA SRIJAN,,2830 - 2830 Qt/Ha,No,
6020,SESAME (GINGELLY),PATAN-64,,500 - 750 Qt/Ha,No,
6021,FRENCH BEAN (VEGETABLE),AZAD RAJMAH-1,,800 - 1000 Qt/Ha,No,
6022,JAMUN,KONKAN BAHADOLI,,125 - 150 Qt/Ha,No,
6023,BRINJAL,Junagadh Long,,,No,
6024,ORANGE,NAGPUR SANTRA,,536 - 536 Qt/Ha,No,
6025,PINEAPPLE,AMRITA,,80000 - 85000 Qt/Ha,No,
6026,COTTON,Sankar-4 (Hybrid-4),,,No,
6027,BRINJAL,GUJARAT BRINJAL LONG-1,,15000 - 20000 Qt/Ha,No,
6028,BRINJAL,ANNAMALAI,,20000 - 30000 Qt/Ha,No,
6029,BARLEY,LAKHAN (K-226),,2500 - 3200 Qt/Ha,No,
6030,BRINJAL,CO-1,,20000 - 40000 Qt/Ha,No,
6031,BRINJAL,AZAD KRANTI,,20000 - 40000 Qt/Ha,No,
6032,BRINJAL,Phule Harit (RHRB-16),,22000 - 47800 Qt/Ha,No,
6033,BRINJAL,Arka Nidhi (IIHR-12),,20000 - 40000 Qt/Ha,No,
6034,BRINJAL,Kashi Prakash (VIBR-1),,40000 - 50000 Qt/Ha,No,
6035,FRENCH BEAN (VEGETABLE),KENTUCKY WONDER,,,No,
6036,BRINJAL,Swarna Shyamali,"BIHAR, JHARKHAND",600 - 650 Qt/Ha,Yes,Early
6037,BARLEY,JAGRATI,,3500 - 4000 Qt/Ha,No,
6038,CHILLIES,M.D.U.I,,1800 - 2000 Qt/Ha,No,
6039,BRINJAL,AZAD B-1 ROUND,,20000 - 40000 Qt/Ha,No,
6040,BRINJAL,JUNAGARH OBLONG,,20000 - 30000 Qt/Ha,No,
6041,BRINJAL,KALINANPUR TYPE-3,,,No,
6042,BRINJAL,PUNJAB NO.8,,,No,
6043,BRINJAL,JBGR-99-5,,30000 - 45000 Qt/Ha,No,
6044,CHILLIES,RCh-1,,2043 - 2626 Qt/Ha,No,
6045,CHILLIES,CO.3,,,No,
6046,CHILLIES,KASHMIR LONG-1,,,No,
6047,CHILLIES,Azad Mirch-1,,100 - 125 Qt/Ha,No,
6048,FRENCH BEAN (VEGETABLE),PHULE SUYASH (GK-7),MAHARASHTRA,150 - 160 Qt/Ha,Yes,Medium
6049,CHILLIES,Anugraha,KERALA,270 - 271 Qt/Ha,Yes,Medium
6050,CHILLIES,Arka Suphal (PMR 57/88K),,2200 - 2500 Qt/Ha,No,
6051,CHILLIES,CO.1,,,No,
6052,CHILLIES,CO.2,,2100 - 2200 Qt/Ha,No,
6053,CHILLIES,DH-76-6,,,No,
6054,CHILLIES,K-1,,15000 - 20000 Qt/Ha,No,
6055,CHILLIES,K-2,,12000 - 15000 Qt/Ha,No,
6056,SESAME (GINGELLY),TMV-4,,,No,
6057,CHILLIES,Arka Harita (MSH 96),,30000 - 30000 Qt/Ha,No,
6058,GUAR (CLUSTER BEAN),DURGABAHAR (RG-C-955),,,No,
6059,BHINDI (OKRA),AZAD BHINDI-1 (AZAD GANGA),,9000 - 15000 Qt/Ha,No,
6060,BHINDI (OKRA),Azad BHINDI-2,,600 - 700 Qt/Ha,No,
6061,BHINDI (OKRA),Kashi Satdhari (IIVR-10),,13000 - 16000 Qt/Ha,No,
6062,SUGARCANE (NOBLE CANE),CO.S.767,,78200 - 78200 Qt/Ha,No,
6063,BHINDI (OKRA),Phule Utkarshia (GK-IV-3-3-3),MAHARASHTRA,220 - 230 Qt/Ha,Yes,Medium
6064,BHINDI (OKRA),Punjab Padmini,,,No,
6065,BHINDI (OKRA),Gujarat Bhinda-1,,8000 - 10000 Qt/Ha,No,
6066,BHINDI (OKRA),M.D.U.I-1,,9500 - 9500 Qt/Ha,No,
6067,NAPIER GRASS (ELEPHANT GRASS),CO-1,,,No,
6068,LINSEED,Bhagsu,,4000 - 4500 Qt/Ha,No,
6069,TOMATO,Nandi (TLB-130),,40000 - 45000 Qt/Ha,No,
6070,TOMATO,Vybhat (TLB-182),,45000 - 50000 Qt/Ha,No,
6071,TOMATO,Azad T-6,,100 - 110 Qt/Ha,No,
6072,TOMATO,Gujarat Tomato-2 (GT-2),,25000 - 40000 Qt/Ha,No,
6073,TOMATO,CO-2,,,No,
6074,TOMATO,KEEKRUTH,,,No,
6075,TOMATO,KEEKRUTH AGETI,,,No,
6076,TOMATO,NTDR - 1,,,No,
6077,TOMATO,Narendra Tomato- 6(NDT-4),UTTAR PRADESH,380 - 400 Qt/Ha,Yes,Medium
6078,TOMATO,Kalinanpur T-1,,,No,
6079,TOMATO,H-S-101,,,No,
6080,TOMATO,PKM-1,,235 - 250 Qt/Ha,No,
6081,TOMATO,Punjab Chhuara,,,No,
6082,TOMATO,Punjab NR-7,,25000 - 40000 Qt/Ha,No,
6083,RADISH,KASHI SWETA (IIVR-1),,40000 - 45000 Qt/Ha,No,
6084,TOMATO,Punjab Tropic,,,No,
6085,TOMATO,S-120,,,No,
6086,TOMATO,SOLAN GOLA,,,No,
6087,TOMATO,VASUNDHARA (Hy.28),,45000 - 55000 Qt/Ha,No,
6088,Maize (fodder),J-1006,,,No,
6089,CAULIFLOWER,PUSA SNOWBALL-2,,,No,
6090,POTATO,Kufri Sadabahar(MS/93-1344),,35000 - 40000 Qt/Ha,No,
6091,POTATO,Kufri Chandramukhi,,,No,
6092,COLOCASIA,INDIRA ARVI-1,,22000 - 22000 Qt/Ha,No,
6093,INDIAN BEAN (DOLICHOS BEAN),PHULE GAURI (RHRWL-1),,25893 - 25893 Qt/Ha,No,
6094,COLOCASIA,SREE KIRAN (H-13),,15000 - 15000 Qt/Ha,No,
6095,COLOCASIA,BHAVAPURI (KCS 2),,,No,
6096,COWPEA (VEGETABLE),Kashi Gauri (IVRCP-2),,10000 - 12000 Qt/Ha,No,
6097,PADDY (DHAN),KARJAT-3,,4500 - 5000 Qt/Ha,No,
6098,PEA (VEGETABLE),Kashi Shakti (VR-7),,1300 - 1500 Qt/Ha,No,
6099,CORIANDER,RCR.436,,1000 - 12500 Qt/Ha,No,
6100,CORIANDER,RCR-435,,1000 - 12500 Qt/Ha,No,
6101,CORIANDER,SUDHA,,3400 - 5700 Qt/Ha,No,
6102,CUMIN,GUJARAT CUMIN-4 (GC-4),,700 - 800 Qt/Ha,No,
6103,PADDY (DHAN),IET-7564,,3000 - 3300 Qt/Ha,No,
6104,FENNEL,RF-101,,1400 - 1700 Qt/Ha,No,
6105,AJWAIN (BISHOPS WEED),AZAD AJWAIN-1,,1100 - 1200 Qt/Ha,No,
6106,FENNEL,RF-125,,1500 - 1700 Qt/Ha,No,
6107,NUTMEG,KONKAN SWAD,,461 - 461 Qt/Ha,No,
6108,MAIZE (MAKKA),JKMH-222,,7906 - 7906 Qt/Ha,No,
6109,SESAME (GINGELLY),PURVE-1,,400 - 450 Qt/Ha,No,
6110,BARLEY,PL-419,,2500 - 3500 Qt/Ha,No,
6111,BARLEY,PL-426,,4800 - 4800 Qt/Ha,No,
6112,BARLEY,MANJULA (K-329),,3000 - 3500 Qt/Ha,No,
6113,BARLEY,GEETANJALI (K-1149),,2200 - 2700 Qt/Ha,No,
6114,BARLEY,BG-105,,,No,
6115,BARLEY,NARENDRA BARLEY-1 (NDB-209),,2300 - 3050 Qt/Ha,No,
6116,BARLEY,NARENDRA BARLEY-2 (NDB-940),,4000 - 5000 Qt/Ha,No,
6117,BARLEY,VL Barley-56,,2565 - 2565 Qt/Ha,No,
6118,BARLEY,PRITI (K 409),,3500 - 4000 Qt/Ha,No,
6119,SUGARCANE (NOBLE CANE),HARYANA-92 (COH 92201),,75000 - 90000 Qt/Ha,No,
6120,PADDY (DHAN),RADHI (CRM-40),,4000 - 4500 Qt/Ha,No,
6121,BARLEY,DWR 28 (MALT BARLEY),,4140 - 4140 Qt/Ha,No,
6122,BARLEY,NARENDRA BARLEY-3 (NDB-1020),,2200 - 3200 Qt/Ha,No,
6123,BARLEY,BH 393,,4600 - 4600 Qt/Ha,No,
6124,MAIZE (MAKKA),ARETI-76,,,No,
6125,MAIZE (MAKKA),900M Gold (M ON 26),,,No,
6126,BARLEY,RD-2592,,4360 - 5320 Qt/Ha,No,
6127,RADISH,S-WHITE,,,No,
6128,PADDY (DHAN),HKR-126,,2960 - 2960 Qt/Ha,No,
6129,SOYBEAN,JS 20-29,MADHYA PRADESH,25 - 30 Qt/Ha,Yes,Early
6130,PADDY (DHAN),SAGARSAMBA,,5500 - 6000 Qt/Ha,No,
6131,PADDY (DHAN),RP-732,,6650 - 6650 Qt/Ha,No,
6132,PADDY (DHAN),HIMALAYA-799,,3700 - 4000 Qt/Ha,No,
6133,PADDY (DHAN),MAHI SUGANDHA,,4500 - 6000 Qt/Ha,No,
6134,PADDY (DHAN),KARJAT-2,,4300 - 5000 Qt/Ha,No,
6135,KNOL-KHOL,EARLY PURPLE VIENNA,,,No,
6136,PADDY (DHAN),Jala Mani (CR Dhan 503) (IET 20214) (CR -2282-1-2-5-1),,,No,
6137,PADDY (DHAN),AMRUT,,3500 - 3700 Qt/Ha,No,
6138,PADDY (DHAN),TURANT DHAN,,2500 - 3000 Qt/Ha,No,
6139,PADDY (DHAN),PMK-2 (IET-13971),,2540 - 3174 Qt/Ha,No,
6140,PADDY (DHAN),MTU-9993,,2000 - 6000 Qt/Ha,No,
6141,PADDY (DHAN),JHELUM (SKAU-27),,6200 - 6500 Qt/Ha,No,
6142,PADDY (DHAN),CHENAB (SKAU-23),,6100 - 6100 Qt/Ha,No,
6143,PADDY (DHAN),Jayanti,,,No,
6144,PADDY (DHAN),MDU-5,,3000 - 4500 Qt/Ha,No,
6145,PADDY (DHAN),VIJETHA (MTU-1001),,6500 - 9750 Qt/Ha,No,
6146,PADDY (DHAN),BASMATI-386,,2080 - 3556 Qt/Ha,No,
6147,PADDY (DHAN),COR-46 (TNAU BPHR 831293),,5000 - 6020 Qt/Ha,No,
6148,PADDY (DHAN),ASD-20 (AS-89044) (IET-13181),,6713 - 11803 Qt/Ha,No,
6149,PADDY (DHAN),BARH AVARODHI (IET-11295),,2500 - 3000 Qt/Ha,No,
6150,PADDY (DHAN),MALVIYA DHAN-36,,4200 - 4500 Qt/Ha,No,
6151,PADDY (DHAN),ADT-42 (IET-13239),,2000 - 5600 Qt/Ha,No,
6152,PADDY (DHAN),CORH-1,,5900 - 5900 Qt/Ha,No,
6153,SOYBEAN,Phule Kalyani (DS-228),MAHARASHTRA,23 - 24 Qt/Ha,Yes,Early
6154,SOYBEAN,CO(Soy)3,TAMIL NADU,,Yes,
6155,PADDY (DHAN),"POORNIMA (IET-12284, R-281-PP-31-1)",,2947 - 5527 Qt/Ha,No,
6156,PADDY (DHAN),KRISHNA HAMSA,,4500 - 5000 Qt/Ha,No,
6157,CAULIFLOWER,Pusa Meghna (DC/98-2),,12000 - 13000 Qt/Ha,No,
6158,PADDY (DHAN),INDUR SAMBA (PDR-763),,5000 - 5500 Qt/Ha,No,
6159,PADDY (DHAN),KESHEVA (KRH-2),,5500 - 6000 Qt/Ha,No,
6160,PADDY (DHAN),SHIVA (WGL-3943),,6000 - 6500 Qt/Ha,No,
6161,RADISH,HISAR SELECTION-1,,33900 - 39900 Qt/Ha,No,
6162,PADDY (DHAN),SONAMANI (CR-644),,4000 - 4500 Qt/Ha,No,
6163,PADDY (DHAN),TAPASWINI,,4000 - 7000 Qt/Ha,No,
6164,PADDY (DHAN),DHALA HEERA,,3000 - 4000 Qt/Ha,No,
6165,PADDY (DHAN),NARENDRA USAR-2,,4000 - 4500 Qt/Ha,No,
6166,PADDY (DHAN),LUIT (TTB-127-216-2),,,No,
6167,PADDY (DHAN),ADT-43 (IET-14878),,8000 - 6000 Qt/Ha,No,
6168,PADDY (DHAN),CORH-2,,6071 - 6071 Qt/Ha,No,
6169,PADDY (DHAN),ADTRH-1 (ADRH-4),,1000 - 1000 Qt/Ha,No,
6170,PADDY (DHAN),TKM-11 (TM-6012),,3000 - 3000 Qt/Ha,No,
6171,NIGER (RAMTIL),IGP-76,,,No,
6172,COTTON,LD-491,,857 - 1347 Qt/Ha,No,
6173,PADDY (DHAN),VAGAD DHAN,,1800 - 2000 Qt/Ha,No,
6174,PADDY (DHAN),WGL-3962,,5500 - 6000 Qt/Ha,No,
6175,PADDY (DHAN),GURJARI,,5000 - 8000 Qt/Ha,No,
6176,PADDY (DHAN),Hiranmayee (QR2329- 44) (IET 20601),,,No,
6177,TAPIOCA (CASSAVA),Sree Apoorva (Triploid 5 - 3),,,No,
6178,ONION,PUSA RATNAR,,,No,
6179,ONION,AGRI FOUND DARK RED,,20000 - 25000 Qt/Ha,No,
6180,PADDY (DHAN),VEDAGIRI (NLR-33641),,6000 - 6500 Qt/Ha,No,
6181,FRENCH BEAN (VEGETABLE),PREMIER,,,No,
6182,CAULIFLOWER,HISSAR-1,,,No,
6183,PADDY (DHAN),COTTONDORA SANNALU (MTU-1010),,6700 - 7400 Qt/Ha,No,
6184,PADDY (DHAN),SHATABDI (IET-4786),,3500 - 6000 Qt/Ha,No,
6185,PADDY (DHAN),VASUNDHARA (RGL-2538),,5500 - 6000 Qt/Ha,No,
6186,PADDY (DHAN),CO-47 (IET-14298),,5832 - 9500 Qt/Ha,No,
6187,PADDY (DHAN),SRIKAKULAM SANNALU (RGL-2537),,5500 - 6300 Qt/Ha,No,
6188,BRINJAL,MDU-1,,,No,
6189,PADDY (DHAN),GOLAK (IET-11898),,3000 - 3000 Qt/Ha,No,
6190,PADDY (DHAN),SUNIL (IET 11896),,1800 - 2700 Qt/Ha,No,
6191,PADDY (DHAN),SUDHIR (IET-10543),,2900 - 4900 Qt/Ha,No,
6192,PADDY (DHAN),NEERAJA (IET-11865),,2150 - 3500 Qt/Ha,No,
6193,PADDY (DHAN),BHAGIRATHI (IET-11272),,2800 - 4600 Qt/Ha,No,
6194,SESAME (GINGELLY),KALIKA (BM-3-7),,572 - 664 Qt/Ha,No,
6195,TORIA,IMPROVED TORIA SELECTION-A,,,No,
6196,PADDY (DHAN),MAHANANDA,,1800 - 4000 Qt/Ha,No,
6197,PADDY (DHAN),SASHI,,2930 - 5500 Qt/Ha,No,
6198,PADDY (DHAN),PNR-519,,5500 - 5500 Qt/Ha,No,
6199,PADDY (DHAN),SAHYADRI,,6000 - 6500 Qt/Ha,No,
6200,HORSE GRAM (KULTHI),PHG-9,,1000 - 1200 Qt/Ha,No,
6201,GROUNDNUT,CHANDRA (AH-114),,,No,
6202,GROUNDNUT,BIRSA GROUNDNUT-2 (BG-2),,,No,
6203,PADDY (DHAN),ADT-44,,6214 - 6214 Qt/Ha,No,
6204,MAIZE (MAKKA),HSC1,,1200 - 1200 Qt/Ha,No,
6205,BITTER GOURD,PHULE PRIYANKA (RHRBGH-1),,19106 - 19106 Qt/Ha,No,
6206,PADDY (DHAN),NARENDRA USAR-3,,4500 - 4500 Qt/Ha,No,
6207,PADDY (DHAN),KARNATAKA HILL PADDY-5 (KHP-5),,3500 - 4000 Qt/Ha,No,
6208,PADDY (DHAN),HEMA VATHI (DWR-4107),,4500 - 5000 Qt/Ha,No,
6209,PADDY (DHAN),SRAVANI (NLR-33359),,6000 - 6000 Qt/Ha,No,
6210,PADDY (DHAN),SWATHI (NLR-33057),,6000 - 6000 Qt/Ha,No,
6211,PADDY (DHAN),BHARANI (NLR 30491),,6000 - 6000 Qt/Ha,No,
6212,PADDY (DHAN),SURYA (BPT-4358)(IET 15721),,6000 - 6000 Qt/Ha,No,
6213,PADDY (DHAN),Kavery,,,No,
6214,PADDY (DHAN),GNR-2,,,No,
6215,BARLEY,HBL 391 (Gokul),,3200 - 3200 Qt/Ha,No,
6216,PEARL MILLET,Haveri Super Boss (MH 1553),,,No,
6217,PADDY (DHAN),PR 121 (RYT 3240),,,No,
6218,PADDY (DHAN),Pani Dhan-1,,,No,
6219,PADDY (DHAN),Vijetha (MTU 1001),,,No,
6220,PADDY (DHAN),Sheethal (WGL-283) (IET-  20987),,,No,
6221,PADDY (DHAN),Siddhi (WGL-44) (IET-19387),,,No,
6222,PADDY (DHAN),Shalimar Rice-3,"JAMMU, KASHMIR",36 - 38 Qt/Ha,Yes,Medium
6223,PADDY (DHAN),Tanmayee (OR2329-44) (20262),,,No,
6224,PADDY (DHAN),TRY (R)  2,,2547 - 2547 Qt/Ha,No,
6225,PADDY (DHAN),"BAMLESHWARI (IET No.14444, R 738-1-64-2-2)",,4732 - 4732 Qt/Ha,No,
6226,PADDY (DHAN),"DANTESHWARI (IET No. 15450, R 302-111)",,3405 - 3405 Qt/Ha,No,
6227,PADDY (DHAN),CR 683-123 (IET-11283),,3500 - 5000 Qt/Ha,No,
6228,PADDY (DHAN),ADT (R) 45 (IET-15924),,4000 - 4000 Qt/Ha,No,
6229,BHINDI (OKRA),PHULE KIRTI RHROH-4 (HYBRID),,16360 - 16360 Qt/Ha,No,
6230,FENUGREEK,GUJRAT METHI-1,,1500 - 2000 Qt/Ha,No,
6231,PADDY (DHAN),KAU 87117 (KARUNA),,4500 - 5000 Qt/Ha,No,
6232,PADDY (DHAN),DEEPTHI (WND 111),,4000 - 4100 Qt/Ha,No,
6233,PADDY (DHAN),"KAUM 45-20-1 (D6) (MO 17-REVATHY, IET-15322)",,5000 - 5500 Qt/Ha,No,
6234,SWEET POTATO,Sree Arun,,20000 - 28000 Qt/Ha,No,
6235,FENUGREEK,Azad Methi-1,,1500 - 2000 Qt/Ha,No,
6236,PADDY (DHAN),PR-4141,,4000 - 4500 Qt/Ha,No,
6237,PADDY (DHAN),"KAUM 42-6-3 (D1) (MO 16-UMA, IET-14758)",,6500 - 7000 Qt/Ha,No,
6238,SUNFLOWER,KBSH-44,,,No,
6239,SUNFLOWER,DRSH-1(PCSH-243),,,No,
6240,PADDY (DHAN),"KAUM 20-19-4 (MO 15-REMNIKA, IET-13981)",,5500 - 6000 Qt/Ha,No,
6241,LINSEED,K-2,,,No,
6242,PADDY (DHAN),KUMBHAM (KTR-3),,4738 - 4838 Qt/Ha,No,
6243,PADDY (DHAN),MANOHAR SALI,,,No,
6244,PADDY (DHAN),"KAUM 59-29-2-1-2 (GM-1) (MO 13-PAVITHRA, IET-13983)",,6000 - 7000 Qt/Ha,No,
6245,LINSEED,PKV-NL-260 (NL-260),,,No,
6246,PADDY (DHAN),MAKARAM (KTR-2),,5209 - 5309 Qt/Ha,No,
6247,PADDY (DHAN),KAUA 4-4-2 (HARSHA),,4500 - 5000 Qt/Ha,No,
6248,PADDY (DHAN),GUAR-100,,,No,
6249,PADDY (DHAN),SARLA CR-260-77 (IET-10279),,4500 - 5000 Qt/Ha,No,
6250,PADDY (DHAN),MUGAD SUGANDHA-1 (IET-13549),,3200 - 3500 Qt/Ha,No,
6251,PADDY (DHAN),JAGABANDHU (OR 1206-25-1)(IET-14100),,4415 - 4515 Qt/Ha,No,
6252,CUCUMBER,Japanese Long green,,,No,
6253,PADDY (DHAN),"BHUDEB(CN-1035-61), (IET-14496)",,3160 - 4410 Qt/Ha,No,
6254,PADDY (DHAN),GIRI,,3000 - 5500 Qt/Ha,No,
6255,RADISH,KASHI HANS (VR-2),,15000 - 20000 Qt/Ha,No,
6256,PADDY (DHAN),JALDI DHAN-13(PNR-591-18),,2319 - 4254 Qt/Ha,No,
6257,PADDY (DHAN),BR-2655,,7500 - 8500 Qt/Ha,No,
6258,TOMATO,TH-1,,55000 - 65000 Qt/Ha,No,
6259,BOTTLE GOURD,Lauki Azad Sankar-1,,40000 - 42000 Qt/Ha,No,
6260,PADDY (DHAN),CR Dhan - 405,,,No,
6261,PADDY (DHAN),IGRKVR-1244 (R1244-1246-1-605-1)(IET 19796),,4538 - 4638 Qt/Ha,No,
6262,PADDY (DHAN),INDIRA BARANI DHAN-1 (RF-17-38-70)(IET 21205),,4357 - 4457 Qt/Ha,No,
6263,BOTTLE GOURD,Kashi Bahar (VRH-1),,52800 - 52800 Qt/Ha,No,
6264,PADDY (DHAN),GNR-3,,,No,
6265,BOTTLE GOURD,Anand Bottle Gourd 1 (ABG 1),,23000 - 25000 Qt/Ha,No,
6266,PADDY (DHAN),Parag-401 (PBNR-90-3-401),,,No,
6267,SORGHUM,MAU TYPE-2,,,No,
6268,PADDY (DHAN),IR-49,,,No,
6269,PADDY (DHAN),BASMATI-217,,,No,
6270,PADDY (DHAN),JOHNA-349,,,No,
6271,PADDY (DHAN),NP-130,,,No,
6272,PADDY (DHAN),CHINA-63,,,No,
6273,PADDY (DHAN),ROHINI (PTB-36),,,No,
6274,PADDY (DHAN),ASWATHI (PTB-37),,,No,
6275,PADDY (DHAN),HM-95,,,No,
6276,PADDY (DHAN),MASURI,,,No,
6277,PADDY (DHAN),IR-24,,,No,
6278,PADDY (DHAN),CR-10-193-2-13,,,No,
6279,MUSK MELON,DURGAPURA MADHU,,,No,
6280,PADDY (DHAN),CR-126-33-11 (KALINGA-1),,,No,
6281,PADDY (DHAN),CR-126-42-2 (KALINGA-II),,,No,
6282,PADDY (DHAN),Pusa Basmati 1609 (IET 22778),"UTTARAKHAND, UTTAR PRADESH, DELHI, PUNJAB",38.8 - 46.74 Qt/Ha,Yes,Medium
6283,PADDY (DHAN),ANNAPURNA-28,KERALA,40 - 45 Qt/Ha,Yes,Medium
6284,PADDY (DHAN),BR-34,,,No,
6285,PADDY (DHAN),GUAR-10,,,No,
6286,PADDY (DHAN),LALLU-14,,,No,
6287,PADDY (DHAN),HEMA (CR-5-11),,,No,
6288,PADDY (DHAN),KARUNA,,,No,
6289,PADDY (DHAN),ADT-30,,,No,
6290,PADDY (DHAN),ADT-31,,,No,
6291,PADDY (DHAN),PUSA 2-21,,,No,
6292,PADDY (DHAN),JYOTHI,,,No,
6293,PADDY (DHAN),ARCHANA,,,No,
6294,PADDY (DHAN),CROSS-116,,,No,
6295,PADDY (DHAN),BARKET,,,No,
6296,PADDY (DHAN),BHARATHI (PTB-41),,,No,
6297,PADDY (DHAN),PR-106,,,No,
6298,PADDY (DHAN),CO-41,,,No,
6299,PADDY (DHAN),BHAVANI,,,No,
6300,PADDY (DHAN),BR-8,,,No,
6301,PADDY (DHAN),CHAKIA-59,,,No,
6302,PADDY (DHAN),CHINA-972,,,No,
6303,PADDY (DHAN),CHINA-1039,,,No,
6304,PADDY (DHAN),GIZA-14,,,No,
6305,PADDY (DHAN),IET-2233,,,No,
6306,PADDY (DHAN),IR-22,,,No,
6307,PADDY (DHAN),IR-442-48,,,No,
6308,PADDY (DHAN),IR-579,,,No,
6309,PADDY (DHAN),JALMAGAN,,,No,
6310,PADDY (DHAN),KALIMPONG,,,No,
6311,PADDY (DHAN),KOTHA MALAGOLUKULU-74,,,No,
6312,PADDY (DHAN),MADHUKAR,,,No,
6313,PADDY (DHAN),MR-272,,,No,
6314,PADDY (DHAN),N-22,,,No,
6315,PADDY (DHAN),OC-1393,,,No,
6316,PADDY (DHAN),PHALGUNA,,,No,
6317,PADDY (DHAN),PRABHAT,,,No,
6318,PADDY (DHAN),PRASAD,,,No,
6319,PADDY (DHAN),SABARI,,,No,
6320,PADDY (DHAN),TAWI,,,No,
6321,PADDY (DHAN),TYPE-22A,,,No,
6322,PADDY (DHAN),TYPE-100,,,No,
6323,PADDY (DHAN),SITA,,,No,
6324,PADDY (DHAN),VASISTA,,,No,
6325,PADDY (DHAN),WL-13400,,,No,
6326,PADDY (DHAN),BHADRA (MO-4),,,No,
6327,PADDY (DHAN),P.R.-103,,,No,
6328,PADDY (DHAN),SARJOO-52,,,No,
6329,PADDY (DHAN),TKM-9,,,No,
6330,PADDY (DHAN),ADT-35,,,No,
6331,PADDY (DHAN),IR-34,,,No,
6332,PADDY (DHAN),ASD-15,,,No,
6333,PADDY (DHAN),ADT-36,,,No,
6334,PADDY (DHAN),VYTTILA-2,,,No,
6335,PADDY (DHAN),GMR-17 (IET 2900),,,No,
6336,PADDY (DHAN),VLK DHAN-39,,,No,
6337,PADDY (DHAN),TRIPTI (R-155-341),,,No,
6338,PADDY (DHAN),JALADHI-1 (KALAKHERSAIL),,,No,
6339,PADDY (DHAN),BK-190,,,No,
6340,PADDY (DHAN),RAJENDRA DHAN-201,,,No,
6341,PADDY (DHAN),RAJENDRA DHAN-202,,,No,
6342,PADDY (DHAN),SAVITRI (IET - 5897)(CR 1009),,,No,
6343,PADDY (DHAN),GOVIND,,,No,
6344,PADDY (DHAN),PURVA (JR-16-15-1-1),,,No,
6345,PADDY (DHAN),HIMALAYA-1,,,No,
6346,PADDY (DHAN),MR-292-F,,6000 - 6500 Qt/Ha,No,
6347,PADDY (DHAN),PAIYUR-1,,5500 - 6000 Qt/Ha,No,
6348,PADDY (DHAN),CO-43 (lET-  6466),,4000 - 4500 Qt/Ha,No,
6349,PADDY (DHAN),GR-4,,6800 - 7000 Qt/Ha,No,
6350,PADDY (DHAN),KUNTI (IET-6141),,4500 - 5000 Qt/Ha,No,
6351,PADDY (DHAN),KHITISH (IET-4094),,4500 - 5000 Qt/Ha,No,
6352,PADDY (DHAN),MUNAL (CI-5310),,3000 - 3500 Qt/Ha,No,
6353,PADDY (DHAN),BIRAJ (CNM-539),,4000 - 4100 Qt/Ha,No,
6354,PADDY (DHAN),SURESH (CN-540),,4000 - 4100 Qt/Ha,No,
6355,PADDY (DHAN),T-1242,,4000 - 4100 Qt/Ha,No,
6356,PADDY (DHAN),JAISHREE (BIET-1107),,3500 - 4000 Qt/Ha,No,
6357,PADDY (DHAN),MO-5,,6300 - 6500 Qt/Ha,No,
6358,PADDY (DHAN),KMP-1 (MANDYA VANI),,5500 - 6500 Qt/Ha,No,
6359,PADDY (DHAN),ANUPAMA (JR.8-26-23),,6800 - 7000 Qt/Ha,No,
6360,PADDY (DHAN),SHAKTI (IET-3232),,4500 - 5500 Qt/Ha,No,
6361,PADDY (DHAN),CO-44 (TNAU-15775/3),,4000 - 4500 Qt/Ha,No,
6362,ASH GOURD (PETHA),Kashi Surbhi (IVAG- 03),,,No,
6363,ASH GOURD (PETHA),Pusa Urmi (10 ASGHYB-04) (DAGH 16),,,No,
6364,INDIAN SQUASH (TINDA),TINDA (KIND),,,No,
6365,PADDY (DHAN),MANHAR,,4500 - 6000 Qt/Ha,No,
6366,PADDY (DHAN),BIRSA DHAN-101,,2000 - 2500 Qt/Ha,No,
6367,PADDY (DHAN),CR-138-928,,6000 - 6100 Qt/Ha,No,
6368,PADDY (DHAN),SYE-75 (SINDEWAHI),,4500 - 6000 Qt/Ha,No,
6369,PADDY (DHAN),USAR-1,,4000 - 4500 Qt/Ha,No,
6370,PADDY (DHAN),BK-79,,6000 - 6100 Qt/Ha,No,
6371,PADDY (DHAN),VL DHAN-16,,6000 - 6100 Qt/Ha,No,
6372,PADDY (DHAN),VL DHAN-206,,2000 - 2500 Qt/Ha,No,
6373,PADDY (DHAN),AMBIKA,,6800 - 7000 Qt/Ha,No,
6374,PADDY (DHAN),PANVEL-1,,4000 - 4300 Qt/Ha,No,
6375,PADDY (DHAN),IGP1-37,,4000 - 4500 Qt/Ha,No,
6376,PADDY (DHAN),RATNAGIRI-68-1,,5000 - 5500 Qt/Ha,No,
6377,PADDY (DHAN),RATNAGIRI-73,,4000 - 4500 Qt/Ha,No,
6378,PADDY (DHAN),SR-26-B,,2500 - 3000 Qt/Ha,No,
6379,PADDY (DHAN),GR-101,,4000 - 4100 Qt/Ha,No,
6380,PADDY (DHAN),SARTHI (OR-79-21),,3500 - 4000 Qt/Ha,No,
6381,PADDY (DHAN),PAVISHAM (MO-6),,3000 - 3100 Qt/Ha,No,
6382,PADDY (DHAN),UDAYA (CR-190-103),,4800 - 5500 Qt/Ha,No,
6383,Greater Yam,KONKAN GHORKAND,,16500 - 17000 Qt/Ha,No,
6384,PADDY (DHAN),SATYA,,6000 - 6100 Qt/Ha,No,
6385,PADDY (DHAN),SUDHA (TCA-72) (IET-8977),,2000 - 2500 Qt/Ha,No,
6386,PADDY (DHAN),IR-50,,5000 - 6000 Qt/Ha,No,
6387,PADDY (DHAN),SAMALEI (IET-3350),,4000 - 5000 Qt/Ha,No,
6388,PADDY (DHAN),INTAN,,3500 - 4500 Qt/Ha,No,
6389,PADDY (DHAN),JGL-384,,5440 - 6229 Qt/Ha,No,
6390,PADDY (DHAN),PR 118,,6900 - 7200 Qt/Ha,No,
6391,PADDY (DHAN),Jogesh(OR-1519-2) (IET-15169),,2300 - 2500 Qt/Ha,No,
6392,PADDY (DHAN),PTB-45 (Matta Triveni),,5000 - 5500 Qt/Ha,No,
6393,PADDY (DHAN),MTU-1032 (Godavari),,6000 - 6100 Qt/Ha,No,
6394,PADDY (DHAN),KHP-9,,4000 - 5000 Qt/Ha,No,
6395,PADDY (DHAN),Upahar(OR 1234-12-1) (IET 17318),,3584 - 6421 Qt/Ha,No,
6396,PADDY (DHAN),PTB-50(KANCHANA),,5000 - 5500 Qt/Ha,No,
6397,PADDY (DHAN),ADT(R) - 48,,4800 - 5000 Qt/Ha,No,
6398,PADDY (DHAN),Birsa Vikas Dhan-110,,3000 - 3500 Qt/Ha,No,
6399,PADDY (DHAN),Onam,,4025 - 5250 Qt/Ha,No,
6400,PEARL MILLET,PROAGRO 9443 (MH-846),,2800 - 2800 Qt/Ha,No,
6401,PADDY (DHAN),Vivek Dhan-154,,2000 - 2500 Qt/Ha,No,
6402,PADDY (DHAN),Varsha (PTB-56),,4500 - 5000 Qt/Ha,No,
6403,PADDY (DHAN),PTB-49  (KAIRALY),,5000 - 5500 Qt/Ha,No,
6404,BARLEY,HARIT (HBL-276),,2190 - 2290 Qt/Ha,No,
6405,PADDY (DHAN),CHINGAM,,4950 - 4950 Qt/Ha,No,
6406,PADDY (DHAN),PTB-51 (AATHIRA),,5000 - 6000 Qt/Ha,No,
6407,PADDY (DHAN),PTB-52   (AISWARYA),,5500 - 6000 Qt/Ha,No,
6408,PADDY (DHAN),Bhagya,,4350 - 6000 Qt/Ha,No,
6409,PEARL MILLET,MBH-130,,3800 - 4000 Qt/Ha,No,
6410,PADDY (DHAN),HPR-2143,,3862 - 3962 Qt/Ha,No,
6411,PADDY (DHAN),Bha Lum-1 (RCPL 1-27),,2035 - 2055 Qt/Ha,No,
6412,PUMPKIN,Anand Pumpkin 1 (AP1),,25000 - 40000 Qt/Ha,No,
6413,PADDY (DHAN),Tunga (IET-13901),,4000 - 4500 Qt/Ha,No,
6414,RIDGE GOURD,CO.1,,,No,
6415,PADDY (DHAN),RAJALAXMI (CRHR-5),,5500 - 7000 Qt/Ha,No,
6416,PADDY (DHAN),Shah Sarang-1 (RCPL 1-87-8),,2046 - 4200 Qt/Ha,No,
6417,PADDY (DHAN),Naveen (CR-749-20-2) (IET-14461),,4000 - 6000 Qt/Ha,No,
6418,PADDY (DHAN),Rajendra Suwasini,,4250 - 4450 Qt/Ha,No,
6419,PADDY (DHAN),Rajendra Kasturi,,2500 - 2800 Qt/Ha,No,
6420,PADDY (DHAN),Haryana Shankar Dhan-1 (HKRH-1),,8282 - 8382 Qt/Ha,No,
6421,PADDY (DHAN),VL-DHAN-209,,1879 - 1979 Qt/Ha,No,
6422,PADDY (DHAN),PR-III,,7000 - 7100 Qt/Ha,No,
6423,PADDY (DHAN),VL Dhan-65,,5305 - 5405 Qt/Ha,No,
6424,PADDY (DHAN),Sahyadri-2 (KJTRH-3) (IET-17661),,7000 - 7500 Qt/Ha,No,
6425,MUSK MELON,RM-50,,15000 - 20000 Qt/Ha,No,
6426,MANGO,Chhattisgarh Nandiraj,,,No,
6427,PADDY (DHAN),Phondaghat-1,,4500 - 5000 Qt/Ha,No,
6428,PADDY (DHAN),PMK (R)-3,,2500 - 4000 Qt/Ha,No,
6429,PADDY (DHAN),PKV Makarand,,3500 - 4000 Qt/Ha,No,
6430,MUSK MELON,Kashi Madhu (IVMM-3),,18000 - 22000 Qt/Ha,No,
6431,PADDY (DHAN),Shanthi (IET-12884),,5000 - 5100 Qt/Ha,No,
6432,PADDY (DHAN),TMK (R)-12,,3043 - 3143 Qt/Ha,No,
6433,PADDY (DHAN),Hazaridhan,,3500 - 4000 Qt/Ha,No,
6434,PADDY (DHAN),SHARAVATHI (IR-57773),,5000 - 5500 Qt/Ha,No,
6435,PADDY (DHAN),SYE-2001,,4500 - 5000 Qt/Ha,No,
6436,WHEAT,NARMADA-215,,,No,
6437,PADDY (DHAN),GR-9,,1450 - 1650 Qt/Ha,No,
6438,PADDY (DHAN),Rajendra Sweta,,4000 - 4500 Qt/Ha,No,
6439,CAPSICUM,Shalimar Capsicum Hybrid-2,,,No,
6440,PADDY (DHAN),Karjat-5,,4500 - 5000 Qt/Ha,No,
6441,PADDY (DHAN),Pariphou,,4000 - 5700 Qt/Ha,No,
6442,PADDY (DHAN),PY-7,,5500 - 6000 Qt/Ha,No,
6443,PADDY (DHAN),GR-12,,5000 - 6500 Qt/Ha,No,
6444,PADDY (DHAN),ADT (R) 47,,6157 - 6257 Qt/Ha,No,
6445,PADDY (DHAN),JRH-5,,6000 - 8000 Qt/Ha,No,
6446,PADDY (DHAN),Bhogavati,,3500 - 4000 Qt/Ha,No,
6447,PADDY (DHAN),Chandrahasini (IET - 16800),,4633 - 4733 Qt/Ha,No,
6448,PADDY (DHAN),Jaldbi (IET - 17153),,5319 - 5419 Qt/Ha,No,
6449,PADDY (DHAN),TPS (R) 4,,5841 - 8050 Qt/Ha,No,
6450,PADDY (DHAN),Pardhiva (NLR - 33892),,5000 - 6000 Qt/Ha,No,
6451,BRINJAL,NARENDRA BAIGAN-1,,,No,
6452,BRINJAL,GBH-1,,,No,
6453,LONG MELON,ARKA SHEETAL,,30000 - 35000 Qt/Ha,No,
6454,PADDY (DHAN),ADT 50,,5945 - 5945 Qt/Ha,No,
6455,PADDY (DHAN),MO 21 (PRATHEEKSHA),,5500 - 5500 Qt/Ha,No,
6456,PADDY (DHAN),ADT 49,,6173 - 6273 Qt/Ha,No,
6457,PADDY (DHAN),RAJENDRA BHAGVATI,,4500 - 4700 Qt/Ha,No,
6458,PADDY (DHAN),PTB-58 (IET-17608) (Cul.20D-1),,3968 - 5417 Qt/Ha,No,
6459,PADDY (DHAN),GR-7,,4500 - 5500 Qt/Ha,No,
6460,PADDY (DHAN),MTU-1031 (Tholakuri),,6000 - 6100 Qt/Ha,No,
6461,PADDY (DHAN),JGL-1798,,5150 - 5150 Qt/Ha,No,
6462,BRINJAL,PUSA HYBRID-5 (M),,,No,
6463,BRINJAL,PUSA HYBRID-5 (F),,,No,
6464,PADDY (DHAN),PBNR-93-1(Parbhani Avishkar),,3400 - 3600 Qt/Ha,No,
6465,PADDY (DHAN),Malviya Dhan-1 (HUBR 2-1),,4000 - 4500 Qt/Ha,No,
6466,BRINJAL,ARKA SHIRISH,,35000 - 50000 Qt/Ha,No,
6467,PADDY (DHAN),Pusa Basmati 1121 (Pusa Sugandh 4),,5500 - 6500 Qt/Ha,No,
6468,PADDY (DHAN),ADT (R)-46,,6178 - 6278 Qt/Ha,No,
6469,PADDY (DHAN),Malviya Dhan-2 (HUR-3022),,5000 - 5500 Qt/Ha,No,
6470,PADDY (DHAN),SKL -8 (SKL-11-28-29-55),,4000 - 4100 Qt/Ha,No,
6471,PADDY (DHAN),Indira Dhan-1 (IET-15376) (R-636-405),,3591 - 3691 Qt/Ha,No,
6472,ASH GOURD (PETHA),Pusa Ujwal (DAG-1),,48000 - 50000 Qt/Ha,No,
6473,PADDY (DHAN),SONAL (NP 3114) (IET 18299),,5814 - 5914 Qt/Ha,No,
6474,PADDY (DHAN),PHALGUNI (IET 18720) CRAC 2224-1041),,4000 - 6000 Qt/Ha,No,
6475,PADDY (DHAN),LUNA SUVARNA (IET 18697),,3500 - 4000 Qt/Ha,No,
6476,PADDY (DHAN),MRUNALINI (OR 1898-18) IET 18649,,5654 - 5754 Qt/Ha,No,
6477,PADDY (DHAN),TEJASWANI (OR 1912-22),,4898 - 4998 Qt/Ha,No,
6478,WHEAT,PARBHANI-51,,3200 - 3700 Qt/Ha,No,
6479,PADDY (DHAN),HPR-1068,,4446 - 4546 Qt/Ha,No,
6480,PADDY (DHAN),Bhrigu Dhan,,3930 - 4030 Qt/Ha,No,
6481,PADDY (DHAN),REETA (IET 19969),,5400 - 5500 Qt/Ha,No,
6482,PADDY (DHAN),LUNASAMPAD (IET 19470),,3600 - 4200 Qt/Ha,No,
6483,PADDY (DHAN),Sugandha Samba (RNR-2465),,5700 - 6400 Qt/Ha,No,
6484,BLACK GRAM,MASH-48,,,No,
6485,PADDY (DHAN),Bhavapuri Sannalu,,6000 - 8000 Qt/Ha,No,
6486,PADDY (DHAN),JGL 3855 (Karimnagar Samba),,4000 - 4100 Qt/Ha,No,
6487,PADDY (DHAN),JGL 11470 (Jagtial Mahsuri),,6750 - 6850 Qt/Ha,No,
6488,PADDY (DHAN),AKSHAYA,,6000 - 7000 Qt/Ha,No,
6489,PADDY (DHAN),VAMSADHARA (RGL-11414),,5500 - 7000 Qt/Ha,No,
6490,PADDY (DHAN),AJAY (CRHR-7) (IET-18166)-A Line,,6000 - 6500 Qt/Ha,No,
6491,PADDY (DHAN),Manaswini (IET 19005),,4719 - 5019 Qt/Ha,No,
6492,PADDY (DHAN),Karma Mahsuri (IET 19991),,4200 - 5200 Qt/Ha,No,
6493,PADDY (DHAN),PKV HMT,,4000 - 4500 Qt/Ha,No,
6494,PADDY (DHAN),Jaldi Dhan-6 (IET 14359),,3000 - 3500 Qt/Ha,No,
6495,PADDY (DHAN),Nua Kalajeera (IET 18393),,3000 - 3300 Qt/Ha,No,
6496,PADDY (DHAN),CR Dhan-10 (IET 18312),,4500 - 5000 Qt/Ha,No,
6497,PADDY (DHAN),CR Boro Dhan-2 (IET 17612),,5500 - 6000 Qt/Ha,No,
6498,PADDY (DHAN),CR Dhan-70 (IET-11904),,2761 - 5010 Qt/Ha,No,
6499,PADDY (DHAN),CR sugandh Dhan-3 (IET 18395),,3000 - 3300 Qt/Ha,No,
6500,PADDY (DHAN),PAU-201,,4600 - 5000 Qt/Ha,No,
6501,PADDY (DHAN),Varun Dhan,,3210 - 3510 Qt/Ha,No,
6502,ASH GOURD (PETHA),KASHI DHAWAL (IVAG-502),,55000 - 60000 Qt/Ha,No,
6503,PADDY (DHAN),ANNA(R)4,,3000 - 3100 Qt/Ha,No,
6504,SESAME (GINGELLY),B-67 (TILOTTAMA),,650 - 750 Qt/Ha,No,
6505,INDIAN SQUASH (TINDA),HISAR TINDA,,8000 - 12000 Qt/Ha,No,
6506,PADDY (DHAN),CO(R)49,,6286 - 6586 Qt/Ha,No,
6507,PADDY (DHAN),Maniphou-10,,6500 - 7000 Qt/Ha,No,
6508,WHEAT,WH-157,,,No,
6509,PADDY (DHAN),GAR-13 (IET-20930),,5500 - 6500 Qt/Ha,No,
6510,WATERMELON,Durgapura Lal (RW 177-3),,35000 - 50000 Qt/Ha,No,
6511,PADDY (DHAN),NAUR-1,,5998 - 6098 Qt/Ha,No,
6512,PADDY (DHAN),RATNAGIRI-4 (RTN 49-1-1-2) (IET 20980),,4500 - 5000 Qt/Ha,No,
6513,PADDY (DHAN),KARJAT-184,,7173 - 9558 Qt/Ha,No,
6514,PADDY (DHAN),Narendra Usar Dhan 2008 (IET-18699),,4500 - 5000 Qt/Ha,No,
6515,PADDY (DHAN),NDR 2064 (IET 17475),,5000 - 5500 Qt/Ha,No,
6516,PADDY (DHAN),Narendra Dhan 3112-1 Prakhar (IET 19335),,5000 - 5500 Qt/Ha,No,
6517,PADDY (DHAN),Narendra Lalmati (IET 21051),,3000 - 3500 Qt/Ha,No,
6518,PADDY (DHAN),JRH-8,,7500 - 8000 Qt/Ha,No,
6519,PADDY (DHAN),RC Maniphou-7,,6700 - 7000 Qt/Ha,No,
6520,WHEAT,WL-1562,,,No,
6521,PADDY (DHAN),Rani Dhan (IET-19148),,5585 - 5585 Qt/Ha,No,
6522,PADDY (DHAN),Taramati (RNR-23064),,700 - 5700 Qt/Ha,No,
6523,PADDY (DHAN),PUBM-8,,8000 - 8500 Qt/Ha,No,
6524,PADDY (DHAN),SHARADA (MAS 946-1),,4000 - 5000 Qt/Ha,No,
6525,PADDY (DHAN),CSR 22,,6000 - 6100 Qt/Ha,No,
6526,PADDY (DHAN),KHP-10,,7500 - 8000 Qt/Ha,No,
6527,PADDY (DHAN),ONA SIRI (MAS 26),,5000 - 5500 Qt/Ha,No,
6528,PADDY (DHAN),MGD 101,,6000 - 6100 Qt/Ha,No,
6529,PADDY (DHAN),RC Maniphou-6,,4000 - 4500 Qt/Ha,No,
6530,PADDY (DHAN),PKV Khamang (Sye-116-53-22-8),,4000 - 5000 Qt/Ha,No,
6531,PADDY (DHAN),Karjat-7,,4500 - 5000 Qt/Ha,No,
6532,PADDY (DHAN),Co (R)48,,5000 - 6007 Qt/Ha,No,
6533,PADDY (DHAN),KKL (R)-1,"HARYANA, PUDUCHERRY, TAMIL NADU",25 - 35 Qt/Ha,Yes,Early
6534,PADDY (DHAN),IET-14845,,5000 - 5100 Qt/Ha,No,
6535,PADDY (DHAN),Narendra Mayank (NDR-9830144)(IET-18055),,5500 - 6000 Qt/Ha,No,
6536,PADDY (DHAN),Narendra Jal Pushp (NDR-9830135)(IET-17972),,5500 - 6000 Qt/Ha,No,
6537,PADDY (DHAN),Narendra Dhan (NDR-9830132),,4500 - 5000 Qt/Ha,No,
6538,WHEAT,RS-31-1,,,No,
6539,PADDY (DHAN),Srisatya (RGL-1880),,4000 - 5000 Qt/Ha,No,
6540,PADDY (DHAN),Amara (MTU-1064),,6000 - 6500 Qt/Ha,No,
6541,PADDY (DHAN),Nellore Mahsuri (NLR-34449),,6000 - 7000 Qt/Ha,No,
6542,PADDY (DHAN),Ramappa (WGL-23985) (IET-17856),,6000 - 7000 Qt/Ha,No,
6543,PADDY (DHAN),Phule Samruddhi (VDN-99-29),,4000 - 4500 Qt/Ha,No,
6544,WHEAT,WG-357,,,No,
6545,WHEAT,K-9107,,4300 - 4300 Qt/Ha,No,
6546,LINSEED,Jawahar Linseed-41 (PKDL-41),,1200 - 1700 Qt/Ha,No,
6547,WHEAT,NI-917,,,No,
6548,WHEAT,PBW-373,,4030 - 4030 Qt/Ha,No,
6549,WHEAT,PDM-233 (Duram),,4760 - 4760 Qt/Ha,No,
6550,WHEAT,MACS-2694,,4000 - 4000 Qt/Ha,No,
6551,WHEAT,K-816,,,No,
6552,WHEAT,UP-310,,,No,
6553,WHEAT,UP-319,,,No,
6554,WHEAT,DURGAPURA-65,,,No,
6555,WHEAT,CHAMBAL-65,,,No,
6556,CHILLIES,LAM-305,,12000 - 15000 Qt/Ha,No,
6557,WHEAT,DWR 185,,4000 - 4200 Qt/Ha,No,
6558,WHEAT,SONAK,,4500 - 3700 Qt/Ha,No,
6559,WHEAT,DWL-5023,,,No,
6560,WHEAT,NARMADA-112,,,No,
6561,WHEAT,UJIYAR (K 9006),,4290 - 4290 Qt/Ha,No,
6562,WHEAT,UP-2382,,5000 - 6000 Qt/Ha,No,
6563,WHEAT,TEESTA (BW-1008),,1530 - 4770 Qt/Ha,No,
6564,WHEAT,HI-1454,,4000 - 4500 Qt/Ha,No,
6565,WHEAT,PRASAD (K 8434),,4000 - 4500 Qt/Ha,No,
6566,WHEAT,NIAW-301 (TRIMBAK),,4200 - 4200 Qt/Ha,No,
6567,SNAP MELON,PusaShandar (DSM-1),,35000 - 38000 Qt/Ha,No,
6568,WHEAT,WH912,,4778 - 4778 Qt/Ha,No,
6569,WHEAT,WH711,,5715 - 5715 Qt/Ha,No,
6570,WHEAT,GW-18,,,No,
6571,WHEAT,NI-5749,,,No,
6572,WHEAT,RAJ-821,,,No,
6573,WHEAT,WH-147,,,No,
6574,WHEAT,NARMADA-195,,,No,
6575,WHEAT,RAJ-1482,,,No,
6576,WHEAT,RAJ-1555,,,No,
6577,WHEAT,HD-2285 (GOBIND),,4250 - 4250 Qt/Ha,No,
6578,WHEAT,UAS - 428 Duram,"KERALA, KARNATAKA, MAHARASHTRA",48 - 58.8 Qt/Ha,Yes,Medium
6579,WHEAT,GW-2,,1225 - 1225 Qt/Ha,No,
6580,TUBERROSE,SUVASINI,,15 - 15 Qt/Ha,No,
6581,WHEAT,KDW-137 (KIRAN),,10 - 12 Qt/Ha,No,
6582,WHEAT,Narendra Wheat- 1067,,3500 - 3500 Qt/Ha,No,
6583,WHEAT,GW-120,,3584 - 3584 Qt/Ha,No,
6584,WHEAT,GW-405,,3541 - 3541 Qt/Ha,No,
6585,WHEAT,WH-291,,2600 - 3200 Qt/Ha,No,
6586,WHEAT,TAWA-267,,4000 - 4000 Qt/Ha,No,
6587,WHEAT,BW-11 (PURBALI),,3500 - 4000 Qt/Ha,No,
6588,WHEAT,MACS-3125,,4500 - 5000 Qt/Ha,No,
6589,WHEAT,Sudha (MPO (JW)-1106),,4500 - 5000 Qt/Ha,No,
6590,WHEAT,SWARNA (HI-1479),,4500 - 5000 Qt/Ha,No,
6591,SWEET POTATO,Sree Varun,,20000 - 28000 Qt/Ha,No,
6592,CHILLIES,VNR Vidya,,,No,
6593,CHILLIES,VNR-332 (Rani),,,No,
6594,WHEAT,Mandakini (K-9351),UTTAR PRADESH,30.8 - 37.5 Qt/Ha,Yes,Medium
6595,JACK FRUIT,KONKAN PROLIFIC,,4205 - 4205 Qt/Ha,No,
6596,POMEGRANATE,BHAGAWA,,30 - 38 Qt/Ha,No,
6597,COTTON,Nandyal-1,,,No,
6598,WHEAT,UP-2572,"UTTARAKHAND, UTTAR PRADESH",43.6 - 55 Qt/Ha,Yes,Medium
6599,POMEGRANATE,PHULE ARAKTA(NO.11/3),,29 - 29 Qt/Ha,No,
6600,WHEAT,MP-4010,,4010 - 4010 Qt/Ha,No,
6601,WHEAT,SNEHIL [MP (JW)-1142],MADHYA PRADESH,47 - 50 Qt/Ha,Yes,Medium
6602,WHEAT,UP-2554,UTTAR PRADESH,49.8 - 49.8 Qt/Ha,Yes,Medium
6603,WHEAT,Mansarovar,JAMMU AND KASHMIR,3500 - 3500 Qt/Ha,Yes,Medium
6604,WHEAT,Singchen (SWL-8),"JAMMU AND KASHMIR, LADAKH",38 - 38.3 Qt/Ha,Yes,Medium
6605,WHEAT,Chandrika (HPW-184),"UTTARAKHAND, HIMACHAL PRADESH",33.6 - 40.8 Qt/Ha,Yes,
6606,WHEAT,VL Gehun-802,HIMACHAL PRADESH,48.4 - 57.1 Qt/Ha,Yes,Medium
6607,COTTON,Hybrid Kalyan(CSHH-238),,,No,
6608,COTTON,Dhruv (ZCH-21405),,,No,
6609,SESAME (GINGELLY),CO-1,,530 - 600 Qt/Ha,No,
6610,COTTON,NCS-207 Mallika (NCHH-207),,,No,
6611,WHEAT,WR 544 (Pusa Bold),DELHI,32 - 47 Qt/Ha,Yes,Late
6612,BANYARD MILLET,ANURAG,,1700 - 2000 Qt/Ha,No,
6613,WHEAT,MP (JW) 1201 (MP 1201),MADHYA PRADESH,48.1 - 56.8 Qt/Ha,Yes,Medium
6614,WHEAT,K-9423 (Unnat Halna),UTTAR PRADESH,36.6 - 40.7 Qt/Ha,Yes,Late
6615,COTTON,G.Cot. 19 (G.AM-31),,,No,
6616,BRINJAL,Kashi Taru (IVBL-9),,60000 - 65000 Qt/Ha,No,
6617,BRINJAL,Gujarat Oblong Brinjal-1(GOB-1),,4000 - 5000 Qt/Ha,No,
6618,COTTON,CICR-2 (CISAA-2) (GMS based Hybrid),,,No,
6619,BRINJAL,Arka Keshav (IIHR-21),,20000 - 40000 Qt/Ha,No,
6620,BRINJAL,GUJARAT -6,,30000 - 40000 Qt/Ha,No,
6621,WHEAT,Raj Vijay Wheat 4106 (MP 4106),MADHYA PRADESH,42.9 - 57.3 Qt/Ha,Yes,Late
6622,WHEAT,Pusa Wheat-111(HD-2932),"MADHYA PRADESH, GUJARAT, MAHARASHTRA, KARNATAKA, KERALA, CHHATTISGARH",42 - 57.8 Qt/Ha,Yes,Late
6623,BRINJAL,JAMUNI GOLE BAINGAN(S-16),,,No,
6624,BRINJAL,JUNAGARH LONG,,20000 - 40000 Qt/Ha,No,
6625,WHEAT,HD 4713,,4711 - 4811 Qt/Ha,No,
6626,COTTON,G. Cot Hy-12,,,No,
6627,BRINJAL,PUNJAB BAHAR,PUNJAB,550 - 570 Qt/Ha,Yes,Early
6628,WHEAT,VL Gehun-892,"UTTARAKHAND, HIMACHAL PRADESH, JAMMU AND KASHMIR",37.6 - 59 Qt/Ha,Yes,
6629,COTTON,Ajeet-II (AHH-90-1),,,No,
6630,COTTON,VASANT (Navkar-5),,,No,
6631,BHINDI (OKRA),VARSHA UPHAR,,,No,
6632,COTTON,AKA-8,,,No,
6633,COTTON,AKH-8828,,,No,
6634,WHEAT,Ratan (CG 5016),"CHHATTISGARH, MADHYA PRADESH",29.9 - 48.3 Qt/Ha,Yes,Medium
6635,WHEAT,MP-3211 (JW-3211),MADHYA PRADESH,28.6 - 49.7 Qt/Ha,Yes,Medium
6636,LINSEED,NL-97,,588 - 588 Qt/Ha,No,
6637,BANYARD MILLET,CO-1,,,No,
6638,BANYARD MILLET,KUDIRAIVALI K2 (KOVILPATTY-2),,,No,
6639,WHEAT,Shalimar Wheat-2 (SKW-355),"JAMMU, KASHMIR",36 - 44 Qt/Ha,Yes,Medium
6640,WHEAT,Raj 4079,RAJASTHAN,43.7 - 56 Qt/Ha,Yes,Medium
6641,BANYARD MILLET,GUJARAT BANTI-1,,2000 - 2000 Qt/Ha,No,
6642,BANYARD MILLET,Praptap Sanwa-1(ER-64),,,No,
6643,BANYARD MILLET,CO(KV)2,,2114 - 5871 Qt/Ha,No,
6644,BANYARD MILLET,VL Madira 181,,,No,
6645,BUCK WHEAT,UDAY (KBB-3),,1600 - 1800 Qt/Ha,No,
6646,COMMON MILLET (PROSO MILLET),GPUP-8 (DHPM-1),,2500 - 2800 Qt/Ha,No,
6647,COMMON MILLET (PROSO MILLET),K-2,,,No,
6648,COMMON MILLET (PROSO MILLET),CO (PV) 5,,,No,
6649,FINGER MILLET (RAGI),CO.7,,,No,
6650,FINGER MILLET (RAGI),PADMAVATHI (PPR-2350),,2800 - 4000 Qt/Ha,No,
6651,FINGER MILLET (RAGI),MR-1,,,No,
6652,PEA (VEGETABLE),Azad Pea 1,,9000 - 10000 Qt/Ha,No,
6653,FINGER MILLET (RAGI),GPU-28,,3500 - 4000 Qt/Ha,No,
6654,FINGER MILLET (RAGI),MARUTHI,,,No,
6655,FINGER MILLET (RAGI),GPU-26,,3000 - 4000 Qt/Ha,No,
6656,FINGER MILLET (RAGI),HASTA (INDAF-7),,4000 - 6000 Qt/Ha,No,
6657,FINGER MILLET (RAGI),L-5,,4240 - 4240 Qt/Ha,No,
6658,FINGER MILLET (RAGI),POORNA,,,No,
6659,FINGER MILLET (RAGI),DIBYASING,,,No,
6660,FINGER MILLET (RAGI),GODAVARI,,,No,
6661,FINGER MILLET (RAGI),INDAF-1,,,No,
6662,FINGER MILLET (RAGI),INDAF-3,,,No,
6663,FINGER MILLET (RAGI),INDAF-5,,,No,
6664,FINGER MILLET (RAGI),INDAF-8,,3000 - 5000 Qt/Ha,No,
6665,TOMATO,HISAR ARUN (SEL.7),,,No,
6666,FINGER MILLET (RAGI),INDAF-9,,7000 - 7000 Qt/Ha,No,
6667,NIGER (RAMTIL),PAIYUR-1,,271 - 271 Qt/Ha,No,
6668,FINGER MILLET (RAGI),ANNAPURNA,,2500 - 3000 Qt/Ha,No,
6669,FINGER MILLET (RAGI),VL Mandua 101,,1700 - 1800 Qt/Ha,No,
6670,FINGER MILLET (RAGI),CO (Ra)-14,,2892 - 8503 Qt/Ha,No,
6671,FINGER MILLET (RAGI),ML-365,,5000 - 5500 Qt/Ha,No,
6672,FINGER MILLET (RAGI),Bharathi (VR-762),ANDHRA PRADESH,26 - 30 Qt/Ha,Yes,Medium
6673,FINGER MILLET (RAGI),PRM-1,UTTARAKHAND,24 - 30 Qt/Ha,Yes,Medium
6674,LINSEED,RL-914,,1800 - 2000 Qt/Ha,No,
6675,LINSEED,CHAMBAL ALSI,,,No,
6676,ITALIAN MILLET (FOX TAIL MILLET),TNAU-43,,1565 - 1565 Qt/Ha,No,
6677,MAIZE (MAKKA),MANSAR,,5500 - 6000 Qt/Ha,No,
6678,ITALIAN MILLET (FOX TAIL MILLET),MEERA (SR-16),,1500 - 1700 Qt/Ha,No,
6679,ITALIAN MILLET (FOX TAIL MILLET),RS-118,,,No,
6680,ITALIAN MILLET (FOX TAIL MILLET),Pratap Kangni-1 (SR-51),,1600 - 1800 Qt/Ha,No,
6681,ITALIAN MILLET (FOX TAIL MILLET),HMT-100-1,,2000 - 2500 Qt/Ha,No,
6682,PEA (VEGETABLE),HARA BONA,,6000 - 7000 Qt/Ha,No,
6683,PEA (VEGETABLE),HARI CHHAL,,,No,
6684,KODO MILLET,VAMBAN-1 (KMV-20),,1000 - 1750 Qt/Ha,No,
6685,MAIZE (MAKKA),MOTI COMPOSITE MAKKA,,,No,
6686,KODO MILLET,KK-1,,,No,
6687,KODO MILLET,JAWAHAR KODO-1,,,No,
6688,KODO MILLET,JAWAHAR KODO-2,,,No,
6689,KODO MILLET,CO-3,,,No,
6690,KODO MILLET,K-1,,,No,
6691,KODO MILLET,CO.2,,800 - 1000 Qt/Ha,No,
6692,MAIZE (MAKKA),PARAS,,3450 - 6664 Qt/Ha,No,
6693,MAIZE (MAKKA),C-2,,,No,
6694,MAIZE (MAKKA),C-3,,,No,
6695,MAIZE (MAKKA),C-6,,,No,
6696,MAIZE (MAKKA),COMPOSITE-15,,,No,
6697,MAIZE (MAKKA),MAKKA SAFED-1,,,No,
6698,TOMATO,Punjab Varkha Bahar-2,"PUNJAB, HARYANA, UTTAR PRADESH",250 - 280 Qt/Ha,Yes,Medium
6699,MAIZE (MAKKA),NISHAT,,,No,
6700,MAIZE (MAKKA),TRIKUTA,,,No,
6701,MAIZE (MAKKA),VL MAKKA-42,,40 - 45 Qt/Ha,No,
6702,MAIZE (MAKKA),SANGAM,,,No,
6703,MAIZE (MAKKA),VL MAKKA-16,,,No,
6704,MAIZE (MAKKA),SONARI (SHWETA),,,No,
6705,MAIZE (MAKKA),PARTAP (J-54),,4400 - 4400 Qt/Ha,No,
6706,MAIZE (MAKKA),KMH-1,,,No,
6707,MAIZE (MAKKA),CHANDAN MAKKA-1,,,No,
6708,MAIZE (MAKKA),CHANDAN MAKKA-3,,,No,
6709,MAIZE (MAKKA),NAVIN (D-741),,,No,
6710,MAIZE (MAKKA),COMPOSITE LAKSHMI,,,No,
6711,MAIZE (MAKKA),NAVJOT,,5500 - 6000 Qt/Ha,No,
6712,MAIZE (MAKKA),PRATAP-1,,7000 - 7100 Qt/Ha,No,
6713,MAIZE (MAKKA),FARM SAMERI,,2000 - 2000 Qt/Ha,No,
6714,MAIZE (MAKKA),KANCHAN,,5000 - 5500 Qt/Ha,No,
6715,LINSEED,NEELUM,,,No,
6716,MAIZE (MAKKA),PMH-2 (JH-3851),,4125 - 4125 Qt/Ha,No,
6717,LINSEED,JLS.J.1 (JAWAHAR-1),,,No,
6718,LINSEED,JAWAHAR-17 (R-17),,,No,
6719,LINSEED,JAWAHAR-7 (R-7),,,No,
6720,PEA (VEGETABLE),Punjab-89,,85000 - 9000 Qt/Ha,No,
6721,LINSEED,NEELA (B-67),,,No,
6722,MAIZE (MAKKA),COH-3,,5000 - 5000 Qt/Ha,No,
6723,MAIZE (MAKKA),PARKASH (JH-3189),,3310 - 3310 Qt/Ha,No,
6724,MAIZE (MAKKA),DMH-1,,5000 - 5200 Qt/Ha,No,
6725,MAIZE (MAKKA),JM-8,,4000 - 4500 Qt/Ha,No,
6726,MAIZE (MAKKA),C-8,,,No,
6727,MAIZE (MAKKA),JAWAHAR COMPOSITE MAKKA-12 (JM-12),,4700 - 5300 Qt/Ha,No,
6728,MAIZE (MAKKA),Maize Hybrid AH58 (PEHM-3),,4082 - 6840 Qt/Ha,No,
6729,MAIZE (MAKKA),COBC-1,,,No,
6730,MAIZE (MAKKA),HHM-1 (HKH-1082),,4296 - 5303 Qt/Ha,No,
6731,MAIZE (MAKKA),HHM-2 (HKH-1071),,5406 - 8447 Qt/Ha,No,
6732,MAIZE (MAKKA),RGN-73,,2000 - 2100 Qt/Ha,No,
6733,LINSEED,C-429,,,No,
6734,MAIZE (MAKKA),SHAKTIMAN-1,,6500 - 7000 Qt/Ha,No,
6735,MAIZE (MAKKA),VIVEK HYBRID-5,,4500 - 5000 Qt/Ha,No,
6736,MAIZE (MAKKA),NAC 6004,,4000 - 4500 Qt/Ha,No,
6737,LINSEED,LC-2063,,1000 - 1400 Qt/Ha,No,
6738,MAIZE (MAKKA),DMH-2,,7000 - 7500 Qt/Ha,No,
6739,POTATO,KUFRI KANCHAN,,25000 - 30000 Qt/Ha,No,
6740,MAIZE (MAKKA),GUJARAT MAKAI-4,,4440 - 4440 Qt/Ha,No,
6741,MAIZE (MAKKA),GUJARAT MAKAI-3,,7250 - 7250 Qt/Ha,No,
6742,MAIZE (MAKKA),JAWAHAR MAKKA-216 (JM-216),,5500 - 6300 Qt/Ha,No,
6743,MAIZE (MAKKA),Gujarat Makai-6,,2443 - 3615 Qt/Ha,No,
6744,PADDY (DHAN),IET-8548,,3500 - 4000 Qt/Ha,No,
6745,MAIZE (MAKKA),Jawahar Pop Corn-11,,2200 - 2400 Qt/Ha,No,
6746,MAIZE (MAKKA),Jawahar Vikas Maize -421 (JVM-421),,3800 - 4000 Qt/Ha,No,
6747,MAIZE (MAKKA),Vivek Maize Hybrid-23 (FH-3529),,4500 - 5000 Qt/Ha,No,
6748,CHILLIES,SINDHUR (C.A.-960),,,No,
6749,PADDY (DHAN),PUSA RH-10,,4352 - 4352 Qt/Ha,No,
6750,PADDY (DHAN),VASUMATI (IET-15391),,4500 - 5000 Qt/Ha,No,
6751,CHILLIES,Chanchal,,12000 - 15000 Qt/Ha,No,
6752,BAJRA NAPIER HYBRID,Pusa Composite443 (MP443_,"RAJASTHAN, GUJARAT, HARYANA",16.91 - 16.91 Qt/Ha,Yes,Early
6753,PEA (VEGETABLE),Azad P-5 (KS-245),"UTTARAKHAND, UTTAR PRADESH, HARYANA",30 - 35 Qt/Ha,Yes,
6754,PEA (VEGETABLE),Arka Ajit (FC-1),,11000 - 11000 Qt/Ha,No,
6755,CHILLIES,Kashi Anmol (KA-2),,1000 - 2000 Qt/Ha,No,
6756,TOSSA JUTE,JRCM-2 (PARTHO),"ODISHA, WEST BENGAL, UTTAR PRADESH",27.8 - 27.8 Qt/Ha,Yes,Medium
6757,LINSEED,RASHMI (LCK-9216),,1003 - 2215 Qt/Ha,No,
6758,CHILLIES,PANT C-1,,,No,
6759,PADDY (DHAN),IR-64,,5800 - 6000 Qt/Ha,No,
6760,PADDY (DHAN),"ANJALI (IET-16430, RR-347-166)",,2500 - 3000 Qt/Ha,No,
6761,BAJRA NAPIER HYBRID,B-2095 (MH-1257),,,No,
6762,BARLEY,RD-2552,,4100 - 4100 Qt/Ha,No,
6763,LINSEED,MEERA (RL-933),,1400 - 2100 Qt/Ha,No,
6764,PADDY (DHAN),KANCHANA (IET - 10016),,4000 - 4100 Qt/Ha,No,
6765,WHEAT,PBW-533,"KERALA, KARNATAKA, MAHARASHTRA",40.4 - 66.3 Qt/Ha,Yes,Late
6766,SESAME (GINGELLY),TMV-3,,350 - 750 Qt/Ha,No,
6767,SORGHUM,CSV-15,,3600 - 3600 Qt/Ha,No,
6768,PADDY (DHAN),PANT DHAN-12,,4000 - 5000 Qt/Ha,No,
6769,PADDY (DHAN),JAYA,,,No,
6770,PADDY (DHAN),JALAPRABHA,,,No,
6771,PADDY (DHAN),SARASWATI,,,No,
6772,PADDY (DHAN),JITENDRA (IET-10526),,4966 - 4966 Qt/Ha,No,
6773,LINSEED,SHEELA (LCK 9211),,1379 - 1379 Qt/Ha,No,
6774,PADDY (DHAN),Luna Barial,,,No,
6775,PADDY (DHAN),ASD-5,,,No,
6776,PADDY (DHAN),JHONA-349,,,No,
6777,PADDY (DHAN),VIKRAMARYA (lET-7302),,5000 - 5100 Qt/Ha,No,
6778,BHINDI (OKRA),GAJARAT OKRA-2,,9000 - 15000 Qt/Ha,No,
6779,GUINEA GRASS,PUNJAB GUINEA GRASS-1,,,No,
6780,PADDY (DHAN),PRASANNA (lET-7564),,2500 - 3500 Qt/Ha,No,
6781,PADDY (DHAN),Pyari (CR Dhan 200) (CR 2624-IR 55423-01),,,No,
6782,PADDY (DHAN),SARASA (IET-7315)(CR 407-19),,,No,
6783,PADDY (DHAN),JAWAHAR DHAN-75,,3500 - 3600 Qt/Ha,No,
6784,SESAME (GINGELLY),"DS-5,DS-5",KARNATAKA,8 - 10 Qt/Ha,Yes,Late
6785,PADDY (DHAN),SABITA (IET-8970),,6000 - 6100 Qt/Ha,No,
6786,PADDY (DHAN),PANT DHAN-6,,4000 - 6000 Qt/Ha,No,
6787,PADDY (DHAN),JOGEN (IET-8967),,,No,
6788,PADDY (DHAN),KMDP-1 (AVINASH),,3800 - 4000 Qt/Ha,No,
6789,PADDY (DHAN),KMD-2 (ABHILASH),,3500 - 4000 Qt/Ha,No,
6790,PADDY (DHAN),VAJARAM,,6000 - 6100 Qt/Ha,No,
6791,PADDY (DHAN),PRATIBHA,,6500 - 6600 Qt/Ha,No,
6792,PADDY (DHAN),POTHANA,,5000 - 5100 Qt/Ha,No,
6793,PADDY (DHAN),NAREDRA-2 (IET-4555),,5000 - 5100 Qt/Ha,No,
6794,PADDY (DHAN),NARENDRA-80,,5000 - 5100 Qt/Ha,No,
6795,PADDY (DHAN),PUSA-205,,4000 - 4100 Qt/Ha,No,
6796,PADDY (DHAN),HARI,,3843 - 6057 Qt/Ha,No,
6797,PADDY (DHAN),SALIVAHANA,,4030 - 4702 Qt/Ha,No,
6798,PADDY (DHAN),TULSI (IET-7614),,3900 - 4700 Qt/Ha,No,
6799,PADDY (DHAN),SURAKSHA (IET-7946),,3883 - 4348 Qt/Ha,No,
6800,PADDY (DHAN),HKR-120,,7142 - 7221 Qt/Ha,No,
6801,PADDY (DHAN),NARENDRA DHAN-118,,3000 - 4000 Qt/Ha,No,
6802,PADDY (DHAN),PR-109,,6500 - 7000 Qt/Ha,No,
6803,PADDY (DHAN),GR-102,,,No,
6804,WHEAT,SAPTDHARA,,,No,
6805,PADDY (DHAN),PUSA BASMATI-1 (IET-10364),,4500 - 4600 Qt/Ha,No,
6806,PADDY (DHAN),BASMATI  KASTURI (IET-8580),,3000 - 3500 Qt/Ha,No,
6807,PADDY (DHAN),PRANAVA (IET-7999),,5500 - 6000 Qt/Ha,No,
6808,PADDY (DHAN),ASD-17,,5400 - 5500 Qt/Ha,No,
6809,PADDY (DHAN),NALINI (IET- 8987),,3292 - 3392 Qt/Ha,No,
6810,PADDY (DHAN),KANAK (BIET-1009),,4000 - 4500 Qt/Ha,No,
6811,PADDY (DHAN),ADITYA (IET-7613),,,No,
6812,PADDY (DHAN),ANANGA (IET-7433),,5000 - 5500 Qt/Ha,No,
6813,PADDY (DHAN),SRABANI (IET-9946),,4000 - 4000 Qt/Ha,No,
6814,PADDY (DHAN),LALAT (IET-9947),,4000 - 4000 Qt/Ha,No,
6815,PADDY (DHAN),HEERA (IET-10973),,3000 - 4000 Qt/Ha,No,
6816,PADDY (DHAN),KSHIRA (IET-3728),,4000 - 6000 Qt/Ha,No,
6817,PADDY (DHAN),MOTI (IET-9170),,4000 - 4500 Qt/Ha,No,
6818,PADDY (DHAN),CR-1014,,3000 - 4000 Qt/Ha,No,
6819,PADDY (DHAN),PADMINI (IET-10561),,3000 - 4000 Qt/Ha,No,
6820,PADDY (DHAN),MDU-2 (9353),,4700 - 4700 Qt/Ha,No,
6821,PADDY (DHAN),ADT-37,,63 - 63 Qt/Ha,No,
6822,PADDY (DHAN),ADT-39,,5612 - 5612 Qt/Ha,No,
6823,PADDY (DHAN),IMPROVED WHITE PONNI,,4500 - 4500 Qt/Ha,No,
6824,PADDY (DHAN),TPS-2,,4615 - 4615 Qt/Ha,No,
6825,OAT,Phule Harita (RO-19),,,No,
6826,PADDY (DHAN),TIKKANA (NLR-27999),,3000 - 3000 Qt/Ha,No,
6827,PADDY (DHAN),PINAKINI (NLR-9672-96),,3000 - 3000 Qt/Ha,No,
6828,PADDY (DHAN),KRISHNAVENI (MTU-2077),,6500 - 6600 Qt/Ha,No,
6829,PADDY (DHAN),KUNDALIKA,,3500 - 4000 Qt/Ha,No,
6830,PADDY (DHAN),PAWANA,,3500 - 4000 Qt/Ha,No,
6831,PADDY (DHAN),RATNAGIRI-1,,4700 - 5000 Qt/Ha,No,
6832,PADDY (DHAN),RATNAGIRI-2,,5000 - 6000 Qt/Ha,No,
6833,PADDY (DHAN),KARJAT-1,,3500 - 4500 Qt/Ha,No,
6834,PADDY (DHAN),SAKOLI-7 (IET-10651),,5000 - 5500 Qt/Ha,No,
6835,PADDY (DHAN),SYE-ER-1 (IET-9296),,5000 - 5500 Qt/Ha,No,
6836,PADDY (DHAN),ABHAYA (IET-10746),,4000 - 4400 Qt/Ha,No,
6837,WHEAT,PBW-396,,3350 - 3500 Qt/Ha,No,
6838,BUCK WHEAT,HIMPRIYA (JC13374),"UTTAR PRADESH, PUNJAB, HARYANA, UTTARAKHAND",15 - 16 Qt/Ha,Yes,Medium
6839,PADDY (DHAN),CHANDAN,,5500 - 6000 Qt/Ha,No,
6840,PADDY (DHAN),NAGARJUNA (IET-6315),,6500 - 7000 Qt/Ha,No,
6841,PADDY (DHAN),RAVI (IET-7991),,4500 - 5000 Qt/Ha,No,
6842,BITTER GOURD,Pant Karela-2 (PBIG-2),"UTTARAKHAND, UTTAR PRADESH",15000 - 22000 Qt/Ha,Yes,
6843,BOTTLE GOURD,Pant Sankar Lauki-2,"UTTARAKHAND, UTTAR PRADESH, HARYANA",35000 - 40000 Qt/Ha,Yes,
6844,CUCUMBER,Pant Khira-1,"UTTARAKHAND, UTTAR PRADESH, HARYANA",15000 - 20000 Qt/Ha,Yes,
6845,PADDY (DHAN),PAC 801,JHARKHAND,57 - 60 Qt/Ha,Yes,Early
6846,PADDY (DHAN),SAVA 127,"ASSAM, BIHAR, PUNJAB",7 - 8 Qt/Ha,Yes,
6847,Sorghum (fodder),CSV 32F (SPV 2128),"MADHYA PRADESH, TELANGANA",30 - 35 Qt/Ha,Yes,Medium
6848,COTTON,K-11,TAMIL NADU,11 - 12 Qt/Ha,Yes,Early
6849,PADDY (DHAN),Hybrid-6129 (IET 18815),MADHYA PRADESH,60 - 80 Qt/Ha,Yes,Medium
6850,INDIAN MUSTARD,RH 0749,"MADHYA PRADESH, UTTAR PRADESH, UTTARAKHAND, RAJASTHAN",20 - 22 Qt/Ha,Yes,Medium
6851,LUCERNE (ALFALFA),RL-88,MAHARASHTRA,1000 - 1200 Qt/Ha,Yes,Early
6852,BENGAL GRAM (CHICK PEA),VIJAY (PHULE G 81-1-1),"GUJARAT, MADHYA PRADESH, MAHARASHTRA",13 - 24 Qt/Ha,Yes,Early
6853,BENGAL GRAM (CHICK PEA),VISHAL PHULE (G-87207),MAHARASHTRA,20 - 30 Qt/Ha,Yes,Medium
6854,MAIZE (MAKKA),P-3580 (X-35A180),"ANDHRA PRADESH, KARNATAKA, TAMIL NADU, MAHARASHTRA",50 - 54 Qt/Ha,Yes,Medium
6855,SUGARCANE (NOBLE CANE),CoP 2061,"BIHAR, WEST BENGAL, UTTAR PRADESH, ASSAM",770 - 775 Qt/Ha,Yes,Late
6856,SAFFLOWER,NARI-57,"WEST BENGAL, UTTAR PRADESH, MADHYA PRADESH, MAHARASHTRA, KARNATAKA",14 - 16 Qt/Ha,Yes,Medium
6857,OAT,OS-377,"UTTAR PRADESH, MADHYA PRADESH, MAHARASHTRA, GUJARAT, CHHATTISGARH",25 - 30 Qt/Ha,Yes,Medium
6858,OAT,JO-03-93 (Jawahar Oat 03-93),"MADHYA PRADESH, MAHARASHTRA, RAJASTHAN, UTTAR PRADESH",550 - 551 Qt/Ha,Yes,Medium
6859,WHEAT,DBW 107,"UTTAR PRADESH, WEST BENGAL, TRIPURA, BIHAR, JHARKHAND",37 - 40 Qt/Ha,Yes,Medium
6860,WHEAT,DBW 110,"CHHATTISGARH, GUJARAT, MADHYA PRADESH, RAJASTHAN",40 - 45 Qt/Ha,Yes,Medium
6861,BARLEY,DWRB 101,"HARYANA, PUNJAB, DELHI, RAJASTHAN, UTTAR PRADESH",50 - 51 Qt/Ha,Yes,Medium
6862,PADDY (DHAN),Vallabh Basmati 23 (MAUB-57) (IET-19491),"UTTAR PRADESH, HARYANA, UTTARAKHAND",35 - 45 Qt/Ha,Yes,Medium
6863,PADDY (DHAN),Birsa Vikas Dhan-203 (IET 19896),JHARKHAND,40 - 45 Qt/Ha,Yes,Medium
6864,PADDY (DHAN),ARIZE TEJ (HRI-1690) (IET- 21411,JHARKHAND,63 - 64 Qt/Ha,Yes,Medium
6865,MAIZE (MAKKA),KMH-25K45 (2700) BUMPER),"TELANGANA, PUNJAB, HARYANA, DELHI, UTTAR PRADESH, ANDHRA PRADESH, KARNATAKA, MADHYA PRADESH, MAHARASHTRA, TAMIL NADU, RAJASTHAN, GUJARAT, CHHATTISGARH",95 - 102 Qt/Ha,Yes,Late
6866,PADDY (DHAN),27P31 (IET 21415),"JHARKHAND, MADHYA PRADESH, MAHARASHTRA, CHHATTISGARH, UTTAR PRADESH, BIHAR, KARNATAKA, TAMIL NADU",80 - 90 Qt/Ha,Yes,Medium
6867,PADDY (DHAN),DRR Dhan 43 (IET 22080),"TAMIL NADU, PUDUCHERRY, KERALA, KARNATAKA",62 - 63 Qt/Ha,Yes,Early
6868,MAIZE (MAKKA),NMH - 1242.,"PUNJAB, HARYANA, DELHI, UTTAR PRADESH, ANDHRA PRADESH, KARNATAKA, TAMIL NADU, MAHARASHTRA, GUJARAT, RAJASTHAN, CHHATTISGARH, MADHYA PRADESH",85 - 102 Qt/Ha,Yes,Medium
6869,MAIZE (MAKKA),BIO 9544 (BIO 151),"ANDHRA PRADESH, ARUNACHAL PRADESH, BIHAR, CHHATTISGARH, DELHI, GUJARAT, HARYANA, HIMACHAL PRADESH, KARNATAKA, KERALA, MADHYA PRADESH, MAHARASHTRA, ODISHA, PUNJAB, RAJASTHAN, TAMIL NADU, UTTAR PRADESH, WEST BENGAL",95 - 99 Qt/Ha,Yes,Medium
6870,PADDY (DHAN),Birsa Vikas Sugandha-1 (IET 18941),"JHARKHAND, BIHAR",40 - 45 Qt/Ha,Yes,Medium
6871,PADDY (DHAN),Sambha Sub - 1 (IET 21248),UTTAR PRADESH,58 - 62 Qt/Ha,Yes,Late
6872,PADDY (DHAN),Birsa Vikas Dhan-111 (PY-84) (IET 19848),JHARKHAND,20 - 25 Qt/Ha,Yes,Early
6873,FINGER MILLET (RAGI),ARJUNA (OEB-526),"ODISHA, BIHAR, CHHATTISGARH, KARNATAKA, TAMIL NADU",26 - 28 Qt/Ha,Yes,Medium
6874,PADDY (DHAN),Shobhini (RNR-2354) (IET- 21260),"BIHAR, CHHATTISGARH, MADHYA PRADESH, ANDHRA PRADESH, RAJASTHAN, GUJARAT",44 - 46 Qt/Ha,Yes,Medium
6875,GREEN GRAM,Pant Mung-6 (UPM 02-17),"UTTARAKHAND, TRIPURA, MANIPUR, HIMACHAL PRADESH",10 - 11 Qt/Ha,Yes,Medium
6876,GROUNDNUT,CO 7,TAMIL NADU,23 - 25 Qt/Ha,Yes,Medium
6877,MAIZE (MAKKA),CoH (M) 10 (CMH 08-433),"ANDHRA PRADESH, CHHATTISGARH, TAMIL NADU, KARNATAKA, GUJARAT, MADHYA PRADESH, MAHARASHTRA, RAJASTHAN",71 - 73 Qt/Ha,Yes,Medium
6878,PADDY (DHAN),Pant Basmati-l (RP 36444-1-9-5-5),"UTTARAKHAND, UTTAR PRADESH, DELHI",46 - 49 Qt/Ha,Yes,Medium
6879,PADDY (DHAN),ADV 8301 (IET 22081),"GUJARAT, MAHARASHTRA, ANDHRA PRADESH, TAMIL NADU",47 - 48 Qt/Ha,Yes,Medium
6880,PADDY (DHAN),VL Dhan 68 (VL 31611) (IET 22283),"JAMMU AND KASHMIR, HIMACHAL PRADESH, UTTARAKHAND",39 - 43 Qt/Ha,Yes,Medium
6881,Sorghum (fodder),CSV 30F,"RAJASTHAN, GUJARAT, UTTARAKHAND, UTTAR PRADESH, HARYANA, PUNJAB, MAHARASHTRA, KARNATAKA, TAMIL NADU",430 - 460 Qt/Ha,Yes,Medium
6882,PEARL MILLET,NBH 5061 (MH 1812),"MAHARASHTRA, KARNATAKA, TAMIL NADU, ANDHRA PRADESH",32 - 36 Qt/Ha,Yes,Late
6883,PEARL MILLET,NBH 5767,"MAHARASHTRA, KARNATAKA, TAMIL NADU, ANDHRA PRADESH",30 - 34 Qt/Ha,Yes,Medium
6884,PADDY (DHAN),Gontra Bindhan-3 (IET 22752),"WEST BENGAL, UTTAR PRADESH, TELANGANA, ANDHRA PRADESH, BIHAR, MADHYA PRADESH, KARNATAKA",54 - 56 Qt/Ha,Yes,Medium
6885,GUINEA GRASS,Bundel Guinea - 4 (JHGG 08-1),"UTTAR PRADESH, MADHYA PRADESH, ANDHRA PRADESH, ARUNACHAL PRADESH, ASSAM, BIHAR, CHANDIGARH, CHHATTISGARH, DELHI, GOA, GUJARAT, HARYANA, HIMACHAL PRADESH, JAMMU AND KASHMIR, JHARKHAND, KARNATAKA, MAHARASHTRA, TELANGANA, TAMIL NADU, RAJASTHAN, PUNJAB, UTTARAKHAND",807 - 810 Qt/Ha,Yes,Medium
6886,MAIZE (MAKKA),BPCH-6,"ANDAMAN AND NICOBAR ISLANDS, ANDHRA PRADESH, ARUNACHAL PRADESH, ASSAM, BIHAR, CHANDIGARH, CHHATTISGARH, DADRA AND NAGAR HAVELI, DAMAN AND DIU, DELHI, GOA, GUJARAT, HARYANA, HIMACHAL PRADESH, JAMMU, JAMMU AND KASHMIR, JHARKHAND, KARNATAKA, KASHMIR, KERALA, LADAKH, LAKSHADWEEP, MADHYA PRADESH, MAHARASHTRA, MANIPUR, MEGHALAYA, MIZORAM, NAGALAND, ODISHA, PUDUCHERRY, PUNJAB, RAJASTHAN, SIKKIM, TAMIL NADU, TELANGANA, TRIPURA, UTTARAKHAND, UTTAR PRADESH, WEST BENGAL",30 - 32 Qt/Ha,Yes,Medium
6887,GROUNDNUT,G 2-52,KARNATAKA,2000 - 2500 Qt/Ha,Yes,Medium
6888,WHEAT,PBW-550,"HARYANA, PUNJAB, UTTARAKHAND, UTTAR PRADESH, RAJASTHAN",47.7 - 62.4 Qt/Ha,Yes,Medium
6889,PUMPKIN,Punjab Samrat (WIR-4446,PUNJAB,400 - 420 Qt/Ha,Yes,Early
6890,SUGARCANE (NOBLE CANE),RASBHARI (COSE 95422),"CHHATTISGARH, MADHYA PRADESH",80 - 90 Qt/Ha,Yes,Early
6891,PADDY (DHAN),CR Dhan 201 (IET 21924),"CHHATTISGARH, BIHAR",38 - 45 Qt/Ha,Yes,Medium
6892,WHEAT,K0607,UTTAR PRADESH,40 - 45 Qt/Ha,Yes,Medium
6893,MAIZE (MAKKA),P3522 (X35A019),"KARNATAKA, MAHARASHTRA, UTTAR PRADESH, MADHYA PRADESH",75 - 80 Qt/Ha,Yes,Medium
6894,Sorghum (fodder),HJ 541,HARYANA,210 - 225 Qt/Ha,Yes,Early
6895,BENGAL GRAM (CHICK PEA),JG-12,MADHYA PRADESH,20 - 20 Qt/Ha,Yes,Medium
6896,HORSE GRAM (KULTHI),CRIDAHARSHA (CRHG 19),"ANDHRA PRADESH, KARNATAKA, TAMIL NADU, KERALA",9 - 9 Qt/Ha,Yes,Medium
6897,PADDY (DHAN),CR Dhan 300 (CR2301-5) (IET 19816),"ODISHA, MAHARASHTRA, GUJARAT, BIHAR",54 - 60 Qt/Ha,Yes,Late
6898,BAJRA NAPIER HYBRID,CO (BN) 5 (TNCN 074),TAMIL NADU,15 - 16 Qt/Ha,Yes,Medium
6899,WHEAT,Pusa Kiran (HS-542),"HIMACHAL PRADESH, JAMMU AND KASHMIR, UTTARAKHAND",28 - 35 Qt/Ha,Yes,Late
6900,FINGER MILLET (RAGI),KBR-1 (HR-911),KARNATAKA,39 - 40 Qt/Ha,Yes,Early
6901,CORIANDER,Punjab Sugandh,PUNJAB,375 - 410 Qt/Ha,Yes,Early
6902,PEARL MILLET,PROAGRO Tejas,RAJASTHAN,20 - 25 Qt/Ha,Yes,Early
6903,POTATO,KUFRI SINDHURI,"HIMACHAL PRADESH, UTTAR PRADESH",380 - 390 Qt/Ha,Yes,Medium
6904,LINSEED,LAXMI-27 (LMH-27),"UTTAR PRADESH, PUNJAB, HARYANA, BIHAR",16 - 18 Qt/Ha,Yes,Medium
6905,MANGO,Pusa Arunima (H-13-1),"UTTAR PRADESH, MADHYA PRADESH, BIHAR",75 - 80 Qt/Ha,Yes,Perennial
6906,PADDY (DHAN),Vallabh Basmati -24 (IET 20827) (MAUB-171),"HARYANA, JAMMU AND KASHMIR, UTTAR PRADESH",41 - 43 Qt/Ha,Yes,Medium
6907,MAIZE (MAKKA),HM-13 (HKH-317),"JAMMU, HIMACHAL PRADESH, UTTARAKHAND",66 - 67 Qt/Ha,Yes,Early
6908,LINSEED,Pratap Alsi-2,RAJASTHAN,17 - 20 Qt/Ha,Yes,Medium
6909,GOBHI SARSON,RSPN 25,"JAMMU, JAMMU AND KASHMIR, HIMACHAL PRADESH, PUNJAB",15 - 17 Qt/Ha,Yes,Medium
6910,MAIZE (MAKKA),PMH-3 (JH 10704),DELHI,15 - 20 Qt/Ha,Yes,Medium
6911,PADDY (DHAN),HKR-127 (HKR-95-222),"ODISHA, BIHAR, MAHARASHTRA, GUJARAT",40 - 45 Qt/Ha,Yes,Medium
6912,PADDY (DHAN),KRH 4 (Karnataka Rice Hybrid 4) (IET 22402),"ASSAM, ODISHA, CHHATTISGARH, WEST BENGAL, GUJARAT, MAHARASHTRA, KARNATAKA, TAMIL NADU, PUDUCHERRY",80 - 85 Qt/Ha,Yes,Medium
6913,Sorghum (fodder),CO (FS) 29,TAMIL NADU,5 - 7 Qt/Ha,Yes,Medium
6914,PEARL MILLET,PHB-2168,"PUNJAB, RAJASTHAN, HARYANA, GUJARAT, DELHI, UTTAR PRADESH, MADHYA PRADESH",29.14 - 29.14 Qt/Ha,Yes,Medium
6915,SORGHUM,CSH-22SS(NSSH-104),MAHARASHTRA,15 - 17 Qt/Ha,Yes,Late
6916,PEARL MILLET,HHB-226 (MH 1479),"RAJASTHAN, GUJARAT, HARYANA",20.81 - 20.81 Qt/Ha,Yes,Early
6917,WHEAT,CCNNRV01 (Raj Molya Rodhak-1),RAJASTHAN,41.2 - 45 Qt/Ha,Yes,
6918,BARLEY,BHS-352,HIMACHAL PRADESH,23 - 25 Qt/Ha,Yes,Medium
6919,BARLEY,JB-58,MADHYA PRADESH,31.3 - 37.2 Qt/Ha,Yes,Medium
6920,BARLEY,Norboo,JAMMU AND KASHMIR,7 - 14 Qt/Ha,Yes,Medium
6921,BARLEY,NDB 1173,"HARYANA, PUNJAB, RAJASTHAN, UTTAR PRADESH",3500 - 4000 Qt/Ha,Yes,Medium
6922,BARLEY,VLB 56,UTTARAKHAND,25.8 - 32.3 Qt/Ha,Yes,Medium
6923,BARLEY,RD 2592,RAJASTHAN,40 - 42 Qt/Ha,Yes,Medium
6924,BARLEY,VL Barley 85,"UTTARAKHAND, UTTAR PRADESH",15.6 - 25.1 Qt/Ha,Yes,Medium
6925,PEARL MILLET,RHRBH-9808,MAHARASHTRA,30.13 - 30.13 Qt/Ha,Yes,Medium
6926,BARLEY,HBL391,HIMACHAL PRADESH,32.1 - 49.3 Qt/Ha,Yes,Medium
6927,BARLEY,NB5,UTTAR PRADESH,25 - 38 Qt/Ha,Yes,Medium
6928,BARLEY,BH 885,HARYANA,44.1 - 54.2 Qt/Ha,Yes,Medium
6929,BARLEY,BWRUB 64,"PUNJAB, HARYANA, RAJASTHAN",40.5 - 61.2 Qt/Ha,Yes,Late
6930,BENGAL GRAM (CHICK PEA),Abha (RSG-973),RAJASTHAN,16 - 16 Qt/Ha,Yes,Medium
6931,PEARL MILLET,MPMH 17 (MH 1663),"DELHI, GUJARAT, MADHYA PRADESH, PUNJAB, RAJASTHAN, UTTAR PRADESH",28.35 - 28.35 Qt/Ha,Yes,Medium
6932,BARLEY,PL807,PUNJAB,49.3 - 61.4 Qt/Ha,Yes,Medium
6933,BARLEY,BHS 380,"HIMACHAL PRADESH, UTTARAKHAND",20.97 - 30 Qt/Ha,Yes,Medium
6934,BARLEY,BH-902,"PUNJAB, HARYANA, UTTAR PRADESH, RAJASTHAN",49.75 - 61.6 Qt/Ha,Yes,Medium
6935,BARLEY,Jawahar Barley-1 (JB-110),MADHYA PRADESH,42.2 - 51.1 Qt/Ha,Yes,Medium
6936,BARLEY,RD 2660,UTTARAKHAND,15.6 - 25.1 Qt/Ha,Yes,Medium
6937,PEARL MILLET,Parbhani Sampada (PPC-6),MAHARASHTRA,25.18 - 25.18 Qt/Ha,Yes,Medium
6938,BARLEY,PL751,"CHHATTISGARH, MADHYA PRADESH, GUJARAT",47.3 - 64.1 Qt/Ha,Yes,Medium
6939,PEARL MILLET,RHB-177 (MH-1486),"RAJASTHAN, GUJARAT, HARYANA",20.47 - 20.47 Qt/Ha,Yes,Early
6940,BENGAL GRAM (CHICK PEA),Pusa Kabuli Gram-128 ( Pusa Shubra) (BG-128),"MADHYA PRADESH, MAHARASHTRA, CHHATTISGARH, RAJASTHAN, GUJARAT, UTTAR PRADESH",18 - 18 Qt/Ha,Yes,Medium
6941,BARLEY,DWRUB 64,"HARYANA, PUNJAB, RAJASTHAN, UTTAR PRADESH",40.5 - 61.2 Qt/Ha,Yes,Late
6942,BARLEY,DWRUB-52,"HARYANA, PUNJAB, RAJASTHAN, UTTAR PRADESH",45.1 - 58.4 Qt/Ha,Yes,Medium
6943,PEARL MILLET,HHB-223 (MH-1468),"RAJASTHAN, GUJARAT, HARYANA, PUNJAB, DELHI, UTTAR PRADESH, MADHYA PRADESH",26.95 - 26.95 Qt/Ha,Yes,Medium
6944,SESAME (GINGELLY),Thilak,KERALA,6 - 7 Qt/Ha,Yes,Medium
6945,PEARL MILLET,HHB-216 (MH-1421),"HARYANA, RAJASTHAN, GUJARAT",23 - 23 Qt/Ha,Yes,Medium
6946,PEARL MILLET,HHB-197 (MH-1302),"RAJASTHAN, GUJARAT, HARYANA, PUNJAB, DELHI, UTTAR PRADESH, MADHYA PRADESH",29.59 - 29.59 Qt/Ha,Yes,Early
6947,BENGAL GRAM (CHICK PEA),Gangaur (GNG-1581),"PUNJAB, HARYANA, DELHI, RAJASTHAN, UTTARAKHAND, JAMMU",24 - 24 Qt/Ha,Yes,Late
6948,PEARL MILLET,GHB-732 (MH-1307),"RAJASTHAN, GUJARAT, HARYANA, PUNJAB, DELHI, UTTAR PRADESH, MADHYA PRADESH",30.02 - 30.02 Qt/Ha,Yes,Medium
6949,PEARL MILLET,GHB-744 (MH-1272),"RAJASTHAN, GUJARAT, HARYANA, PUNJAB, UTTAR PRADESH, DELHI, MADHYA PRADESH",28.05 - 28.05 Qt/Ha,Yes,Medium
6950,PEARL MILLET,GHB-757 (MH1328),"RAJASTHAN, GUJARAT, HARYANA",23.65 - 23.65 Qt/Ha,Yes,Early
6951,BENGAL GRAM (CHICK PEA),Arpita (RSG-895),RAJASTHAN,15 - 15 Qt/Ha,Yes,Late
6952,BENGAL GRAM (CHICK PEA),Kripa,"MAHARASHTRA, MADHYA PRADESH, KARNATAKA",18 - 18 Qt/Ha,Yes,Medium
6953,PEARL MILLET,GHB-719 (MH-1236),"RAJASTHAN, GUJARAT, HARYANA",24.06 - 24.06 Qt/Ha,Yes,Early
6954,PEARL MILLET,GHB-538 (MH-1049),"RAJASTHAN, GUJARAT, HARYANA",24.53 - 24.53 Qt/Ha,Yes,Early
6955,PEARL MILLET,Dhanashakti (ICTP 8203 Fe 10-2),"MAHARASHTRA, KARNATAKA, ANDHRA PRADESH, TAMIL NADU, GUJARAT, MADHYA PRADESH, RAJASTHAN, UTTAR PRADESH, HARYANA, PUNJAB",21.99 - 21.99 Qt/Ha,Yes,Early
6956,PEARL MILLET,HHB-67 Improved,"RAJASTHAN, HARYANA, GUJARAT",20.24 - 20.24 Qt/Ha,Yes,Early
6957,SESAME (GINGELLY),Haryana til-2 (HT-2),"HARYANA, JAMMU AND KASHMIR, HIMACHAL PRADESH, PUNJAB, DELHI",8 - 9 Qt/Ha,Yes,Late
6958,BENGAL GRAM (CHICK PEA),JGK-2,MADHYA PRADESH,18 - 18 Qt/Ha,Yes,Early
6959,PEARL MILLET,GHB-577,"RAJASTHAN, GUJARAT, HARYANA, DELHI, UTTAR PRADESH, MADHYA PRADESH",31 - 31 Qt/Ha,Yes,Medium
6960,PEARL MILLET,HHB-117,HARYANA,27.75 - 27.75 Qt/Ha,Yes,Early
6961,ONION,Bhima Kiran (NRCOG-597),"ANDHRA PRADESH, BIHAR, DELHI, HARYANA, KARNATAKA, MAHARASHTRA, PUNJAB, UTTAR PRADESH",280 - 320 Qt/Ha,Yes,Medium
6962,BENGAL GRAM (CHICK PEA),Raj Vijay Gram 203 (RVG 203),"MADHYA PRADESH, GUJARAT, CHHATTISGARH, MAHARASHTRA, UTTAR PRADESH, RAJASTHAN",19 - 19 Qt/Ha,Yes,Early
6963,ONION,Bhima Dark Red (RGO-53),"CHHATTISGARH, DELHI, GUJARAT, HARYANA, JAMMU, KARNATAKA, JAMMU AND KASHMIR, MADHYA PRADESH, MAHARASHTRA, ODISHA, PUNJAB, RAJASTHAN, TAMIL NADU",220 - 240 Qt/Ha,Yes,Medium
6964,WHEAT,Shatabdi (K-0307),"PUNJAB, HARYANA, RAJASTHAN, UTTAR PRADESH",45.6 - 65 Qt/Ha,Yes,Medium
6965,BENGAL GRAM (CHICK PEA),Raj Vijay gram 201 (JSC 40),MADHYA PRADESH,25 - 25 Qt/Ha,Yes,Early
6966,BENGAL GRAM (CHICK PEA),Akash (BDNG-797),MAHARASHTRA,15 - 16 Qt/Ha,Yes,Early
6967,BENGAL GRAM (CHICK PEA),Nandyala Sanaga 1 (NBeG 3),ANDHRA PRADESH,23 - 23 Qt/Ha,Yes,Early
6968,LENTIL (MASUR),Sekhar Massor-3 (KL-320),UTTAR PRADESH,20 - 22 Qt/Ha,Yes,Medium
6969,WHEAT,DBW 39,"HARYANA, PUNJAB, RAJASTHAN, UTTAR PRADESH, UTTARAKHAND",44.63 - 64.7 Qt/Ha,Yes,Medium
6970,WHEAT,MACS 6222,"KARNATAKA, KERALA",47.7 - 60.9 Qt/Ha,Yes,Medium
6971,WHEAT,PDW 314,"PUNJAB, HARYANA, UTTAR PRADESH, UTTARAKHAND, RAJASTHAN",50.27 - 71.2 Qt/Ha,Yes,Medium
6972,WHEAT,UP-2628,"UTTARAKHAND, UTTAR PRADESH",48.8 - 69.1 Qt/Ha,Yes,Medium
6973,LENTIL (MASUR),IPL-406,"HARYANA, PUNJAB, RAJASTHAN, DELHI, UTTARAKHAND",17 - 18 Qt/Ha,Yes,Late
6974,LENTIL (MASUR),IPL-316,"MADHYA PRADESH, RAJASTHAN, CHHATTISGARH, GUJARAT, MAHARASHTRA, UTTAR PRADESH",14 - 15 Qt/Ha,Yes,Medium
6975,GARLIC,JG-99-213 (Gujarat Garlic),GUJARAT,8933 - 8933 Qt/Ha,Yes,Medium
6976,WHEAT,VL Gehun 907(VL 907),"UTTARAKHAND, HIMACHAL PRADESH",44.3 - 56.9 Qt/Ha,Yes,Medium
6977,WHEAT,Raj 6560,RAJASTHAN,55.1 - 67.5 Qt/Ha,Yes,Medium
6978,WHEAT,Palam (HPW-147),HIMACHAL PRADESH,33 - 38.2 Qt/Ha,Yes,Medium
6979,WHEAT,MACS-6145,"HARYANA, PUNJAB, RAJASTHAN, UTTAR PRADESH",25.5 - 37 Qt/Ha,Yes,Medium
6980,GROUNDNUT,Gujarat Junagadh Groundnut-18 (JSP-49),"ODISHA, WEST BENGAL, MANIPUR, JHARKHAND",1550 - 1557 Qt/Ha,No,Late
6981,WHEAT,K-9644,"KARNATAKA, KERALA",15 - 17.4 Qt/Ha,Yes,Medium
6982,FINGER MILLET (RAGI),Indira Ragi-1 (BR-7),CHHATTISGARH,27 - 30 Qt/Ha,Yes,Medium
6983,WHEAT,PBW 502,"PUNJAB, HARYANA, RAJASTHAN, UTTAR PRADESH",46.2 - 60 Qt/Ha,Yes,
6984,WHEAT,VL Gehun 832,"HIMACHAL PRADESH, UTTARAKHAND, JAMMU AND KASHMIR",26.2 - 35.2 Qt/Ha,Yes,Medium
6985,WHEAT,Godavari (NIDW-295),MAHARASHTRA,39.5 - 48 Qt/Ha,Yes,Medium
6986,WHEAT,JW-3020,MADHYA PRADESH,31.7 - 35 Qt/Ha,Yes,Medium
6987,WHEAT,PBW-509,PUNJAB,41.4 - 61.1 Qt/Ha,Yes,Late
6988,SOYBEAN,PUSA-16,"DELHI, CHANDIGARH, HARYANA, HIMACHAL PRADESH, PUNJAB",25 - 30 Qt/Ha,Yes,Medium
6989,WHEAT,DBW17,"PUNJAB, HARYANA, RAJASTHAN, UTTAR PRADESH",48.8 - 63 Qt/Ha,Yes,Medium
6990,WHEAT,GW-366,"MADHYA PRADESH, GUJARAT, MAHARASHTRA",51.7 - 77.9 Qt/Ha,Yes,Medium
6991,WHEAT,UP-2526,UTTAR PRADESH,23.3 - 30 Qt/Ha,Yes,Late
6992,WHEAT,Purna (HI-1544),"GUJARAT, MAHARASHTRA, MADHYA PRADESH, CHHATTISGARH",51.4 - 68.2 Qt/Ha,Yes,Medium
6993,WHEAT,POSHAN (HI 8663),"KERALA, KARNATAKA, ANDHRA PRADESH",45.5 - 71.5 Qt/Ha,Yes,Medium
6994,WHEAT,HPW-251,"HIMACHAL PRADESH, UTTARAKHAND",34.4 - 49.5 Qt/Ha,Yes,Early
6995,WHEAT,WH-1021,"HARYANA, PUNJAB, RAJASTHAN, UTTAR PRADESH, UTTARAKHAND",39 - 62.5 Qt/Ha,Yes,Medium
6996,SESAME (GINGELLY),Jawahar Till 11 (PKDS 11),"MADHYA PRADESH, MAHARASHTRA, GUJARAT, HIMACHAL PRADESH",9 - 10 Qt/Ha,Yes,Late
6997,LENTIL (MASUR),Pant Lentil-7 (PL-024),UTTARAKHAND,16 - 18 Qt/Ha,Yes,Late
6998,GINGER,IISR Rejatha,"KERALA, KARNATAKA",22 - 22.5 Qt/Ha,Yes,Medium
6999,GROUNDNUT,TPG-41,"ANDHRA PRADESH, ARUNACHAL PRADESH, ASSAM, BIHAR, CHANDIGARH, CHHATTISGARH, DADRA AND NAGAR HAVELI, DAMAN AND DIU, DELHI, GOA, GUJARAT, HARYANA, HIMACHAL PRADESH, JAMMU, JAMMU AND KASHMIR, JHARKHAND, KARNATAKA, KASHMIR, KERALA, LAKSHADWEEP, MADHYA PRADESH, MAHARASHTRA, MANIPUR, MEGHALAYA, MIZORAM, NAGALAND, ODISHA, PUDUCHERRY, PUNJAB, RAJASTHAN, SIKKIM, TAMIL NADU, TELANGANA, TRIPURA, UTTARAKHAND, UTTAR PRADESH, WEST BENGAL",2000 - 2100 Qt/Ha,Yes,Late
7000,GROUNDNUT,Kadiri-6,ANDHRA PRADESH,3100 - 3800 Qt/Ha,Yes,Medium
7001,TOSSA JUTE,AAU OJ-1 (TARUN),"ASSAM, BIHAR, ODISHA, WEST BENGAL",26.54 - 26.54 Qt/Ha,Yes,Early
7002,SESAME (GINGELLY),Jawahar Til 12 (PKDS 12),MADHYA PRADESH,9 - 10 Qt/Ha,Yes,Medium
7003,SESAME (GINGELLY),Jawahar Til 14 (PKDS 8),MADHYA PRADESH,8 - 9.5 Qt/Ha,Yes,Late
7004,TOSSA JUTE,Subala (S-19),"ASSAM, BIHAR, ODISHA, WEST BENGAL",25.95 - 25.95 Qt/Ha,Yes,Medium
7005,TOSSA JUTE,SUDHANGSU(JBO-1),"ASSAM, BIHAR, ODISHA, WEST BENGAL",31.5 - 31.5 Qt/Ha,Yes,Medium
7006,SESAME (GINGELLY),AMRIT[OSC 24(95)2-1-3],"ANDHRA PRADESH, ODISHA, TAMIL NADU, WEST BENGAL, MADHYA PRADESH, CHHATTISGARH",1000 - 1100 Qt/Ha,Yes,Medium
7007,SESAME (GINGELLY),TMV(Sv)7,TAMIL NADU,752 - 818 Qt/Ha,Yes,Medium
7008,SESAME (GINGELLY),Gujarat Til -10 (GT -10),"GUJARAT, MADHYA PRADESH, RAJASTHAN",7.5 - 8.5 Qt/Ha,Yes,Late
7009,TOSSA JUTE,JRC 80 (Mitali white),"ASSAM, UTTAR PRADESH, WEST BENGAL",22.06 - 22.06 Qt/Ha,Yes,Early
7010,TOSSA JUTE,MONALISA (RRPS-27-C-3),"ASSAM, BIHAR, ODISHA, UTTAR PRADESH, WEST BENGAL",30 - 30 Qt/Ha,Yes,Early
7011,TOSSA JUTE,ANKIT (NDC-2008),UTTAR PRADESH,25.7 - 25.7 Qt/Ha,Yes,Early
7012,TOSSA JUTE,JRC-517,"ASSAM, BIHAR, ODISHA, UTTAR PRADESH, WEST BENGAL",24.17 - 24.17 Qt/Ha,Yes,Early
7013,WHEAT,Pusa Mangal (HI 8713),"MAHARASHTRA, MADHYA PRADESH, GUJARAT, CHHATTISGARH",52.3 - 68.2 Qt/Ha,Yes,Medium
7014,WHEAT,Pusa Thenmalai (HW 5216),"KARNATAKA, KERALA",45.6 - 62.2 Qt/Ha,Yes,Medium
7015,WHEAT,WH 1105,"PUNJAB, HARYANA, UTTARAKHAND, UTTAR PRADESH, JAMMU AND KASHMIR, RAJASTHAN",52.5 - 71.6 Qt/Ha,Yes,Medium
7016,WHEAT,KRL-213,"UTTAR PRADESH, RAJASTHAN, PUNJAB, HARYANA",32.5 - 43.9 Qt/Ha,Yes,Medium
7017,GROUNDNUT,GG-8 (J-53),"MAHARASHTRA, MADHYA PRADESH",1700 - 1750 Qt/Ha,Yes,Medium
7018,GROUNDNUT,GPBD-4 (Vikas),"KARNATAKA, ANDHRA PRADESH, MAHARASHTRA, TAMIL NADU",2200 - 2300 Qt/Ha,Yes,Medium
7019,GROUNDNUT,TG-37-A,"GUJARAT, RAJASTHAN, UTTAR PRADESH, PUNJAB, ODISHA, WEST BENGAL, BIHAR, ASSAM",2000 - 2100 Qt/Ha,Yes,Medium
7020,GROUNDNUT,Kalahasti (TCGS-320),ANDHRA PRADESH,1400 - 3760 Qt/Ha,Yes,Medium
7021,GROUNDNUT,SG 99,PUNJAB,2200 - 2500 Qt/Ha,Yes,Medium
7022,GROUNDNUT,Prasana (TCGS-341),ANDHRA PRADESH,2000 - 4000 Qt/Ha,No,Medium
7023,GROUNDNUT,Phule Unap (JL-286),MAHARASHTRA,2230 - 2250 Qt/Ha,Yes,Early
7024,GROUNDNUT,ICUG-92035,RAJASTHAN,2500 - 3000 Qt/Ha,Yes,Medium
7025,SORGHUM,Phule Amruta (RSSV-9),MAHARASHTRA,8 - 10 Qt/Ha,Yes,Late
7026,GROUNDNUT,RG - 382,RAJASTHAN,2100 - 2200 Qt/Ha,Yes,Late
7027,PEAS,Pant Pea-42,"PUNJAB, HARYANA, RAJASTHAN, DELHI, UTTARAKHAND, JAMMU AND KASHMIR, MANIPUR, TRIPURA, HIMACHAL PRADESH",22 - 23 Qt/Ha,Yes,Late
7028,PEAS,Hariyal(HFP-9907 B),"PUNJAB, HARYANA, RAJASTHAN, DELHI",23 - 24 Qt/Ha,Yes,Late
7029,PEAS,Prakash (IPFD 1-10),"MADHYA PRADESH, GUJARAT, MAHARASHTRA, CHHATTISGARH, UTTARAKHAND, JAMMU AND KASHMIR, MANIPUR, TRIPURA, HIMACHAL PRADESH, RAJASTHAN",22 - 23 Qt/Ha,Yes,Medium
7030,WHEAT,CBW-38,"RAJASTHAN, PUNJAB, HARYANA, UTTAR PRADESH, UTTARAKHAND, JAMMU AND KASHMIR, DELHI",44.4 - 65.3 Qt/Ha,Yes,Medium
7031,WHEAT,MP-1203,"MADHYA PRADESH, MAHARASHTRA, GUJARAT, CHHATTISGARH",41.2 - 59.6 Qt/Ha,Yes,Late
7032,WHEAT,RAJ-4120,"RAJASTHAN, PUNJAB, HARYANA, UTTAR PRADESH, UTTARAKHAND, JAMMU AND KASHMIR",47 - 66.3 Qt/Ha,Yes,
7033,GROUNDNUT,M548,PUNJAB,2000 - 2200 Qt/Ha,Yes,
7034,WHEAT,UAS-415,"KARNATAKA, KERALA, TELANGANA",4960 - 61.8 Qt/Ha,Yes,Medium
7035,GROUNDNUT,AK-303,MAHARASHTRA,2000 - 2100 Qt/Ha,No,Late
7036,WHEAT,KRL-210,"PUNJAB, HARYANA, UTTARAKHAND, UTTAR PRADESH, RAJASTHAN",33.75 - 49.3 Qt/Ha,Yes,Medium
7037,WHEAT,HD 2894 (Pusa Wheat 109),"DELHI, HARYANA",52 - 57.7 Qt/Ha,Yes,Medium
7038,GROUNDNUT,ICGV-00348,"MAHARASHTRA, KARNATAKA, ANDHRA PRADESH, TAMIL NADU",2010 - 2015 Qt/Ha,Yes,Late
7039,GROUNDNUT,Ajeya (R-2001-3),"KARNATAKA, MAHARASHTRA, ANDHRA PRADESH, TAMIL NADU",2400 - 2450 Qt/Ha,Yes,Late
7040,GROUNDNUT,VL Moongphali-1,UTTARAKHAND,1940 - 1943 Qt/Ha,Yes,Late
7041,GROUNDNUT,Girnar-2 (PBS-24030),"UTTAR PRADESH, PUNJAB, RAJASTHAN",2910 - 2920 Qt/Ha,Yes,Late
7042,GROUNDNUT,VRI (Gn) 7,TAMIL NADU,1383 - 1865 Qt/Ha,Yes,Late
7043,WHEAT,DBW 71,"HARYANA, PUNJAB, UTTARAKHAND, UTTAR PRADESH, RAJASTHAN, JAMMU AND KASHMIR, HIMACHAL PRADESH",42.7 - 68.9 Qt/Ha,Yes,Late
7044,PEAS,PANT PEA-25,UTTARAKHAND,15 - 20 Qt/Ha,Yes,Late
7045,GROUNDNUT,Greeshma,ANDHRA PRADESH,2100 - 4000 Qt/Ha,Yes,Early
7046,GROUNDNUT,Jawahar Groundnut-23 (JGN-23),MADHYA PRADESH,1630 - 16332 Qt/Ha,Yes,Medium
7047,SESAME (GINGELLY),Hima (JCS-9426),ANDHRA PRADESH,11 - 13 Qt/Ha,Yes,Early
7048,WHEAT,Naina (K-9533),UTTAR PRADESH,33.7 - 40.5 Qt/Ha,Yes,Late
7049,WHEAT,WHD 943,"HARYANA, PUNJAB, UTTARAKHAND, UTTAR PRADESH, HIMACHAL PRADESH, JAMMU AND KASHMIR, RAJASTHAN",48 - 63.9 Qt/Ha,Yes,Medium
7050,GROUNDNUT,RG 425,RAJASTHAN,1788 - 1790 Qt/Ha,Yes,Late
7051,GROUNDNUT,ICGV 00350,"TAMIL NADU, ANDHRA PRADESH",2980 - 2988 Qt/Ha,Yes,Late
7052,WHEAT,DBW-16,"HARYANA, PUNJAB, RAJASTHAN, UTTAR PRADESH, UTTARAKHAND, JAMMU AND KASHMIR, HIMACHAL PRADESH",38.2 - 56.4 Qt/Ha,Yes,Late
7053,GROUNDNUT,Vijetha (R-2001-2),"WEST BENGAL, ODISHA, JHARKHAND, ASSAM, MAHARASHTRA, KARNATAKA, ANDHRA PRADESH, TAMIL NADU",1100 - 1600 Qt/Ha,No,Medium
7054,OAT,Bundel Jai-2004 (JHO-2000-4),"PUNJAB, RAJASTHAN, UTTARAKHAND, HARYANA, JAMMU AND KASHMIR, ANDHRA PRADESH, KARNATAKA, TAMIL NADU, ASSAM, WEST BENGAL, JHARKHAND, ODISHA, BIHAR",380 - 400 Qt/Ha,No,Medium
7055,WHEAT,Pusa Wheat-105 (HD-2833),"KERALA, KARNATAKA, MAHARASHTRA",38.9 - 59.3 Qt/Ha,Yes,Late
7056,WHEAT,Pusa Wheat 107 (HD-2888),"HARYANA, DELHI, PUNJAB, RAJASTHAN, UTTARAKHAND, UTTAR PRADESH, HIMACHAL PRADESH, JAMMU AND KASHMIR",22.5 - 38.3 Qt/Ha,Yes,Medium
7057,SESAME (GINGELLY),AKT-101,MAHARASHTRA,10 - 12 Qt/Ha,Yes,Late
7058,WHEAT,HPW 155 (Onkar),HIMACHAL PRADESH,25.3 - 36.6 Qt/Ha,Yes,Medium
7059,GROUNDNUT,RARS-T-1,ANDHRA PRADESH,2500 - 4000 Qt/Ha,Yes,Late
7060,SESAME (GINGELLY),Savitri (SWB 32-10-1),WEST BENGAL,1200 - 1500 Qt/Ha,Yes,Medium
7061,WHEAT,UP-2565,UTTAR PRADESH,41.8 - 44.4 Qt/Ha,Yes,Late
7062,SOYBEAN,AHILYA-2 (NRC-12),MADHYA PRADESH,25 - 30 Qt/Ha,Yes,Early
7063,SOYBEAN,AHILYA-4 (NRC-37),"MADHYA PRADESH, RAJASTHAN",35 - 40 Qt/Ha,Yes,Early
7064,KODO MILLET,Indira Kodo-1 (BK-1),CHHATTISGARH,22 - 25 Qt/Ha,Yes,Medium
7065,GROUNDNUT,Gujarat Junagadh Groundnut 31 (GJG-31) (J-71),GUJARAT,3480 - 3485 Qt/Ha,Yes,Late
7066,SORGHUM,Phule Anuradha(RSV 458),MAHARASHTRA,8 - 10 Qt/Ha,Yes,Late
7067,GROUNDNUT,Birsa Groundnut 4 (BAU 25),JHARKHAND,2000 - 2200 Qt/Ha,Yes,Late
7068,SORGHUM,Phule Panchami (RPOSV 3),MAHARASHTRA,12 - 14 Qt/Ha,Yes,Late
7069,PEAS,Aman (IPF 5-19),"PUNJAB, HARYANA, DELHI, RAJASTHAN",22 - 23 Qt/Ha,Yes,Late
7070,SORGHUM,CO 30,TAMIL NADU,28 - 28 Qt/Ha,Yes,Medium
7071,PEAS,Paras,CHHATTISGARH,15 - 20 Qt/Ha,Yes,Early
7072,BLACK GRAM,UH-1 (UH 04-06),HARYANA,10 - 12 Qt/Ha,Yes,Medium
7073,SORGHUM,CSV-23 (SPV-1714),"ANDAMAN AND NICOBAR ISLANDS, ANDHRA PRADESH, ARUNACHAL PRADESH, ASSAM, BIHAR, CHANDIGARH, CHHATTISGARH, DADRA AND NAGAR HAVELI, DAMAN AND DIU, DELHI, GOA, GUJARAT, HARYANA, HIMACHAL PRADESH, JAMMU, JAMMU AND KASHMIR, JHARKHAND, KARNATAKA, KASHMIR, KERALA, LADAKH, LAKSHADWEEP, MADHYA PRADESH, MAHARASHTRA, MANIPUR, MEGHALAYA, MIZORAM, NAGALAND, ODISHA, PUDUCHERRY, PUNJAB, RAJASTHAN, SIKKIM, TAMIL NADU, TELANGANA, TRIPURA, UTTARAKHAND, UTTAR PRADESH, WEST BENGAL",25 - 30 Qt/Ha,Yes,Medium
7074,Sorghum (fodder),Pant Chari-6(UPMC-503),"DELHI, HARYANA, PUNJAB, UTTAR PRADESH, UTTARAKHAND",15 - 17 Qt/Ha,Yes,Medium
7075,GROUNDNUT,Groundnut Co 7 (ICGV 00351),TAMIL NADU,2300 - 2806 Qt/Ha,Yes,Medium
7076,NIGER (RAMTIL),Jawahar Niger Composite-1 (JNC-1),"MADHYA PRADESH, BIHAR, KARNATAKA, MAHARASHTRA, RAJASTHAN",6.5 - 7 Qt/Ha,Yes,Medium
7077,Sorghum (fodder),CSH 24 MF (I.C. No. 560854) (UTMCH-1302),"DELHI, HARYANA, PUNJAB, UTTAR PRADESH, UTTARAKHAND",850 - 925 Qt/Ha,Yes,Medium
7078,SOYBEAN,Jawahar Soybean 97-52 (JS 97-52),MADHYA PRADESH,21 - 25 Qt/Ha,Yes,Early
7079,SOYBEAN,JAWAHAR SOYBEAN-335 (JS-335),"MADHYA PRADESH, RAJASTHAN, GUJARAT",25 - 30 Qt/Ha,Yes,Early
7080,SOYBEAN,JS -75-46,MADHYA PRADESH,25 - 30 Qt/Ha,Yes,Medium
7081,WHEAT,HD 2851(Pusa Vishesh),"DELHI, UTTAR PRADESH",56.4 - 68.4 Qt/Ha,Yes,Late
7082,RAJMA (PULSES),Utkarsh (IPR 98-5),"UTTAR PRADESH, BIHAR, ASSAM, WEST BENGAL, JHARKHAND",17 - 18 Qt/Ha,Yes,Medium
7083,WHEAT,NIDW-15(Panchavati),MAHARASHTRA,11.6 - 24.8 Qt/Ha,Yes,Medium
7084,WHEAT,COW 2(HW 1095),TAMIL NADU,45.9 - 45.9 Qt/Ha,Yes,Medium
7085,WHEAT,PBW 644,"PUNJAB, HARYANA, UTTAR PRADESH, UTTARAKHAND, RAJASTHAN, DELHI, HIMACHAL PRADESH, JAMMU AND KASHMIR",31.4 - 44.8 Qt/Ha,Yes,Medium
7086,WHEAT,DPW 621-50(PBW 621 and DBW 50),"HARYANA, PUNJAB, UTTAR PRADESH, UTTARAKHAND, RAJASTHAN, HIMACHAL PRADESH, JAMMU AND KASHMIR, DELHI",51.7 - 69.8 Qt/Ha,Yes,Medium
7087,FINGER MILLET (RAGI),GPU 67,"CHHATTISGARH, JHARKHAND, KARNATAKA, MAHARASHTRA, TAMIL NADU, UTTARAKHAND",40 - 45 Qt/Ha,Yes,Medium
7088,WHEAT,MP(JW)1202(MP-1202),MADHYA PRADESH,42 - 53.9 Qt/Ha,Yes,Medium
7089,ITALIAN MILLET (FOX TAIL MILLET),SiA 3085,KARNATAKA,15 - 19 Qt/Ha,Yes,Medium
7090,SOYBEAN,DSb-1,KARNATAKA,20 - 25 Qt/Ha,Yes,Early
7091,KODO MILLET,Jawahar Kodo-13 (J K-13),"ANDAMAN AND NICOBAR ISLANDS, ANDHRA PRADESH, ARUNACHAL PRADESH, ASSAM, BIHAR, CHANDIGARH, CHHATTISGARH, DADRA AND NAGAR HAVELI, DAMAN AND DIU, DELHI, GOA, GUJARAT, HARYANA, HIMACHAL PRADESH, JAMMU, JAMMU AND KASHMIR, JHARKHAND, KARNATAKA, KASHMIR, KERALA, LADAKH, LAKSHADWEEP, MADHYA PRADESH, MAHARASHTRA, MANIPUR, MEGHALAYA, MIZORAM, NAGALAND, ODISHA, PUDUCHERRY, PUNJAB, RAJASTHAN, SIKKIM, TAMIL NADU, TELANGANA, TRIPURA, UTTARAKHAND, UTTAR PRADESH, WEST BENGAL",22 - 23 Qt/Ha,Yes,Medium
7092,KODO MILLET,Jawahar Kodo-106,MADHYA PRADESH,19 - 20 Qt/Ha,Yes,Medium
7093,LITTLE MILLET,Jawahar Kutki-36,MADHYA PRADESH,30 - 35 Qt/Ha,Yes,Early
7094,COMMON MILLET (PROSO MILLET),PRC-1,UTTARAKHAND,10 - 12 Qt/Ha,Yes,Late
7095,SORGHUM,Prabhani Moti (PVR-396/SPV-1411),MAHARASHTRA,19 - 20 Qt/Ha,Yes,Medium
7096,PEAS,VL Matar-42,"UTTAR PRADESH, BIHAR, JHARKHAND, ODISHA, WEST BENGAL, ASSAM",19 - 20 Qt/Ha,Yes,Late
7097,NIGER (RAMTIL),BIRSA NIGER-1,"BIHAR, MADHYA PRADESH, JHARKHAND",5.5 - 6 Qt/Ha,Yes,Medium
7098,NIGER (RAMTIL),Birsa Niger-2 (BNS-9),"JHARKHAND, BIHAR, MADHYA PRADESH",6.5 - 7 Qt/Ha,Yes,Medium
7099,SOYBEAN,KDS 344 (Phule Agrani),"KARNATAKA, MAHARASHTRA, TAMIL NADU, TELANGANA",25 - 28 Qt/Ha,Yes,Medium
7100,PEAS,Dantiwada Fieldpea 1 (SKNP 04-09),"UTTAR PRADESH, BIHAR, JHARKHAND, ODISHA, WEST BENGAL, ASSAM",17 - 18 Qt/Ha,Yes,Medium
7101,PEAS,HFP 529,"PUNJAB, HARYANA, DELHI, RAJASTHAN",22 - 25 Qt/Ha,Yes,Medium
7102,PEAS,HFP 715,"JAMMU AND KASHMIR, HIMACHAL PRADESH, UTTARAKHAND, TRIPURA, MANIPUR",15 - 16 Qt/Ha,Yes,Medium
7103,LATHYRUS,MAHATEORA,CHHATTISGARH,15 - 16 Qt/Ha,Yes,Medium
7104,LATHYRUS,Prateek,CHANDIGARH,15 - 16 Qt/Ha,Yes,Medium
7105,PEAS,HFP-9426,"HARYANA, UTTARAKHAND, JAMMU AND KASHMIR, TRIPURA, MANIPUR, HIMACHAL PRADESH",25 - 26 Qt/Ha,Yes,Late
7106,BENGAL GRAM (CHICK PEA),Rajas (Phule G-9425-9),"PUNJAB, HARYANA, DELHI, RAJASTHAN, UTTAR PRADESH, UTTARAKHAND, JAMMU",19 - 19 Qt/Ha,Yes,Late
7107,BENGAL GRAM (CHICK PEA),Shubhra (IPCK 2002-29),"MADHYA PRADESH, MAHARASHTRA, CHHATTISGARH, RAJASTHAN, GUJARAT, UTTAR PRADESH",22 - 22 Qt/Ha,Yes,Early
7108,BENGAL GRAM (CHICK PEA),Haryana Kabuli Chana-2 (HK-94-134),"WEST BENGAL, UTTAR PRADESH, BIHAR, JHARKHAND, ODISHA, ASSAM",18 - 20 Qt/Ha,Yes,Medium
7109,BENGAL GRAM (CHICK PEA),MNK-1,"ANDHRA PRADESH, KARNATAKA, TELANGANA, TAMIL NADU, KERALA",13 - 13 Qt/Ha,Yes,Early
7110,BENGAL GRAM (CHICK PEA),Anuradha (WBG-39/2),WEST BENGAL,24 - 24 Qt/Ha,Yes,Medium
7111,BENGAL GRAM (CHICK PEA),Abhar (RSG-807),RAJASTHAN,18 - 18 Qt/Ha,Yes,Late
7112,BENGAL GRAM (CHICK PEA),Asha (RSG-945),RAJASTHAN,20 - 20 Qt/Ha,Yes,Late
7113,GUAR (CLUSTER BEAN),HG-563,RAJASTHAN,18 - 20 Qt/Ha,Yes,Early
7114,BENGAL GRAM (CHICK PEA),RSG-896 (Arpan),RAJASTHAN,14 - 14 Qt/Ha,Yes,Late
7115,BENGAL GRAM (CHICK PEA),GNG-1499 (GAURI),RAJASTHAN,18 - 18 Qt/Ha,Yes,Late
7116,WHEAT,RAJ-3777,"RAJASTHAN, HIMACHAL PRADESH",42 - 48 Qt/Ha,Yes,Late
7117,BENGAL GRAM (CHICK PEA),Gujarat Junagadh Gram-3 (GJG 0207),GUJARAT,15 - 15 Qt/Ha,Yes,Medium
7118,LENTIL (MASUR),Azad Masoor-1 (KLS-218),"UTTAR PRADESH, BIHAR, JHARKHAND, ODISHA, WEST BENGAL, ASSAM",13 - 14 Qt/Ha,Yes,Medium
7119,LENTIL (MASUR),Malaviya Vishwanath (HUL-57),"BIHAR, UTTAR PRADESH, ODISHA, JHARKHAND, WEST BENGAL, ASSAM",14 - 15 Qt/Ha,Yes,Medium
7120,GREEN GRAM,Trombay Jawahar Mung -3 (TJM-3),MADHYA PRADESH,9 - 10 Qt/Ha,Yes,Early
7121,LENTIL (MASUR),VL Masoor-126 (VL-126),"UTTARAKHAND, MANIPUR, JAMMU AND KASHMIR",13 - 14 Qt/Ha,Yes,Late
7122,LENTIL (MASUR),MOITREE WBL-77),"UTTAR PRADESH, BIHAR, JHARKHAND, ODISHA, WEST BENGAL, ASSAM",14 - 15 Qt/Ha,Yes,Medium
7123,LENTIL (MASUR),Pant Lentil-8 (Pant L-063),"PUNJAB, HARYANA, RAJASTHAN, DELHI, UTTARAKHAND",15 - 16 Qt/Ha,Yes,Late
7124,BENGAL GRAM (CHICK PEA),AADHAR (RSG-963),"HARYANA, PUNJAB, DELHI, UTTAR PRADESH, RAJASTHAN, UTTARAKHAND, JAMMU",19 - 20 Qt/Ha,Yes,Late
7125,WHEAT,HPW 349,"UTTARAKHAND, HIMACHAL PRADESH, JAMMU AND KASHMIR",47 - 61.4 Qt/Ha,Yes,Medium
7126,BARLEY,VL Jau 118 (VLB 118),"UTTARAKHAND, HIMACHAL PRADESH, JAMMU AND KASHMIR",30.84 - 50 Qt/Ha,Yes,Medium
7127,BARLEY,RD2715,"MADHYA PRADESH, GUJARAT",26 - 54 Qt/Ha,Yes,Medium
7128,BARLEY,RD-2668,"HARYANA, PUNJAB, RAJASTHAN, UTTAR PRADESH",42.5 - 53.7 Qt/Ha,Yes,Medium
7129,BHINDI (OKRA),Susthira (AE-286-1),KERALA,178 - 180 Qt/Ha,Yes,Medium
7130,COWPEA (VEGETABLE),Anaswara,KERALA,125 - 126 Qt/Ha,Yes,Medium
7131,BLACK GRAM,Sulata (WBU 109),"BIHAR, JHARKHAND, ODISHA, UTTAR PRADESH, WEST BENGAL, ASSAM",10 - 1600 Qt/Ha,Yes,Medium
7132,PIGEON PEA (RED GRAM/ARHAR),Narendra Arhar-2 (NDA-98-1),"UTTAR PRADESH, BIHAR, JHARKHAND, ASSAM, WEST BENGAL",11.64 - 11.7 Qt/Ha,Yes,Late
7133,GREEN GRAM,Muskan (MH-96-1),HARYANA,1200 - 1500 Qt/Ha,Yes,Medium
7134,GREEN GRAM,Shalimar Moong-1,KASHMIR,8 - 9 Qt/Ha,Yes,Late
7135,BLACK GRAM,Pant Urd-31,"UTTARAKHAND, HIMACHAL PRADESH",10+ Qt/Ha,Yes,Medium
7136,BLACK GRAM,DBGV-5,KARNATAKA,14 - 15 Qt/Ha,Yes,Late
7137,GREEN GRAM,COGG-912,"TAMIL NADU, ANDHRA PRADESH, TELANGANA, ODISHA, KARNATAKA, ANDAMAN AND NICOBAR ISLANDS",8 - 8.5 Qt/Ha,Yes,Early
7138,PIGEON PEA (RED GRAM/ARHAR),Malviya Chamatkar (MAL-13),"UTTARAKHAND, BIHAR, JHARKHAND, ASSAM, WEST BENGAL",23 - 23.39 Qt/Ha,Yes,Late
7139,GREEN GRAM,KM 2195 (SWATI),UTTAR PRADESH,10 - 11 Qt/Ha,Yes,Early
7140,PIGEON PEA (RED GRAM/ARHAR),Pusa-991,DELHI,21 - 22 Qt/Ha,Yes,Early
7141,PIGEON PEA (RED GRAM/ARHAR),Jawahar Tur JKM-189,"MAHARASHTRA, MADHYA PRADESH, GUJARAT, CHHATTISGARH",19 - 19.69 Qt/Ha,Yes,Medium
7142,GREEN GRAM,CO 8,TAMIL NADU,8 - 9 Qt/Ha,Yes,Early
7143,BLACK GRAM,Gujarat Urd-1,"GUJARAT, ANDHRA PRADESH, ODISHA, JHARKHAND",1177 - 1177 Qt/Ha,Yes,Medium
7144,BLACK GRAM,Lam Minumu-752,ANDHRA PRADESH,18 - 20 Qt/Ha,Yes,Medium
7145,HORSE GRAM (KULTHI),Indira Kulthi-1 (IKGH-05-01),CHHATTISGARH,8 - 9 Qt/Ha,Yes,Late
7146,BLACK GRAM,CO-6 (COBG 653),"ANDHRA PRADESH, TAMIL NADU, KARNATAKA, ODISHA",8.77 - 8.77 Qt/Ha,Yes,Early
7147,BLACK GRAM,VBN 6,TAMIL NADU,8.5 - 8.5 Qt/Ha,Yes,Early
7148,BLACK GRAM,Pratap Urd 1 (KPU 07- 08),RAJASTHAN,10 - 12.5 Qt/Ha,Yes,Medium
7149,BLACK GRAM,MDU I (ACM 070021),TAMIL NADU,7.9 - 7.9 Qt/Ha,Yes,Medium
7150,COWPEA (PULSES),Hissar Cowpea-46 (HC 98-46),HARYANA,10 - 12 Qt/Ha,Yes,Early
7151,COWPEA (PULSES),Pant Lobia-1,UTTARAKHAND,15 - 20 Qt/Ha,Yes,Early
7152,COWPEA (PULSES),DCS 47-1,KARNATAKA,14 - 14 Qt/Ha,Yes,Medium
7153,GREEN GRAM,TMB-37(TM 99-37),"UTTAR PRADESH, JHARKHAND, ASSAM, WEST BENGAL",11 - 12 Qt/Ha,Yes,Early
7154,HORSE GRAM (KULTHI),CRIDA-1-18R,"ANDHRA PRADESH, KARNATAKA, KERALA, TAMIL NADU, TELANGANA",842 - 842 Qt/Ha,Yes,Late
7155,HORSE GRAM (KULTHI),VL Gahat-15 (VLG-15),"UTTAR PRADESH, UTTARAKHAND, RAJASTHAN, PUNJAB, MAHARASHTRA, HARYANA, DELHI",6 - 7 Qt/Ha,Yes,Late
7156,GREEN GRAM,Malaviya Jankalyani (HUM-16),"UTTAR PRADESH, JHARKHAND, ASSAM, WEST BENGAL, BIHAR",10 - 11 Qt/Ha,Yes,Early
7157,HORSE GRAM (KULTHI),VL Gahat-19 (VLG-19),"UTTARAKHAND, UTTAR PRADESH, RAJASTHAN, PUNJAB, HARYANA, DELHI",8.5 - 9 Qt/Ha,Yes,Medium
7158,GREEN GRAM,Sattya (MH-2-15),"RAJASTHAN, DELHI, UTTARAKHAND, PUNJAB, HARYANA, JAMMU AND KASHMIR",10 - 11 Qt/Ha,Yes,Early
7159,PIGEON PEA (RED GRAM/ARHAR),Amol (BDN-708),MAHARASHTRA,15 - 15.5 Qt/Ha,Yes,Medium
7160,GREEN GRAM,Sweta (KM-2241),"TRIPURA, MANIPUR, HIMACHAL PRADESH, JAMMU AND KASHMIR",10 - 11 Qt/Ha,Yes,Early
7161,CHILLIES,Gujarat Vegetable CHilli-121 (ACS 97-2-111),GUJARAT,105 - 170 Qt/Ha,Yes,Medium
7162,PIGEON PEA (RED GRAM/ARHAR),GTH-1 (SKNPCH-10),"CHHATTISGARH, MADHYA PRADESH, MAHARASHTRA, GUJARAT",17 - 17.6 Qt/Ha,Yes,Early
7163,SOYBEAN,PUSA-24,"PUNJAB, HARYANA, UTTARAKHAND, HIMACHAL PRADESH, DELHI",25 - 30 Qt/Ha,Yes,Medium
7164,PIGEON PEA (RED GRAM/ARHAR),Palem Khandi (PRG-158),ANDHRA PRADESH,16 - 18 Qt/Ha,Yes,Medium
7165,GREEN GRAM,PKV AKM-4 (AKM-9904),"MAHARASHTRA, MADHYA PRADESH, GUJARAT, CHHATTISGARH, KARNATAKA, TAMIL NADU, ODISHA, TELANGANA",9.5 - 10.5 Qt/Ha,Yes,Early
7166,PIGEON PEA (RED GRAM/ARHAR),VL Arhar-1,UTTARAKHAND,10 - 12 Qt/Ha,Yes,Early
7167,PIGEON PEA (RED GRAM/ARHAR),Anand Grain Tur-2 (AGT-2),GUJARAT,16 - 16 Qt/Ha,Yes,Medium
7168,PIGEON PEA (RED GRAM/ARHAR),TT401,"MAHARASHTRA, MADHYA PRADESH, CHHATTISGARH, GUJARAT",15 - 15.7 Qt/Ha,Yes,Early
7169,IVY GOURD,SULABHA,KERALA,600 - 600 Qt/Ha,Yes,Early
7170,PIGEON PEA (RED GRAM/ARHAR),TJT 501,"CHHATTISGARH, GUJARAT, MADHYA PRADESH, MAHARASHTRA",18 - 18.6 Qt/Ha,Yes,Early
7171,PIGEON PEA (RED GRAM/ARHAR),Pant Arhar-291 (PA-291),UTTARAKHAND,1700 - 1700 Qt/Ha,Yes,Medium
7172,GREEN GRAM,DGGV - 2,KARNATAKA,11 - 14 Qt/Ha,Yes,Early
7173,RAJMA (PULSES),Gujarat Rajma-1,"MAHARASHTRA, MADHYA PRADESH, CHHATTISGARH, GUJARAT",18 - 19 Qt/Ha,Yes,Early
7174,GUAR (CLUSTER BEAN),Rajasthan Guar-1038 (RGC-1038),RAJASTHAN,12 - 15 Qt/Ha,Yes,Early
7175,GUAR (CLUSTER BEAN),Guar Kranti (RGC-1031),RAJASTHAN,15 - 20 Qt/Ha,Yes,Early
7176,MOTH BEAN,CAZRI Moth -2 (CZM-45),"RAJASTHAN, HARYANA, PUNJAB, UTTAR PRADESH, UTTARAKHAND",10 - 12 Qt/Ha,Yes,Early
7177,GUAR (CLUSTER BEAN),Gaur Uday(RGC-1055),RAJASTHAN,15 - 20 Qt/Ha,Yes,Early
7178,MOTH BEAN,RMO-423,"RAJASTHAN, DELHI, HARYANA, PUNJAB, UTTAR PRADESH, UTTARAKHAND",5.5 - 6 Qt/Ha,Yes,Early
7179,RIDGE GOURD,SWARNA UPHAR,"BIHAR, JHARKHAND",200 - 300 Qt/Ha,Yes,Medium
7180,SNAKE GOURD,Manusree,KERALA,600 - 600 Qt/Ha,Yes,Early
7181,MOTH BEAN,CAZRI Moth -3 (CZM-99),"RAJASTHAN, HARYANA, GUJARAT",5.5 - 7.5 Qt/Ha,Yes,Early
7182,SOYBEAN,INDIRA SOYA-9,"MADHYA PRADESH, CHHATTISGARH, ASSAM, MEGHALAYA",22 - 23 Qt/Ha,Yes,Early
7183,SOYBEAN,JS-71-5,MADHYA PRADESH,2000 - 2400 Qt/Ha,No,
7184,SOYBEAN,JS-76-205 (JAWAHAR SOYBEAN),MADHYA PRADESH,18 - 22 Qt/Ha,No,Medium
7185,SOYBEAN,HARA SOYA,"HIMACHAL PRADESH, UTTARAKHAND",15000 - 15200 Qt/Ha,No,Late
7186,SOYBEAN,VL SOYA 63,"UTTARAKHAND, HIMACHAL PRADESH",24 - 25 Qt/Ha,Yes,Late
7187,SOYBEAN,VL Soya 59,"HIMACHAL PRADESH, UTTARAKHAND",25 - 26 Qt/Ha,Yes,Late
7188,SOYBEAN,SHIWALIK (HIM SO-333),HIMACHAL PRADESH,25 - 32 Qt/Ha,Yes,Medium
7189,SOYBEAN,RKS-24,RAJASTHAN,30 - 35 Qt/Ha,Yes,Early
7190,SOYBEAN,Pratap Soya 45 (RKS 45),RAJASTHAN,30 - 35 Qt/Ha,Yes,Early
7191,SOYBEAN,Pant Soybean - 19 (PS 1368),UTTARAKHAND,21 - 21 Qt/Ha,Yes,Medium
7192,SOYBEAN,JS-80-21,"MADHYA PRADESH, RAJASTHAN, GUJARAT",25 - 30 Qt/Ha,Yes,Medium
7193,SOYBEAN,TAMS-38,MAHARASHTRA,21 - 23 Qt/Ha,Yes,Early
7194,SOYBEAN,AHILYA-3 (NRC-7),MADHYA PRADESH,25 - 35 Qt/Ha,Yes,Early
7195,RIDGE GOURD,DEEPTHI,KERALA,126 - 128 Qt/Ha,Yes,Medium
7196,AMARANTHUS,Konkan Durangi,MAHARASHTRA,220 - 240 Qt/Ha,Yes,Early
7197,SOYBEAN,MACS-124,"MAHARASHTRA, ANDHRA PRADESH, TELANGANA",25 - 35 Qt/Ha,Yes,Early
7198,SOYBEAN,Swarna Vasundhra,"JHARKHAND, BIHAR",150 - 200 Qt/Ha,Yes,Medium
7199,SOYBEAN,MACS-450,MAHARASHTRA,23 - 35 Qt/Ha,Yes,Early
7200,SOYBEAN,MAUS-81,"MADHYA PRADESH, MAHARASHTRA, RAJASTHAN, GUJARAT",20 - 25 Qt/Ha,Yes,Early
7201,SOYBEAN,PRATIKAR (MAUS-61),"MADHYA PRADESH, GUJARAT, RAJASTHAN",25 - 28 Qt/Ha,Yes,Early
7202,SOYBEAN,PRASAD (MAUS-32),MAHARASHTRA,30 - 35 Qt/Ha,Yes,Early
7203,CUCUMBER,Swarna Ageti,"BIHAR, JHARKHAND, UTTAR PRADESH, ANDHRA PRADESH, DELHI, HIMACHAL PRADESH",300 - 325 Qt/Ha,Yes,Early
7204,BRINJAL,Swarna Shobha (HABR-4),"BIHAR, JHARKHAND",500 - 600 Qt/Ha,Yes,Medium
7205,SOYBEAN,PARBHANI SONA (MAUS-47),"MAHARASHTRA, MADHYA PRADESH, GUJARAT, RAJASTHAN",22 - 25 Qt/Ha,Yes,Early
7206,SOYBEAN,PK-1029,"ANDHRA PRADESH, MAHARASHTRA, TAMIL NADU, TELANGANA",24 - 25 Qt/Ha,Yes,Early
7207,CHILLIES,Gujarat Vegetable Chilli-111 (GVC-111),GUJARAT,120 - 190 Qt/Ha,Yes,Medium
7208,PEA (VEGETABLE),VIVEK MATAR-9,UTTARAKHAND,90 - 100 Qt/Ha,Yes,Medium
7209,PEA (VEGETABLE),Vivek Matar-10 (VP101),"UTTARAKHAND, UTTAR PRADESH, HIMACHAL PRADESH, JAMMU AND KASHMIR, PUNJAB, JHARKHAND, BIHAR",95 - 105 Qt/Ha,Yes,Early
7210,PEA (VEGETABLE),Vivek Matar 11 (VP 233),"UTTARAKHAND, HIMACHAL PRADESH, JAMMU AND KASHMIR",95 - 100 Qt/Ha,Yes,Medium
7211,TOMATO,VL Tamatar-4,UTTARAKHAND,190 - 200 Qt/Ha,Yes,Medium
7212,CAPSICUM,VL Shimla Mirch-2,UTTARAKHAND,174 - 176 Qt/Ha,Yes,Medium
7213,BRINJAL,Swarna Mani (CHBR-1),"BIHAR, JHARKHAND",600 - 650 Qt/Ha,Yes,Medium
7214,BRINJAL,Swarna Shree,"BIHAR, JHARKHAND",550 - 600 Qt/Ha,Yes,Early
7215,BRINJAL,Swarana Neelima (HABH-17),"BIHAR, JHARKHAND, PUNJAB, UTTARAKHAND, UTTAR PRADESH",700 - 750 Qt/Ha,Yes,Medium
7216,TOMATO,Swaprna Baibhay (CHTH-1),"BIHAR, JHARKHAND",900 - 1000 Qt/Ha,Yes,Medium
7217,TOMATO,Swarna Lalima,"BIHAR, JHARKHAND",600 - 700 Qt/Ha,Yes,Early
7218,TOMATO,Swarna Naveen,"BIHAR, JHARKHAND",600 - 650 Qt/Ha,Yes,Early
7219,TOMATO,Swarna Sampada (HATH-3),"BIHAR, JHARKHAND",1000 - 1050 Qt/Ha,Yes,Early
7220,TOMATO,Swarana Vijaya (HATH-5),"BIHAR, JHARKHAND",1000 - 1050 Qt/Ha,Yes,Early
7221,CUCUMBER,Swarna Sheetal,"BIHAR, JHARKHAND, UTTAR PRADESH, MAHARASHTRA, ANDHRA PRADESH, DELHI, HIMACHAL PRADESH, KERALA",250 - 300 Qt/Ha,Yes,Medium
7222,RIDGE GOURD,SWARNA MANJARI,"BIHAR, ANDHRA PRADESH, JHARKHAND, ODISHA, MAHARASHTRA, TAMIL NADU",180 - 200 Qt/Ha,Yes,Medium
7223,PEA (VEGETABLE),Swarna Mukti (CHP-2),"BIHAR, JHARKHAND, RAJASTHAN",200 - 250 Qt/Ha,Yes,Medium
7224,COWPEA (VEGETABLE),Swarna Suphala (CHCP-2),"BIHAR, JHARKHAND, KARNATAKA, KERALA",250 - 300 Qt/Ha,Yes,Medium
7225,INDIAN BEAN (DOLICHOS BEAN),SWARNA UTKRISHT (CHDB-1),"BIHAR, JHARKHAND, PUNJAB, UTTAR PRADESH",350 - 400 Qt/Ha,Yes,Medium
7226,CUCUMBER,Swarna Poorna (CH-20),"BIHAR, ANDHRA PRADESH, JHARKHAND, ODISHA, UTTAR PRADESH",300 - 350 Qt/Ha,Yes,Medium
7227,FRENCH BEAN (VEGETABLE),Swarna Priya (CH-812),"JHARKHAND, SIKKIM, MEGHALAYA, MANIPUR, MIZORAM, NAGALAND, TRIPURA, MAHARASHTRA, ARUNACHAL PRADESH, MADHYA PRADESH, ANDAMAN AND NICOBAR ISLANDS",120 - 140 Qt/Ha,Yes,Early
7228,BHINDI (OKRA),Gujarat Okra Hybrid-2,"ANDAMAN AND NICOBAR ISLANDS, ANDHRA PRADESH, ARUNACHAL PRADESH, ASSAM, BIHAR, CHANDIGARH, CHHATTISGARH, DADRA AND NAGAR HAVELI, DAMAN AND DIU, DELHI, GOA, GUJARAT, HARYANA, HIMACHAL PRADESH, JAMMU, JAMMU AND KASHMIR, JHARKHAND, KARNATAKA, KASHMIR, KERALA, LADAKH, LAKSHADWEEP, MADHYA PRADESH, MAHARASHTRA, MANIPUR, MEGHALAYA, MIZORAM, NAGALAND, ODISHA, PUDUCHERRY, PUNJAB, RAJASTHAN, SIKKIM, TAMIL NADU, TELANGANA, TRIPURA, UTTARAKHAND, UTTAR PRADESH, WEST BENGAL",150 - 153 Qt/Ha,Yes,Medium
7229,COWPEA (PULSES),Swarna Harita(IC285143),"BIHAR, JHARKHAND",300 - 350 Qt/Ha,Yes,Medium
7230,PEA (VEGETABLE),Swarna Tripti,"BIHAR, JHARKHAND, WEST BENGAL",250 - 300 Qt/Ha,Yes,Medium
7231,BRINJAL,Brinjal Hybrid-2 (GBH-2),"ANDAMAN AND NICOBAR ISLANDS, ANDHRA PRADESH, ARUNACHAL PRADESH, ASSAM, BIHAR, CHANDIGARH, CHHATTISGARH, DADRA AND NAGAR HAVELI, DAMAN AND DIU, DELHI, GOA, GUJARAT, HARYANA, HIMACHAL PRADESH, JAMMU, JAMMU AND KASHMIR, JHARKHAND, KARNATAKA, KASHMIR, KERALA, LADAKH, LAKSHADWEEP, MADHYA PRADESH, MAHARASHTRA, MANIPUR, MEGHALAYA, MIZORAM, NAGALAND, ODISHA, PUDUCHERRY, PUNJAB, RAJASTHAN, SIKKIM, TAMIL NADU, TELANGANA, TRIPURA, UTTARAKHAND, UTTAR PRADESH, WEST BENGAL",445 - 450 Qt/Ha,Yes,Medium
7232,PEA (VEGETABLE),Narendra Sabzi Matar-4 (NDVP-9),"UTTAR PRADESH, UTTARAKHAND",90 - 100 Qt/Ha,Yes,Medium
7233,BOTTLE GOURD,Narendra Rashmi,UTTAR PRADESH,400 - 500 Qt/Ha,Yes,Early
7234,BOTTLE GOURD,Narendra Sankar Lauki-4,"BIHAR, UTTAR PRADESH, PUNJAB, RAJASTHAN, HARYANA",650 - 750 Qt/Ha,Yes,Early
7235,BOTTLE GOURD,Narendra Jyothi (NDBG-104),UTTAR PRADESH,400 - 500 Qt/Ha,Yes,Early
7236,PUMPKIN,NDPK-24,"UTTAR PRADESH, DELHI, PUNJAB, BIHAR, HARYANA, GUJARAT",300 - 400 Qt/Ha,Yes,Early
7237,PUMPKIN,NARENDRA AMRIT,UTTAR PRADESH,300 - 330 Qt/Ha,Yes,Medium
7238,BRINJAL,Narendra hybrid Brinjal-3,UTTAR PRADESH,500 - 550 Qt/Ha,Yes,Medium
7239,KNOL-KHOL,Palam Tender Knob,HIMACHAL PRADESH,250 - 275 Qt/Ha,Yes,Early
7240,TOMATO,Narendra Tomato-7 (NDTS 2001-3),"PUNJAB, UTTAR PRADESH",400 - 425 Qt/Ha,Yes,Early
7241,CHILLIES,Prasanth (LCA-334),"CHHATTISGARH, ODISHA, ANDHRA PRADESH, PUNJAB, UTTAR PRADESH, BIHAR, JHARKHAND, MADHYA PRADESH, MAHARASHTRA, GOA",149 - 150 Qt/Ha,Yes,Medium
7242,CHILLIES,LAM-353 (LCA-353),"CHHATTISGARH, ODISHA, ANDHRA PRADESH, KARNATAKA, TAMIL NADU, KERALA, PUDUCHERRY, PUNJAB, UTTAR PRADESH, BIHAR, JHARKHAND",750 - 750 Qt/Ha,Yes,Early
7243,CAULIFLOWER,Palam Kanchan,HIMACHAL PRADESH,250 - 300 Qt/Ha,Yes,Medium
7244,CHILLIES,Gujarat Vegetable Chilli-101 (Anand Jyoti-101),"ANDHRA PRADESH, MAHARASHTRA",115 - 133 Qt/Ha,Yes,Medium
7245,SPONGE GOURD,Gujarat Spongegourd-1(JSGL-55),"MAHARASHTRA, GUJARAT",130 - 135 Qt/Ha,Yes,Medium
7246,PADDY (DHAN),CST-7-1 (IET-9341),,3000 - 3500 Qt/Ha,No,
7247,PADDY (DHAN),HARYANA BASMATI-1 (HKR-228/IET-I0367),,4500 - 5000 Qt/Ha,No,
7248,PADDY (DHAN),GR-5,,1700 - 2500 Qt/Ha,No,
7249,NIGER (RAMTIL),Phule Karala-1 (IGPN-2004-1),,400 - 600 Qt/Ha,No,
7250,PADDY (DHAN),VL DHAN-221 (VRS-221-1-3-2-2),,2500 - 3000 Qt/Ha,No,
7251,PADDY (DHAN),PY-4,,6250 - 6550 Qt/Ha,No,
7252,TOMATO,CO-3,,50000 - 50100 Qt/Ha,No,
7253,PADDY (DHAN),AJAYA (IET - 8585),,5000 - 5500 Qt/Ha,No,
7254,PADDY (DHAN),CO-45,,5700 - 5800 Qt/Ha,No,
7255,PADDY (DHAN),CR-1002 (IET- 5890),,4000 - 4500 Qt/Ha,No,
7256,PADDY (DHAN),SURENDRA (IET-12815),,,No,
7257,PADDY (DHAN),GR-103,,5000 - 6000 Qt/Ha,No,
7258,BRINJAL,HLB-25,,,No,
7259,PADDY (DHAN),LACHIT (TTB-14-1),,3000 - 3500 Qt/Ha,No,
7260,TOMATO,Kashi Amrit (DVRT-1),,40000 - 45000 Qt/Ha,No,
7261,PADDY (DHAN),PNR-381 (IET - 9208),,5500 - 6000 Qt/Ha,No,
7262,PADDY (DHAN),MDU-4,,4500 - 5882 Qt/Ha,No,
7263,TOMATO,S-12,,,No,
7264,PADDY (DHAN),TKM-10 (IET - 12270),,5500 - 5700 Qt/Ha,No,
7265,PADDY (DHAN),PANT DHAN-10 (IET - 8616),,6500 - 70000 Qt/Ha,No,
7266,PADDY (DHAN),PANT DHAN-11 (IET - 9620),,350 - 550 Qt/Ha,No,
7267,PADDY (DHAN),INDRAYANI (IET - 12897),MAHARASHTRA,40 - 45 Qt/Ha,Yes,Late
7268,BUFFEL GRASS (ANJAN GRASS),Bundel Anjan-3 (IGFRJ-727),,,No,
7269,TOMATO,PARBHANI YASHASHRI (Sel.14),,55000 - 65000 Qt/Ha,No,
7270,PADDY (DHAN),BIRSA DHAN-103,,3500 - 5000 Qt/Ha,No,
7271,WHEAT,RAJ-1972,,3500 - 4000 Qt/Ha,No,
7272,PADDY (DHAN),BIRSA DHAN-104,,3000 - 4000 Qt/Ha,No,
7273,PADDY (DHAN),ERRA MALLELU (WGL-20471),,6000 - 6500 Qt/Ha,No,
7274,WHEAT,HW-517,,,No,
7275,PADDY (DHAN),NLR-28523,,6000 - 6500 Qt/Ha,No,
7276,PADDY (DHAN),MTU-5182,,6500 - 6700 Qt/Ha,No,
7277,WHEAT,UP-1109 (PANT WHEAT-1109),,5000 - 5500 Qt/Ha,No,
7278,PADDY (DHAN),NLR-145,,3000 - 3100 Qt/Ha,No,
7279,PADDY (DHAN),NARENDRA DHAN-359 (NDR-359),,5000 - 5500 Qt/Ha,No,
7280,PADDY (DHAN),KAVYA (WGL-48684),,6500 - 7000 Qt/Ha,No,
7281,WHEAT,RAJ-3077,,5500 - 5500 Qt/Ha,No,
7282,PADDY (DHAN),NARENDRA-8002 (IET-15848),,5500 - 6000 Qt/Ha,No,
7283,PADDY (DHAN),VL Dhan-207 (VL-97-9729),,2000 - 2400 Qt/Ha,No,
7284,PADDY (DHAN),DANDI (IET 14906),,4500 - 5000 Qt/Ha,No,
7285,WHEAT,MACS-2496,,4000 - 4000 Qt/Ha,No,
7286,PADDY (DHAN),Bha Lum-2 (RCPL 1-29),,2006 - 2040 Qt/Ha,No,
7287,WHEAT,MLKS-11,,,No,
7288,BRINJAL,Pusa Hybrid-20 (DBHL- 20),,,No,
7289,PADDY (DHAN),Improved Pusa Basmati-1 (IET - 18990) (Pusa 1460-01-32-6-7-67),,3700 - 3800 Qt/Ha,No,
7290,PADDY (DHAN),Pant Dhan 18 (IET 17920) (UPRI 99-1),,1126 - 1226 Qt/Ha,No,
7291,PADDY (DHAN),Shusk Samrat (NDR 1045-2) (IET-17458),,3000 - 3500 Qt/Ha,No,
7292,PADDY (DHAN),JKRH-401(JKRH-)2000(IET18181),,6200 - 6200 Qt/Ha,No,
7293,PADDY (DHAN),27P61 (IET 21447),,6000 - 7000 Qt/Ha,No,
7294,WHEAT,HS-277,,3120 - 3120 Qt/Ha,No,
7295,PADDY (DHAN),Bhutnath (CSRC(S) 5-2-2-5 (IET 12855/11354),,4000 - 4500 Qt/Ha,No,
7296,PADDY (DHAN),JARAVA (IET -15420),,3300 - 4500 Qt/Ha,No,
7297,PADDY (DHAN),SURUCHI-5401(MPH-5401),,7000 - 8000 Qt/Ha,No,
7298,INDIAN BEAN (FIELD BEAN),Kailash (SRC-74),,,No,
7299,PADDY (DHAN),CSRC (S) 2-1-7 (IET - 13428),,3000 - 4000 Qt/Ha,No,
7300,PADDY (DHAN),MUGAD SIRI-1253,,4500 - 5000 Qt/Ha,No,
7301,PADDY (DHAN),CSR-36 (Naina) (IET-17340),,3910 - 4010 Qt/Ha,No,
7302,PADDY (DHAN),VL Dhan-208 (VL-9632),,2000 - 2500 Qt/Ha,No,
7303,WHEAT,HD-2278,,3710 - 3710 Qt/Ha,No,
7304,PEARL MILLET,BJ-104 (KM-1),,,No,
7305,LINSEED,Mau Azad Alsi-2 (LMS - 149-4),,8150 - 8150 Qt/Ha,No,
7306,LINSEED,JLS-73 (SLS-73),,5389 - 5389 Qt/Ha,No,
7307,PADDY (DHAN),CR Dhan 401(Reeta)(IET 19969),,4000 - 4100 Qt/Ha,No,
7308,PADDY (DHAN),Chinsurah Rice (IET 19140)(CNI 383-5-11),,5500 - 5700 Qt/Ha,No,
7309,PADDY (DHAN),DRH-775 (IET 19741),,7000 - 7500 Qt/Ha,No,
7310,PADDY (DHAN),91 H97228 (HRI 157) (IET 19511),,6500 - 7000 Qt/Ha,No,
7311,PADDY (DHAN),Sahyadri-4 (IET-18610),,6000 - 6100 Qt/Ha,No,
7312,WHEAT,GW-173,,4107 - 4407 Qt/Ha,No,
7313,PADDY (DHAN),Narendra Usar Dhan-2008 (NDRK-5088) IET-18699),,4500 - 5000 Qt/Ha,No,
7314,TRITICALE,DT-46,,2200 - 2390 Qt/Ha,No,
7315,TRITICALE,TL 2969,,2930 - 2930 Qt/Ha,No,
7316,WHEAT,GW-190,,4600 - 4700 Qt/Ha,No,
7317,WHEAT,DWR-195,,3800 - 3800 Qt/Ha,No,
7318,WHEAT,UP-2338,,4760 - 4760 Qt/Ha,No,
7319,WHEAT,DL-803 (KANCHAN),,5000 - 5000 Qt/Ha,No,
7320,WHEAT,MALAWSHREE (HI-8381),,4500 - 5000 Qt/Ha,No,
7321,WHEAT,LAL BAHADUR,,,No,
7322,WHEAT,VL GEHUN-421,,,No,
7323,SWEET POTATO,Shalimar Potato-2,,,No,
7324,WHEAT,WH-896,,5000 - 5000 Qt/Ha,No,
7325,LENTIL (MASUR),Pusa Masoor-5(L-4594),,,No,
7326,WHEAT,RAJLAKSHMI (HP-1731),,4101 - 4101 Qt/Ha,No,
7327,WHEAT,VL GEHUN-719,,2600 - 2600 Qt/Ha,No,
7328,WHEAT,AKW-1071 (PURNA),,3000 - 3500 Qt/Ha,No,
7329,WHEAT,VIDISHA (DL-788-2),,4000 - 4000 Qt/Ha,No,
7330,WHEAT,NARENDRA WHEAT-1014,,3700 - 4000 Qt/Ha,No,
7331,WHEAT,GOMTI (K-9465),,2400 - 2500 Qt/Ha,No,
7332,WHEAT,MALAV SHAKTI (HI-8498),,4430 - 4430 Qt/Ha,No,
7333,WHEAT,MALVIYA WHEAT-468 (HUW-468),,,No,
7334,WHEAT,SHRESTH (HD-2687),,,No,
7335,WHEAT,KRL-19,,4500 - 4700 Qt/Ha,No,
7336,WHEAT,HD-2733 (VSM),,,No,
7337,PEA (VEGETABLE),Kashi Udai (VR-6),,1100 - 1300 Qt/Ha,No,
7338,PEA (VEGETABLE),Kashi Mukti (VR-22),,9000 - 11000 Qt/Ha,No,
7339,FENUGREEK,Hisar Mukta (HM-346),,1400 - 1500 Qt/Ha,No,
7340,WHEAT,ADITYA (HD-2781),,1580 - 1580 Qt/Ha,No,
7341,WHEAT,VL-804,,2570 - 4130 Qt/Ha,No,
7342,WHEAT,HY-65 (HD-1467),,,No,
7343,WHEAT,HD-2189,,,No,
7344,WHEAT,HD-2204,,,No,
7345,WHEAT,HP-1102,,,No,
7346,WHEAT,HP-1209,,,No,
7347,WHEAT,JAIRAJ,,,No,
7348,WHEAT,UP-115,,,No,
7349,WHEAT,KUNDAN (DL-153-2),,,No,
7350,WHEAT,HUW-213 (MALAVIYA WHEAT-213),,,No,
7351,WHEAT,CPAN-1796,,,No,
7352,WHEAT,HD-2307,,,No,
7353,WHEAT,PBW-34,,5500 - 5500 Qt/Ha,No,
7354,WHEAT,PRAGATI (DWR-39),,3000 - 3000 Qt/Ha,No,
7355,WHEAT,WH 1124,,,No,
7356,BARLEY,PRAGATI (K 508),,3500 - 4000 Qt/Ha,No,
7357,WHEAT,VL GEHUN-616,,,No,
7358,WHEAT,HUW-234 (MALAVIYA WHEAT-234),,,No,
7359,WHEAT,HI-977,,,No,
7360,BARLEY,RS-17,,,No,
7361,WHEAT,PBW-65,,3500 - 3500 Qt/Ha,No,
7362,WHEAT,MACS-1967,,,No,
7363,WHEAT,PBW-154,,5300 - 5300 Qt/Ha,No,
7364,WHEAT,HD-2402,,,No,
7365,WHEAT,HD 2270,,,No,
7366,WHEAT,MANGLA,,4000 - 4500 Qt/Ha,No,
7367,WHEAT,HD-2428,,4430 - 4430 Qt/Ha,No,
7368,WHEAT,PBW-226,,4700 - 4700 Qt/Ha,No,
7369,BARLEY,Narendra Barley-5 (NDB-943),,3500 - 4000 Qt/Ha,No,
7370,WHEAT,HS-207,,2000 - 2200 Qt/Ha,No,
7371,BARLEY,PRB-502,UTTARAKHAND,14.8 - 25 Qt/Ha,Yes,Medium
7372,WHEAT,HD-2380,,2470 - 3280 Qt/Ha,No,
7373,WHEAT,HS-240,,2500 - 4500 Qt/Ha,No,
7374,WHEAT,HD-2501,,3160 - 3160 Qt/Ha,No,
7375,WHEAT,KRL-1-4,,4100 - 4900 Qt/Ha,No,
7376,WHEAT,HDR-77,,1620 - 2900 Qt/Ha,No,
7377,WHEAT,WH-416,,4020 - 4020 Qt/Ha,No,
7378,PADDY (DHAN),IET-7956,,5033 - 5033 Qt/Ha,No,
7379,PADDY (DHAN),HIMALAYA-2216,,3000 - 4200 Qt/Ha,No,
7380,SESAME (GINGELLY),TKG-306,,408 - 408 Qt/Ha,No,
7381,WHEAT,PDW-215,,5500 - 5500 Qt/Ha,No,
7382,PADDY (DHAN),RAJA VADLU,,6500 - 7500 Qt/Ha,No,
7383,WHEAT,SANGAM (CPAN-3004),,4600 - 6000 Qt/Ha,No,
7384,SORGHUM,PUSA CHARI HYBRID-106 (PCH-106),,2000 - 6800 Qt/Ha,No,
7385,WHEAT,WH-542,,4800 - 5100 Qt/Ha,No,
7386,PADDY (DHAN),BIRSA DHAN-105,,3200 - 4000 Qt/Ha,No,
7387,WHEAT,HS-295,,2550 - 2550 Qt/Ha,No,
7388,WHEAT,DL-784-3,,5000 - 5000 Qt/Ha,No,
7389,PADDY (DHAN),KHANDAGIRI,,3500 - 3500 Qt/Ha,No,
7390,WHEAT,ARADHANA (HPW-42),,2420 - 2420 Qt/Ha,No,
7391,WHEAT,SONALI (HP-1633),,3500 - 3500 Qt/Ha,No,
7392,WHEAT,Amrita (HI 1500),,1600 - 1600 Qt/Ha,No,
7393,SORGHUM,N-14 (YELLOW SORGHUM),,3100 - 3500 Qt/Ha,No,
7394,WHEAT,PDW-274 (Durum),,5220 - 5220 Qt/Ha,No,
7395,PADDY (DHAN),JALADHI-2 (BAKU),,,No,
7396,PADDY (DHAN),TPS-3,,3000 - 5649 Qt/Ha,No,
7397,PADDY (DHAN),"SHYAMALA (IET-12561, R 259-WR-37-2)",,2825 - 2825 Qt/Ha,No,
7398,PADDY (DHAN),GR-6,,4500 - 5500 Qt/Ha,No,
7399,SWEET POTATO,CROSS-4(WHITE),,,No,
7400,LINSEED,SHEKHAR (LCK 9313),,866 - 1463 Qt/Ha,No,
7401,SORGHUM,Co5,,,No,
7402,WHEAT,DBW-14,,4300 - 4400 Qt/Ha,No,
7403,SORGHUM,K-4(KOVIL PATTI-4),,3100 - 3100 Qt/Ha,No,
7404,WHEAT,DDK - 1025,"KARNATAKA, MAHARASHTRA, KERALA",38 - 49.7 Qt/Ha,Yes,Medium
7405,WHEAT,Harshita (HI - 1531),"MADHYA PRADESH, CHHATTISGARH, MAHARASHTRA, GUJARAT",27 - 40 Qt/Ha,Yes,Medium
7406,PADDY (DHAN),NARENDRA SANKAR DHAN-2,,,No,
7407,WHEAT,Poorva (HD 2824),"UTTAR PRADESH, BIHAR, JHARKHAND, WEST BENGAL, ASSAM",45.7 - 70.4 Qt/Ha,Yes,Medium
7408,SORGHUM,CSH 34 (HT-GS-3201) (SPH 1702),,5500 - 6500 Qt/Ha,No,
7409,LINSEED,JEEWAN (DPL-21),,,No,
7410,WHEAT,HI 8627 (Malav Kirti),"MADHYA PRADESH, MAHARASHTRA",20.1 - 38.8 Qt/Ha,Yes,Medium
7411,WHEAT,DDK-1029,"MADHYA PRADESH, KERALA, KARNATAKA, CHHATTISGARH, MAHARASHTRA",40.9 - 59.9 Qt/Ha,Yes,Medium
7412,WHEAT,Raj-4083,"KARNATAKA, KERALA",41.5 - 56.6 Qt/Ha,Yes,Late
7413,PADDY (DHAN),Vallabh Basmati-21 (MAUB-21),,43 - 1 Qt/Ha,No,
7414,NIGER (RAMTIL),Jawahar Safflower-97 (JSF-97),,,No,
7415,WHEAT,AKAW-4627,"KARNATAKA, KERALA",39 - 60.9 Qt/Ha,Yes,Late
7416,WHEAT,HD-2967,"HARYANA, PUNJAB, UTTAR PRADESH, RAJASTHAN, UTTARAKHAND, HIMACHAL PRADESH, DELHI, JAMMU AND KASHMIR, BIHAR, JHARKHAND, WEST BENGAL",50.6 - 65.6 Qt/Ha,Yes,Medium
7417,WHEAT,WH 1080,"HARYANA, PUNJAB, UTTAR PRADESH, UTTARAKHAND, RAJASTHAN, HIMACHAL PRADESH, JAMMU AND KASHMIR, DELHI",30.8 - 44.4 Qt/Ha,Yes,Medium
7418,PADDY (DHAN),LEIMAPHOU,,6000 - 6500 Qt/Ha,No,
7419,WHEAT,UAS-304,"MAHARASHTRA, KARNATAKA",46.8 - 59.9 Qt/Ha,Yes,Medium
7420,WHEAT,K0402 (MAHI),UTTAR PRADESH,43.1 - 67.4 Qt/Ha,Yes,Medium
7421,WHEAT,K1006,,,No,
7422,WHEAT,Narendra Wheat 4018,,2100 - 2100 Qt/Ha,No,
7423,WHEAT,DBW 90,,,No,
7424,PADDY (DHAN),AKUTPHOU,,4500 - 5500 Qt/Ha,No,
7425,FRENCH BEAN (VEGETABLE),ARKA SUVIDHA,,12800 - 18000 Qt/Ha,No,
7426,FINGER MILLET (RAGI),A-404,,3300 - 3300 Qt/Ha,No,
7427,SORGHUM,CSH-27 (SPH-1644),,,No,
7428,GARLIC,Agrifound Parvati (G-313),,,No,
7429,ONION,Arka Bindu,,,No,
7430,PADDY (DHAN),"MARUTERU SANNALU (MTU-1006, IET-14348)",,2000 - 3000 Qt/Ha,No,
7431,SORGHUM,SPV-126 (CSV-9),,,No,
7432,ITALIAN MILLET (FOX TAIL MILLET),Nallamala Korra,,,No,
7433,PADDY (DHAN),SOMASILA (NLR-33358),,6000 - 6000 Qt/Ha,No,
7434,PADDY (DHAN),DEEPTI (MTU-4870),,5500 - 6000 Qt/Ha,No,
7435,PADDY (DHAN),HKR-46,,6587 - 6587 Qt/Ha,No,
7436,BANYARD MILLET,VL MADIRA-172 (VL-172),,2250 - 2500 Qt/Ha,No,
7437,BANYARD MILLET,VL MADIRA-181,,1853 - 1953 Qt/Ha,No,
7438,KODO MILLET,GK-2,,1841 - 1841 Qt/Ha,No,
7439,BUCK WHEAT,VL UGAL-7,,1000 - 1000 Qt/Ha,No,
7440,BUCK WHEAT,Sangla (Sangla B 1),,1213 - 1213 Qt/Ha,No,
7441,SORGHUM,CSH-1 MSCK-60 B,,,No,
7442,COMMON MILLET (PROSO MILLET),BHAWNA,,1200 - 1500 Qt/Ha,No,
7443,SORGHUM,CSH-1 MSCK-60 A,,,No,
7444,MAIZE (MAKKA),HYBRID MAIZE GANGA-5,,,No,
7445,COMMON MILLET (PROSO MILLET),TNAU-145,,1819 - 1819 Qt/Ha,No,
7446,COMMON MILLET (PROSO MILLET),TNAU-164,,,No,
7447,MAIZE (MAKKA),KISAN COMOSITE MAKKA,,,No,
7448,MAIZE (MAKKA),HYBRID MAIZE DECCAN,,,No,
7449,SORGHUM,CSH-1 MSCK-IS 84 R,,,No,
7450,FINGER MILLET (RAGI),Dapoli safed-1,,1500 - 2000 Qt/Ha,No,
7451,FINGER MILLET (RAGI),VL RAGI-146,,2500 - 2500 Qt/Ha,No,
7452,FINGER MILLET (RAGI),KM-65,,1800 - 2100 Qt/Ha,No,
7453,PEA (VEGETABLE),JG-63,,,No,
7454,FINGER MILLET (RAGI),BIRSA MARUA-2 (EC-50-90),,2400 - 2600 Qt/Ha,No,
7455,FINGER MILLET (RAGI),GPU-45,,2700 - 2900 Qt/Ha,No,
7456,FINGER MILLET (RAGI),CHAMPAVATHI (VR-708),,,No,
7457,FINGER MILLET (RAGI),GUJARAT NAGLI-2,,2880 - 2880 Qt/Ha,No,
7458,FINGER MILLET (RAGI),CO-13,,,No,
7459,FINGER MILLET (RAGI),VL MANDUA-124,,2500 - 3000 Qt/Ha,No,
7460,FINGER MILLET (RAGI),VL RAGI-149,,2500 - 3000 Qt/Ha,No,
7461,PEA (VEGETABLE),BONNEVILLE,,,No,
7462,FINGER MILLET (RAGI),VL Mandua 347 (VL 347),,2251 - 2251 Qt/Ha,No,
7463,ITALIAN MILLET (FOX TAIL MILLET),CO-5,,,No,
7464,ITALIAN MILLET (FOX TAIL MILLET),KRISHNA DEVARAYA,,1500 - 1600 Qt/Ha,No,
7465,LINSEED,MUKTA,,,No,
7466,MAIZE (MAKKA),SSF-9374,,6667 - 6667 Qt/Ha,No,
7467,FINGER MILLET (RAGI),VL Mandua-352 (VL 352),"KARNATAKA, RAJASTHAN",24 - 26 Qt/Ha,Yes,Early
7468,KODO MILLET,GPUK-3,,1800 - 1800 Qt/Ha,No,
7469,KODO MILLET,APK-1,,2400 - 2400 Qt/Ha,No,
7470,PADDY (DHAN),PALGUNA (IET 2911),,,No,
7471,MAIZE (MAKKA),RAJENDRA HYBRID MAKKA-1,BIHAR,65 - 70 Qt/Ha,Yes,Late
7472,MAIZE (MAKKA),HYBRID MAIZE GANGA SAFED-2,,,No,
7473,CAULIFLOWER,Pusa Snowball K-25 (Kt-25),,,No,
7474,COTTON,NHH-44 (AC-738)(M),,,No,
7475,MAIZE (MAKKA),DHM-109 (EH-40097),,4205 - 4205 Qt/Ha,No,
7476,MAIZE (MAKKA),HYBRID MAIZE HI-STARCH,,,No,
7477,MAIZE (MAKKA),GUJARAT MAKAI-2,,2830 - 2830 Qt/Ha,No,
7478,MAIZE (MAKKA),MAHI DHAWAL (W-126),,3579 - 3579 Qt/Ha,No,
7479,MAIZE (MAKKA),RAJENDRA HYBRID MAKKA-2,,7000 - 7800 Qt/Ha,No,
7480,MAIZE (MAKKA),DEWAKI COMPOSITE MAKKA,,4500 - 5000 Qt/Ha,No,
7481,MAIZE (MAKKA),Maize Composite Jawahar,,,No,
7482,MAIZE (MAKKA),VIKRAM COMPOSITE MAKKA,,,No,
7483,MAIZE (MAKKA),GANGA-4,,,No,
7484,PADDY (DHAN),MALINJA,,,No,
7485,MAIZE (MAKKA),MCU-508,,,No,
7486,CAULIFLOWER,NUDB-26-11,,,No,
7487,COTTON,BURI-147,,,No,
7488,SOYBEAN,Palam Soya (P-30-1-1),"HIMACHAL PRADESH, UTTARAKHAND",2050 - 2050 Qt/Ha,Yes,Late
7489,MAIZE (MAKKA),DECCAN HYBRID MAKKA-1,,5000 - 7500 Qt/Ha,No,
7490,MAIZE (MAKKA),GANGA-11,,4500 - 5500 Qt/Ha,No,
7491,MAIZE (MAKKA),PUSA COMPOSITE-1,,3000 - 3500 Qt/Ha,No,
7492,MAIZE (MAKKA),PUSA COMPOSITE-2,,3500 - 3500 Qt/Ha,No,
7493,MAIZE (MAKKA),SURYA,,3000 - 3000 Qt/Ha,No,
7494,MAIZE (MAKKA),HARSHA COMPOSITE,,,No,
7495,MAIZE (MAKKA),VL MAKKA-88,,,No,
7496,MAIZE (MAKKA),ARUN,,,No,
7497,MAIZE (MAKKA),VL MAKKA-41,,3000 - 3000 Qt/Ha,No,
7498,PADDY (DHAN),VANI,,,No,
7499,GARLIC,YAMUNA SAFED-2 (G-50),,,No,
7500,MAIZE (MAKKA),PARBHAT,,,No,
7501,MAIZE (MAKKA),Bisco 111 (Bisco 840),,8288 - 8288 Qt/Ha,No,
7502,PADDY (DHAN),NC-1281,,,No,
7503,MAIZE (MAKKA),PRABHA,,5000 - 6000 Qt/Ha,No,
7504,MAIZE (MAKKA),DHM-105 (EH-40184),,6685 - 6685 Qt/Ha,No,
7505,MAIZE (MAKKA),MADHURI (SWEET CORN),,1665 - 1665 Qt/Ha,No,
7506,MAIZE (MAKKA),PARVATI (COMPOSITE),,4000 - 5000 Qt/Ha,No,
7507,MAIZE (MAKKA),TRISHULATA,,6200 - 11500 Qt/Ha,No,
7508,MAIZE (MAKKA),J-1006 (FODDER),,40320 - 40320 Qt/Ha,No,
7509,MAIZE (MAKKA),MAHI KANCHAN,,3546 - 3546 Qt/Ha,No,
7510,WHEAT,HD-4530,,,No,
7511,MAIZE (MAKKA),EH-40127 (DMH-107),,4210 - 7950 Qt/Ha,No,
7512,MAIZE (MAKKA),PANCHGANGA,,4500 - 5500 Qt/Ha,No,
7513,MAIZE (MAKKA),COMPOSITE MEGHA (J-3045),,3000 - 3000 Qt/Ha,No,
7514,MAIZE (MAKKA),C-14,,5000 - 5500 Qt/Ha,No,
7515,MAIZE (MAKKA),SHAKTI-1,,4500 - 4500 Qt/Ha,No,
7516,MAIZE (MAKKA),PUSA EARLY HYBRID MAKKA-2 (EH-203492),,4500 - 4500 Qt/Ha,No,
7517,MAIZE (MAKKA),PRO-311 (4640),,5000 - 6000 Qt/Ha,No,
7518,MAIZE (MAKKA),BIO SEED-9681,,5500 - 5500 Qt/Ha,No,
7519,MAIZE (MAKKA),MMH-133,,4100 - 5000 Qt/Ha,No,
7520,MAIZE (MAKKA),KH-9541,,4625 - 4692 Qt/Ha,No,
7521,MAIZE (MAKKA),HIM 129 (EHF 1121),,4000 - 4500 Qt/Ha,No,
7522,MAIZE (MAKKA),PAC-701 (ICI-701),,5000 - 5000 Qt/Ha,No,
7523,PEARL MILLET,HC-4,,,No,
7524,MAIZE (MAKKA),PAC-705 (ICI-705),,5000 - 5000 Qt/Ha,No,
7525,MAIZE (MAKKA),4210 (PRO-316),,3500 - 4000 Qt/Ha,No,
7526,PADDY (DHAN),PY-6 (IET- 11898),,,No,
7527,MAIZE (MAKKA),GAURAV (D-931),,4000 - 4000 Qt/Ha,No,
7528,MAIZE (MAKKA),VIVEK HYBRID-4 (FH-3049),,4000 - 4500 Qt/Ha,No,
7529,MAIZE (MAKKA),PAC-738 (AH-738),,5000 - 5000 Qt/Ha,No,
7530,MAIZE (MAKKA),VIVEK MAIZE HYBRID-9 (FH-3077),,4500 - 5000 Qt/Ha,No,
7531,PADDY (DHAN),TRY 1,,5255 - 5255 Qt/Ha,No,
7532,MAIZE (MAKKA),JKMH-175,,5127 - 5227 Qt/Ha,No,
7533,MAIZE (MAKKA),KOHINOOR,,5500 - 5700 Qt/Ha,No,
7534,MAIZE (MAKKA),PRIYA SWEETCORN,,2224 - 2587 Qt/Ha,No,
7535,LINSEED,T-397,,7600 - 8000 Qt/Ha,No,
7536,MAIZE (MAKKA),Vivek Maize Hybrid-21 (FH-3211),,4500 - 5000 Qt/Ha,No,
7537,MAIZE (MAKKA),P3501 (X7B401),,6500 - 7500 Qt/Ha,No,
7538,MAIZE (MAKKA),Malviya Hybrid Makka-2(V-33),,5400 - 5400 Qt/Ha,No,
7539,PADDY (DHAN),SONASALI (lET-7575),,3000 - 3500 Qt/Ha,No,
7540,MAIZE (MAKKA),PAU-352(JH-3982),,5700 - 5700 Qt/Ha,No,
7541,MAIZE (MAKKA),PMH-1 (JH-10655),,6700 - 6700 Qt/Ha,No,
7542,MAIZE (MAKKA),PRATAP MAKKA-3 (EC-3108),,4000 - 4100 Qt/Ha,No,
7543,MAIZE (MAKKA),D-994,,3508 - 3508 Qt/Ha,No,
7544,MAIZE (MAKKA),BIO 9636(BIO-92136),,7093 - 7573 Qt/Ha,No,
7545,MAIZE (MAKKA),VL Baby Corn -1 (VL-78),,1200 - 1300 Qt/Ha,No,
7546,MAIZE (MAKKA),DK-984(2784),,,No,
7547,MAIZE (MAKKA),Vivek Maize Hybrid 33 (FH 3352),,5200 - 5800 Qt/Ha,No,
7548,MAIZE (MAKKA),IC-8209 (72A),,6000 - 7000 Qt/Ha,No,
7549,MAIZE (MAKKA),Vivek Maize Hybrid-15 (FH-3176),,7093 - 7573 Qt/Ha,No,
7550,MAIZE (MAKKA),Chandramani (R 2005-2),,5000 - 5000 Qt/Ha,No,
7551,MAIZE (MAKKA),Pant Sankul Makka-3 (D131),,5500 - 5500 Qt/Ha,No,
7552,MAIZE (MAKKA),Bajaura Makka (L 201 Composite),,4700 - 4700 Qt/Ha,No,
7553,MAIZE (MAKKA),Vivek QPM 9 (FQH 4567),,5000 - 5000 Qt/Ha,No,
7554,MAIZE (MAKKA),Bio-22027,,8711 - 8711 Qt/Ha,No,
7555,MAIZE (MAKKA),HM-12 (HKM 313),,5882 - 5890 Qt/Ha,No,
7556,MAIZE (MAKKA),NK 6240 (NECH-131),,,No,
7557,PADDY (DHAN),Shalimar Rice-2,"JAMMU, KASHMIR",45 - 50 Qt/Ha,Yes,Medium
7558,MAIZE (MAKKA),MLSH-296 (MLSH-14),,,No,
7559,MAIZE (MAKKA),Paras LM-5xLM-6A,,,No,
7560,MAIZE (MAKKA),Paras LM-5xLM-6B,,,No,
7561,MAIZE (MAKKA),Paras LM-5xLM-6R,,,No,
7562,PADDY (DHAN),Dhanya,,4300 - 8700 Qt/Ha,No,
7563,MAIZE (MAKKA),KDMH-017.,,,No,
7564,MAIZE (MAKKA),HM-11 (HKH-1237),,6550 - 6550 Qt/Ha,No,
7565,MAIZE (MAKKA),Pratap Kanchan-2 WC-236(Y),,5603 - 5603 Qt/Ha,No,
7566,MAIZE (MAKKA),Bisco 855 (Bisco Bhim),,7395 - 7395 Qt/Ha,No,
7567,MAIZE (MAKKA),DKC7074R (MCH-35),,6723 - 6723 Qt/Ha,No,
7568,MAIZE (MAKKA),Vivek Sankul Makka 37 (VL 114),,4695 - 4695 Qt/Ha,No,
7569,MAIZE (MAKKA),pant Sankar Makka-1,,4883 - 4883 Qt/Ha,No,
7570,MAIZE (MAKKA),PINNACLE (MON 25),,8562 - 8562 Qt/Ha,No,
7571,MAIZE (MAKKA),JKMH-502,,6909 - 6909 Qt/Ha,No,
7572,MAIZE (MAKKA),HQPM-4,,5367 - 5367 Qt/Ha,No,
7573,MAIZE (MAKKA),Vivek Maize hybrid 45 (FH 3483),,,No,
7574,MAIZE (MAKKA),DKC 9081 (MON 29),,9098 - 9098 Qt/Ha,No,
7575,MAIZE (MAKKA),IG 8011 (MCH 37),,8125 - 8125 Qt/Ha,No,
7576,MAIZE (MAKKA),IG 8237 (MCH 38),,8584 - 8584 Qt/Ha,No,
7577,MAIZE (MAKKA),DHM 119 (BH 4062),,8553 - 8553 Qt/Ha,No,
7578,MAIZE (MAKKA),PMH 4 (JH 31153),,8300 - 8300 Qt/Ha,No,
7579,MAIZE (MAKKA),PMH 5 (JH 3110),,5890 - 5890 Qt/Ha,No,
7580,MAIZE (MAKKA),MCH 36(DKC 9099),,9275 - 9275 Qt/Ha,No,
7581,PADDY (DHAN),"RM-1 (IET-14083, MANGALA MANSURI)",,5000 - 5500 Qt/Ha,No,
7582,MAIZE (MAKKA),KMH-218 Plus,,6332 - 6335 Qt/Ha,No,
7583,LINSEED,PUSA-2 (LS-2),,,No,
7584,MAIZE (MAKKA),NMH-803,,5305 - 6173 Qt/Ha,No,
7585,MAIZE (MAKKA),KMH-25K60,,8000 - 8500 Qt/Ha,No,
7586,MAIZE (MAKKA),KMH 3712,,6000 - 8000 Qt/Ha,No,
7587,TURNIP (SALJAM),purple tope white globe,,,No,
7588,MAIZE (MAKKA),P3441 (X8B691),,5500 - 8200 Qt/Ha,No,
7589,MAIZE (MAKKA),P3502 (X8B562),,5000 - 7000 Qt/Ha,No,
7590,MAIZE (MAKKA),BIO-9682,,,No,
7591,MAIZE (MAKKA),"Sun VaamanSun Vaaman,Sun Vaaman",,25 - 30 Qt/Ha,No,
7592,MAIZE (MAKKA),CMH 08-282,,5643 - 5643 Qt/Ha,No,
7593,MAIZE (MAKKA),Bisco 97 Gold (Bisco New 704),,30 - 38 Qt/Ha,No,
7594,MAIZE (MAKKA),Hishell (MCH-42),,,No,
7595,MAIZE (MAKKA),Shalimar Maize Composite- 5 (PS-98),,4600 - 4600 Qt/Ha,No,
7596,MAIZE (MAKKA),S 6217,,5900 - 9237 Qt/Ha,No,
7597,PADDY (DHAN),RH-204 (EXPH 204),,7500 - 8000 Qt/Ha,No,
7598,MAIZE (MAKKA),LG 32-81 (Yuvraj Gold),,7500 - 7500 Qt/Ha,No,
7599,MAIZE (MAKKA),Pratap QPM Hybrid - 1 (EHQ - 16),,5916 - 5916 Qt/Ha,No,
7600,PEARL MILLET,PUSA COMPOSITE-334 (MP-334),,2171 - 2571 Qt/Ha,No,
7601,PADDY (DHAN),LAKSHMI (CNM-6),,,No,
7602,POTATO,KUFRI BAHAR,,25000 - 30000 Qt/Ha,No,
7603,MAIZE (MAKKA),CoH (M) 9 (CMH 08-350),,,No,
7604,MAIZE (MAKKA),CoH (M)8 (CMH 08-292),,,No,
7605,MAIZE (MAKKA),Vivek Maize Hybrid 51 (FH 3554),"HARYANA, GUJARAT, MADHYA PRADESH, PUNJAB, RAJASTHAN",35 - 50 Qt/Ha,Yes,Early
7606,MAIZE (MAKKA),GH 0727 (Shrushti),,,No,
7607,PADDY (DHAN),VANDANA (RR-167-982),,2500 - 3500 Qt/Ha,No,
7608,PADDY (DHAN),VL Dhan-86 (VL 97-3861) (IET-16863),,5000 - 5500 Qt/Ha,No,
7609,PADDY (DHAN),Birsa Vikas Dhan-109,,3000 - 3500 Qt/Ha,No,
7610,LINSEED,JAWAHAR LINSEED-23 (SPS-23-10),,723 - 814 Qt/Ha,No,
7611,POTATO,KUFRI CHAMATKAR,,12000 - 13000 Qt/Ha,No,
7612,LITTLE MILLET,TNAU-63,,1152 - 1152 Qt/Ha,No,
7613,PEARL MILLET,GK-1004 (MH-662),,3500 - 4000 Qt/Ha,No,
7614,MAIZE (MAKKA),Shalimar Maize Composite- 6 (KDM-322),,,No,
7615,MAIZE (MAKKA),Shalimar Maize Composite-7 (KDM-72),,,No,
7616,LITTLE MILLET,PRC-3,,,No,
7617,PADDY (DHAN),PALMAN,,,No,
7618,LITTLE MILLET,KOLAB (OLM-36),,1091 - 1091 Qt/Ha,No,
7619,POTATO,KUFRI LAUVKAR (A-7416),,25000 - 30000 Qt/Ha,No,
7620,TURNIP (SALJAM),TURNIP (KIND),,,No,
7621,TURNIP (SALJAM),L-1,,,No,
7622,PEARL MILLET,RHRBH-8609 (SHRADDHA),,2500 - 3000 Qt/Ha,No,
7623,PEARL MILLET,"AHB-251 (MH-258, DEOGIR)",,2500 - 3000 Qt/Ha,No,
7624,PEARL MILLET,GUJARAT HYBRID BAJRA-15,,2171 - 4511 Qt/Ha,No,
7625,MAIZE (MAKKA),Palam Sankar Makka 1 (EHL 1625 08),,,No,
7626,POTATO,KUFRI SHERPA,,22500 - 25000 Qt/Ha,No,
7627,BEET ROOT (GARDEN BEET/STOCK BEET),CRIMSON GLOBE,,,No,
7628,PEARL MILLET,MLBH-267 (MH-425),,2599 - 2599 Qt/Ha,No,
7629,PEARL MILLET,NANDI-30 (MH-515),,2900 - 2900 Qt/Ha,No,
7630,PADDY (DHAN),TAICHUNG-65,,,No,
7631,PADDY (DHAN),CR Dhan 101 (ANKD (CR 2702) (IET 21627),,,No,
7632,PEARL MILLET,CZ-1C-923 (MP-258),,2000 - 2500 Qt/Ha,No,
7633,PEARL MILLET,"7686 (MH-643, XM-631)",,2179 - 2179 Qt/Ha,No,
7634,PEARL MILLET,NANDI-32 (MH-773),,2500 - 2800 Qt/Ha,No,
7635,PEARL MILLET,PUSA-415 (MP-739),,2273 - 2473 Qt/Ha,No,
7636,PEARL MILLET,PUSA-605 (MH-564),,,No,
7637,PEARL MILLET,NANDI-8 (MH-741),,2500 - 2800 Qt/Ha,No,
7638,PADDY (DHAN),ADT-27,,,No,
7639,PADDY (DHAN),HAMSA,,,No,
7640,PADDY (DHAN),R-575,,,No,
7641,PADDY (DHAN),Amal-Mana (IET-14199/18250),,4000 - 4100 Qt/Ha,No,
7642,PEARL MILLET,7688 (MH 795),,2545 - 2745 Qt/Ha,No,
7643,PEARL MILLET,GICKV-96752 (MP 363),,1200 - 2600 Qt/Ha,No,
7644,PADDY (DHAN),TRIVANI (PTB-38),,,No,
7645,PADDY (DHAN),BASMATI-370,,2200 - 2500 Qt/Ha,No,
7646,MAIZE (MAKKA),KMH-7148,,,No,
7647,PADDY (DHAN),CAUVERI,,,No,
7648,PEARL MILLET,PUSA COMPOSITE-383 (MP-383),,2168 - 2168 Qt/Ha,No,
7649,PADDY (DHAN),SAKET-4,,,No,
7650,PADDY (DHAN),CHINA-988,,,No,
7651,PADDY (DHAN),N-18,,,No,
7652,PADDY (DHAN),T-23,,,No,
7653,PADDY (DHAN),MR-136,,,No,
7654,PADDY (DHAN),TELLAHAMSA,,,No,
7655,PADDY (DHAN),CR-10-112,,,No,
7656,PADDY (DHAN),CR-36-148 (Supriya),,,No,
7657,PADDY (DHAN),GUAR-1,,,No,
7658,PEARL MILLET,RHB-121 (MH-892),,2500 - 2700 Qt/Ha,No,
7659,MAIZE (MAKKA),CANDY (KSCH-333),,,No,
7660,PEARL MILLET,SANGAM (RHR-1),,2000 - 2500 Qt/Ha,No,
7661,PADDY (DHAN),CO-36,,,No,
7662,PEARL MILLET,ICMS-7703,,1800 - 2000 Qt/Ha,No,
7663,PEARL MILLET,MH-180 (ICMH-501),,,No,
7664,PEARL MILLET,ICMH-423,,,No,
7665,PADDY (DHAN),SJR-5 (IET-19972),,,No,
7666,PEARL MILLET,PUSA SAFED,,2088 - 2088 Qt/Ha,No,
7667,PEARL MILLET,HHB-67,,1000 - 2837 Qt/Ha,No,
7668,PADDY (DHAN),CNM-25,,,No,
7669,PADDY (DHAN),CNM-31,,,No,
7670,PADDY (DHAN),CO-37 VAIGAI,,,No,
7671,PADDY (DHAN),CO-38 BAGHAVATI,,,No,
7672,PADDY (DHAN),CO-39 (AMARAVATI),,,No,
7673,PEARL MILLET,VBH-4,,2569 - 2569 Qt/Ha,No,
7674,PADDY (DHAN),GR-3,,,No,
7675,PADDY (DHAN),GR-11,,,No,
7676,PADDY (DHAN),IET-849,,,No,
7677,PEARL MILLET,ICMV-155,,1800 - 2400 Qt/Ha,No,
7678,SWEET POTATO,Sree Kanaka(X-80/168),,1000 - 1500 Qt/Ha,No,
7679,FENUGREEK,ML-150,,1500 - 2000 Qt/Ha,No,
7680,PADDY (DHAN),USHA (R-35-2750),,,No,
7681,PEARL MILLET,MH-322 (PUSA-332),,2361 - 2432 Qt/Ha,No,
7682,PEARL MILLET,ICMH-356,,2000 - 2600 Qt/Ha,No,
7683,PEARL MILLET,ICMV-221,,1800 - 2400 Qt/Ha,No,
7684,PEARL MILLET,CO-8,,30000 - 30000 Qt/Ha,No,
7685,PEARL MILLET,MH-182,,,No,
7686,PEARL MILLET,MP-124 (ICTP-8203),,2000 - 2000 Qt/Ha,No,
7687,PADDY (DHAN),ADT-32,,4583 - 4583 Qt/Ha,No,
7688,PADDY (DHAN),Jagjeevan (IET-19487) (RP-4631-46-6-5-1-1-1),,3633 - 3733 Qt/Ha,No,
7689,PEARL MILLET,GHB-526 (MSH-105),,4002 - 4002 Qt/Ha,No,
7690,PADDY (DHAN),PHOU-OIBI (KD-6-2-1),,,No,
7691,PADDY (DHAN),PUNISHI (KD-6-18-7),,,No,
7692,PADDY (DHAN),KAYAMKULAM-1,,,No,
7693,PADDY (DHAN),KRANTI (R-2022),,,No,
7694,PADDY (DHAN),GARIMA,,,No,
7695,PADDY (DHAN),JAGRITI (R-68-1),,,No,
7696,PADDY (DHAN),PRAGATI (R-2276),,,No,
7697,PADDY (DHAN),PUSHPA (MR-301),,,No,
7698,PADDY (DHAN),VIKRAM (lET 2885),,,No,
7699,PADDY (DHAN),MADHURI (R-36-2486),,,No,
7700,PADDY (DHAN),SAMARIDHI (R-2384),,,No,
7701,PADDY (DHAN),DEEPTI (R-34-2478),,,No,
7702,PEARL MILLET,Proagro 555 (MSH 16) (PB 727),,4178 - 4178 Qt/Ha,No,
7703,PEARL MILLET,HHB-50 MS-81B,,,No,
7704,PEARL MILLET,HB-2,,,No,
7705,PADDY (DHAN),SLR-51214,,4469 - 5000 Qt/Ha,No,
7706,PEARL MILLET,HH-3,,,No,
7707,PEARL MILLET,HB-3,,,No,
7708,PEARL MILLET,GK 1051 (MH 1385),,3000 - 3500 Qt/Ha,No,
7709,PEARL MILLET,Nandi-65(MH-1549),,2800 - 3200 Qt/Ha,No,
7710,PEARL MILLET,Nandi-61(MH-1548),,3000 - 3400 Qt/Ha,No,
7711,PADDY (DHAN),PUSA BASMATI-6 (IET 18005),,3800 - 3900 Qt/Ha,No,
7712,CLUSTER BEAN,Durgajay fodder,,,No,
7713,PEARL MILLET,BK-560,,,No,
7714,PEARL MILLET,MH 1540(86M64),,3148 - 3148 Qt/Ha,No,
7715,PEARL MILLET,MH 1541(86M53),,3148 - 3148 Qt/Ha,No,
7716,PADDY (DHAN),JANKI,,1500 - 2000 Qt/Ha,No,
7717,PADDY (DHAN),PRATAP (OR-131-3-1),,,No,
7718,PADDY (DHAN),UTKAL PRAVA (OR-1030),,3500 - 4000 Qt/Ha,No,
7719,PIGEON PEA (RED GRAM/ARHAR),ICPH 2671,MADHYA PRADESH,15 - 16 Qt/Ha,Yes,Medium
7720,PADDY (DHAN),IGKVR-2 (IET 19795),,5000 - 5100 Qt/Ha,No,
7721,PADDY (DHAN),SUPHALA (OR-45-21-63),,3000 - 4000 Qt/Ha,No,
7722,PADDY (DHAN),PRABHAVATI (PBN-1),,6000 - 6100 Qt/Ha,No,
7723,PADDY (DHAN),PARIJAT (IET-2684),,3000 - 4000 Qt/Ha,No,
7724,PADDY (DHAN),KESHARI-6215 (OR-63-252),,3000 - 4000 Qt/Ha,No,
7725,PADDY (DHAN),JAJATI (IET - 7284),,4000 - 4100 Qt/Ha,No,
7726,PADDY (DHAN),MTU-6024,,6000 - 6100 Qt/Ha,No,
7727,PADDY (DHAN),BG-90-2,,4000 - 4100 Qt/Ha,No,
7728,PADDY (DHAN),CULTURE-1 (CR-237-1),,2500 - 3000 Qt/Ha,No,
7729,PEARL MILLET,Mandor Bajra Composite 2 (MBC 2),"RAJASTHAN, GUJARAT, HARYANA",1265 - 1265 Qt/Ha,Yes,Early
7730,PADDY (DHAN),SATHI-34-36,,1500 - 3000 Qt/Ha,No,
7731,PEARL MILLET,Bio 70 (MH 1632),,1900 - 2100 Qt/Ha,No,
7732,PEARL MILLET,Nandi - 70 (MSH 224) (NMH 73),,5000 - 6000 Qt/Ha,No,
7733,PEARL MILLET,Pratap (MH 1642),,3000 - 4000 Qt/Ha,No,
7734,PEARL MILLET,MP-7872 (MH-1610),,3100 - 3600 Qt/Ha,No,
7735,PEARL MILLET,MP-7792 (MH-1609),,3100 - 3500 Qt/Ha,No,
7736,PEARL MILLET,86M86 (MH 1684),,3200 - 3626 Qt/Ha,No,
7737,PADDY (DHAN),27P11 (IET19766),,6000 - 7000 Qt/Ha,No,
7738,SORGHUM,NANDYALA TELLA JONNA-2,,3600 - 3800 Qt/Ha,No,
7739,PADDY (DHAN),Varshadhan (CRLC-899)(IET-16481),,,No,
7740,LINSEED,GARIMA (LHCK-39),,1228 - 1491 Qt/Ha,No,
7741,PEARL MILLET,86M89 (MH 1747),,3638 - 3638 Qt/Ha,No,
7742,PADDY (DHAN),GUJARAT ANAND RICE-2 (IET-21614),,4800 - 4900 Qt/Ha,No,
7743,POTATO,KUFRI SWARNA,,12000 - 13000 Qt/Ha,No,
7744,PEARL MILLET,KBH 108 (MH 1737),,3551 - 3551 Qt/Ha,No,
7745,NIGER (RAMTIL),KBN-1,KARNATAKA,5.5 - 6.5 Qt/Ha,Yes,Medium
7746,SORGHUM,HARA SONA (855F),,60000 - 65000 Qt/Ha,No,
7747,SORGHUM,PUNJAB SUDEX CHARI-1,,11855 - 11855 Qt/Ha,No,
7748,SORGHUM,GL-38,,2933 - 2933 Qt/Ha,No,
7749,SORGHUM,CSH-15 R (SPH-677),,3194 - 3194 Qt/Ha,No,
7750,SORGHUM,ICSV-745 (SPV-949),,4700 - 6700 Qt/Ha,No,
7751,PADDY (DHAN),GOURI(MO-20),,6000 - 6500 Qt/Ha,No,
7752,SORGHUM,JAWAHAR JOWAR-938,,3000 - 3200 Qt/Ha,No,
7753,SORGHUM,CSH-16 (SPH-723),,4308 - 9679 Qt/Ha,No,
7754,LINSEED,Ruchi(LCK 5021),,,No,
7755,BLACK GRAM,LBG-611,,2022 - 2022 Qt/Ha,No,
7756,LINSEED,SWETA (LHCK-131),,883 - 1286 Qt/Ha,No,
7757,SORGHUM,PANT CHARI-5 (UPFS-32),,1800 - 48217 Qt/Ha,No,
7758,PADDY (DHAN),Barani Deep (NDR 1025-2) (IET-13194),,3000 - 4000 Qt/Ha,No,
7759,LINSEED,GAURAV (LCK-152),,,No,
7760,SORGHUM,SWARNA,,,No,
7761,SORGHUM,JS-263,,,No,
7762,SORGHUM,JS-29/1,,,No,
7763,SORGHUM,148/168,,,No,
7764,SORGHUM,MSH-8,,,No,
7765,SORGHUM,MSH-21,,,No,
7766,SORGHUM,VASANT-1,,,No,
7767,SORGHUM,CSH-2,,,No,
7768,TRITICALE,TL-1210,,1800 - 1900 Qt/Ha,No,
7769,SORGHUM,SWATI (SPV-504) (RSV-9R),,,No,
7770,SORGHUM,SB-905,,3000 - 3500 Qt/Ha,No,
7771,SORGHUM,UP CHARI-2,,,No,
7772,SORGHUM,CSV-11 (SPV-351),,,No,
7773,SORGHUM,CSH-12R,,,No,
7774,SORGHUM,HARYANA CHARI-171 (HC-171),,60000 - 60000 Qt/Ha,No,
7775,SORGHUM,GUJARAT JOWAR-37,,2923 - 2923 Qt/Ha,No,
7776,CASSAVA (TAPIOCA),sree sahya (H-2304),,,No,
7777,CASSAVA (TAPIOCA),Sree Visakham (H-1687),,,No,
7778,POTATO,KUFRI ASHOKA (PJ) 376,,,No,
7779,PADDY (DHAN),Geetanjali (CRM-2007-1) (IET-17276),,4000 - 6000 Qt/Ha,No,
7780,SORGHUM,SAR-1,,,No,
7781,SORGHUM,K-8,,2440 - 7300 Qt/Ha,No,
7782,SORGHUM,DSV-1,,2500 - 3000 Qt/Ha,No,
7783,SORGHUM,GFS-4,,36100 - 40200 Qt/Ha,No,
7784,SORGHUM,SPH-468 (AKSH-14-150),,4200 - 4500 Qt/Ha,No,
7785,SORGHUM,SPV-669 (AKSH-37),,3600 - 3600 Qt/Ha,No,
7786,NIGER (RAMTIL),Phule Karala(IGPN 2004-1),,395 - 613 Qt/Ha,No,
7787,SORGHUM,PRO AGRO CHARI (SSG-988),,45000 - 50000 Qt/Ha,No,
7788,SORGHUM,PANT CHARI-3,,37500 - 40000 Qt/Ha,No,
7789,PADDY (DHAN),Sahyadri-3 (KJTRH-12) (IET-18829),,6500 - 7500 Qt/Ha,No,
7790,PADDY (DHAN),BIRSA DHAN-108,,2500 - 3000 Qt/Ha,No,
7791,NIGER (RAMTIL),UTKAL NIGER-150 (ONS-150),,500 - 600 Qt/Ha,No,
7792,SORGHUM,CSH-23(SPH-1290),,4100 - 4100 Qt/Ha,No,
7793,PADDY (DHAN),PALAM DHAN-957 (IET-13795),,3500 - 4000 Qt/Ha,No,
7794,SORGHUM,JAWAHAR JOWAR-741,,3000 - 3000 Qt/Ha,No,
7795,SORGHUM,GUJARAT FORAGE SORGHUM-1,,64910 - 12990 Qt/Ha,No,
7796,SORGHUM,SPV - 1626,,,No,
7797,PADDY (DHAN),PNR-546 (IET-11347),,3800 - 4300 Qt/Ha,No,
7798,PADDY (DHAN),Sadabahar,,3000 - 3500 Qt/Ha,No,
7799,PADDY (DHAN),Shalimar Rice-1,,6000 - 6100 Qt/Ha,No,
7800,SORGHUM,COH-4,,6500 - 6500 Qt/Ha,No,
7801,PADDY (DHAN),GR-104,,2600 - 3300 Qt/Ha,No,
7802,SORGHUM,RAJASTHAN CHARI-1 (SU-52),,,No,
7803,SORGHUM,CSV-2 (302),,,No,
7804,SORGHUM,CS-3541,,,No,
7805,SORGHUM,SPH-1629 (MLSH 296 Gold/DJ 2002),,,No,
7806,SORGHUM,SPV-2033,,3200 - 3500 Qt/Ha,No,
7807,PADDY (DHAN),PUNJAB BASMATI-2,,3156 - 3256 Qt/Ha,No,
7808,MAIZE (MAKKA),Sakthiman-2,,,No,
7809,SORGHUM,CSH-20-MF(UPMCH-1101),,87219 - 87219 Qt/Ha,No,
7810,PADDY (DHAN),JRH-4,,6000 - 8000 Qt/Ha,No,
7811,SORGHUM,CSH-10 (SPH-196) MS-296A,,,No,
7812,SORGHUM,CSH-10 (SPH-196) MS-296B,,,No,
7813,SORGHUM,CSH-10 (SPH-196) SB-1085R,,,No,
7814,SORGHUM,CSH-11 (SPH-221) MS-296A,,,No,
7815,SORGHUM,CSH-11 (SPH-221) MS-296B,,,No,
7816,PADDY (DHAN),Samleshwari(IET -17455),,3210 - 3210 Qt/Ha,No,
7817,WHEAT,RAJ-3765,,4213 - 4213 Qt/Ha,No,
7818,SORGHUM,SPSSV6 (CSV 24 SS),,14000 - 14000 Qt/Ha,No,
7819,PADDY (DHAN),Indra(MTV - 1061),,4800 - 6500 Qt/Ha,No,
7820,PADDY (DHAN),Indira Sona,,6000 - 6500 Qt/Ha,No,
7821,SORGHUM,CSH 31R (SPH 1666/DJ4005),,1653 - 3050 Qt/Ha,No,
7822,PADDY (DHAN),Sree Kurma,,4375 - 5252 Qt/Ha,No,
7823,PADDY (DHAN),Warangal Sannalu (WGL-32100) (IET 18044),,6500 - 7000 Qt/Ha,No,
7824,PADDY (DHAN),Phule Radha,,3500 - 4000 Qt/Ha,No,
7825,PADDY (DHAN),RMD (R) 1,,4210 - 4210 Qt/Ha,No,
7826,PADDY (DHAN),CORH-3,,6500 - 6500 Qt/Ha,No,
7827,BITTER GOURD,Arka Harit,,12000 - 13000 Qt/Ha,No,
7828,BLACK GRAM,MASH-414,,966 - 966 Qt/Ha,No,
7829,BLACK GRAM,MELGHAT (AKU-4),,800 - 1000 Qt/Ha,No,
7830,BLACK GRAM,NARENDRA URD-1 (NDU-88-8),,1000 - 1000 Qt/Ha,No,
7831,BLACK GRAM,ADT-5,,1500 - 2000 Qt/Ha,No,
7832,BLACK GRAM,BASANT BAHAR (PDU-1),,1200 - 1400 Qt/Ha,No,
7833,PADDY (DHAN),MALAVIYA SUGANDH-105 (HUR-105),,4127 - 4127 Qt/Ha,No,
7834,PADDY (DHAN),MALAVIYA SUGANDH 4-3 (HUR-4-3),,3900 - 4000 Qt/Ha,No,
7835,BLACK GRAM,KRISHNAYYA,,1800 - 2000 Qt/Ha,No,
7836,BLACK GRAM,TPU-4,,872 - 872 Qt/Ha,No,
7837,BLACK GRAM,TAU-2,,1000 - 1000 Qt/Ha,No,
7838,PADDY (DHAN),VTL-8,,4000 - 4200 Qt/Ha,No,
7839,PADDY (DHAN),Swati (IET-12888),,7078 - 7178 Qt/Ha,No,
7840,BITTER GOURD,Kashmiri Long,,,No,
7841,BENGAL GRAM (CHICK PEA),KARNAL CHANA-1 (CSG-8962),,2174 - 2174 Qt/Ha,No,
7842,BLACK GRAM,Vishwas (NUL-7),,1000 - 1000 Qt/Ha,No,
7843,PADDY (DHAN),TRY 3,,5833 - 6033 Qt/Ha,No,
7844,WHEAT,ARJUN,,,No,
7845,BLACK GRAM,TU 40,"ANDHRA PRADESH, KARNATAKA, KERALA, TAMIL NADU, TELANGANA",9 - 10 Qt/Ha,Yes,Medium
7846,WHEAT,WG-377,,,No,
7847,WHEAT,UP-215,,,No,
7848,BENGAL GRAM (CHICK PEA),VARDAN (GNG-663),,2412 - 2412 Qt/Ha,No,
7849,PADDY (DHAN),NUA CHINIKAMINI (IET 18394) CR 2580),,3200 - 3500 Qt/Ha,No,
7850,BENGAL GRAM (CHICK PEA),PUSA-362,,2500 - 3000 Qt/Ha,No,
7851,BENGAL GRAM (CHICK PEA),HIRWA CHAFFA (AKGS-1),,1500 - 1800 Qt/Ha,No,
7852,PADDY (DHAN),NDR 2065 (IET 17476),,5000 - 5500 Qt/Ha,No,
7853,PADDY (DHAN),MOTI GOLD (NP 1024),,4827 - 4927 Qt/Ha,No,
7854,LINSEED,BINWA (KL-210),,1142 - 1142 Qt/Ha,No,
7855,BENGAL GRAM (CHICK PEA),JG-218,,1800 - 2000 Qt/Ha,No,
7856,COWPEA (PULSES),JC-5,,,No,
7857,PADDY (DHAN),MANDAKINI (OR 2077-4)(IET 17847),,2583 - 2683 Qt/Ha,No,
7858,BENGAL GRAM (CHICK PEA),DCP-92-3,,1837 - 1837 Qt/Ha,No,
7859,BENGAL GRAM (CHICK PEA),PUSA-408,,2000 - 2500 Qt/Ha,No,
7860,BENGAL GRAM (CHICK PEA),PUSA-244,,2200 - 2200 Qt/Ha,No,
7861,BITTER GOURD,Savitri (NBGH- 167),,,No,
7862,BENGAL GRAM (CHICK PEA),VISHWAS (PHULE-G-5),,2400 - 2800 Qt/Ha,No,
7863,WHEAT,SONALIKA,,,No,
7864,BENGAL GRAM (CHICK PEA),HARYANA CHANA NO.1,,3500 - 4000 Qt/Ha,No,
7865,BENGAL GRAM (CHICK PEA),RSG-44,,2200 - 2500 Qt/Ha,No,
7866,BENGAL GRAM (CHICK PEA),UDAY (KPG-59),,2000 - 2500 Qt/Ha,No,
7867,WHEAT,HUW-206,,2700 - 3500 Qt/Ha,No,
7868,BENGAL GRAM (CHICK PEA),PUSA-329 (BG-329),,2600 - 3200 Qt/Ha,No,
7869,BENGAL GRAM (CHICK PEA),PUSA-372 (BG-372),,1800 - 2200 Qt/Ha,No,
7870,BENGAL GRAM (CHICK PEA),Jawahar Gram Kabuli-1 (JKG-1) (JKG-92337),,1500 - 1800 Qt/Ha,No,
7871,WHEAT,GIRIJA,,,No,
7872,BENGAL GRAM (CHICK PEA),PUSA KABULI-1003 (BG-1003),,2000 - 2500 Qt/Ha,No,
7873,WHEAT,PBW-138,,1900 - 1900 Qt/Ha,No,
7874,BENGAL GRAM (CHICK PEA),Raj vijay gram 202 (RVG 202),"MADHYA PRADESH, GUJARAT, CHHATTISGARH, MAHARASHTRA, RAJASTHAN, UTTAR PRADESH",20 - 20 Qt/Ha,Yes,Early
7875,BENGAL GRAM (CHICK PEA),GNG 1958 (Marudhar),"PUNJAB, HARYANA, DELHI, RAJASTHAN, UTTARAKHAND, JAMMU",27 - 27 Qt/Ha,Yes,Late
7876,BENGAL GRAM (CHICK PEA),L-555 (GLK-26155),"PUNJAB, HARYANA, DELHI, RAJASTHAN, UTTARAKHAND, JAMMU",23 - 23 Qt/Ha,Yes,Late
7877,BITTER GOURD,Pusa Aushadhi (09/Bigvar-4) (Sel.1),,,No,
7878,WHEAT,MACS-9,,,No,
7879,COWPEA (PULSES),BUNDEL LOBIA-2,,3070 - 3070 Qt/Ha,No,
7880,COWPEA (PULSES),UPC-8705,,35000 - 40000 Qt/Ha,No,
7881,COWPEA (PULSES),GFC-3,,,No,
7882,COWPEA (PULSES),GFC-4,,,No,
7883,COWPEA (PULSES),UP-5286,,,No,
7884,PADDY (DHAN),SWARANA-SUB 1 (CR 2539-1) IET-20266,,5000 - 6000 Qt/Ha,No,
7885,BENGAL GRAM (CHICK PEA),Bidisha (BG 1084) (WBG 29),GUJARAT,20 - 25 Qt/Ha,Yes,Medium
7886,BENGAL GRAM (CHICK PEA),Vallabh Kabuli Channa- 1 (WCGK- 2000-16),"PUNJAB, HARYANA, RAJASTHAN, UTTAR PRADESH, DELHI, JAMMU",19.9 - 19.99 Qt/Ha,Yes,Medium
7887,COWPEA (PULSES),PUSA KOMAL (VEG),,,No,
7888,COWPEA (PULSES),CHARODI,,1020 - 6610 Qt/Ha,No,
7889,COWPEA (PULSES),SHWETA (NO. 988),,25000 - 35000 Qt/Ha,No,
7890,COWPEA (PULSES),COWPEA-88,,27340 - 27340 Qt/Ha,No,
7891,COWPEA (PULSES),BUNDEL LOBIA-1 (UFC-8401),,3780 - 3780 Qt/Ha,No,
7892,POTATO,Kufri Surya (HT/92-621),,3500 - 4000 Qt/Ha,No,
7893,FABA BEAN,VIKRANT (VH-82-1),,2500 - 3500 Qt/Ha,No,
7894,GREEN GRAM,AKM-8803,,,No,
7895,GREEN GRAM,TARM-2,,1000 - 1000 Qt/Ha,No,
7896,GREEN GRAM,WARANGAL-2 (WGG-2),,1400 - 1700 Qt/Ha,No,
7897,GREEN GRAM,GUJARAT MUNG-3,,1250 - 1250 Qt/Ha,No,
7898,HORSE GRAM (KULTHI),DEEPALI (HPK-6),,1000 - 1200 Qt/Ha,No,
7899,GREEN GRAM,SML-134,,,No,
7900,GREEN GRAM,ML-613,,1300 - 2300 Qt/Ha,No,
7901,WHEAT,PRATAP (HD-1981),,,No,
7902,WHEAT,CC-464,,,No,
7903,GREEN GRAM,JM-721,,1200 - 1400 Qt/Ha,No,
7904,GREEN GRAM,PANT MOONG-4,,629 - 629 Qt/Ha,No,
7905,GREEN GRAM,PUSA-105,,,No,
7906,GREEN GRAM,VAMBAN-1,,750 - 750 Qt/Ha,No,
7907,GREEN GRAM,RMG-62,,700 - 1000 Qt/Ha,No,
7908,GREEN GRAM,PUSA BAISAKHI,,,No,
7909,WHEAT,HD-2177,,,No,
7910,CHILLIES,Lam-334,,6000 - 7000 Qt/Ha,No,
7911,WHEAT,NIAW-34,,3500 - 3500 Qt/Ha,No,
7912,GREEN GRAM,OBGG-52,,700 - 900 Qt/Ha,No,
7913,GREEN GRAM,Pusa-0672,"TRIPURA, MANIPUR, HIMACHAL PRADESH, JAMMU AND KASHMIR",9.5 - 10.5 Qt/Ha,Yes,Early
7914,INDIAN BEAN (FIELD BEAN),CO-11,,9400 - 9500 Qt/Ha,No,
7915,INDIAN BEAN (FIELD BEAN),DEEPALI,,15000 - 16000 Qt/Ha,No,
7916,HORSE GRAM (KULTHI),MAN,,680 - 681 Qt/Ha,No,
7917,LENTIL (MASUR),PRIYA (DPL-15),,1456 - 1456 Qt/Ha,No,
7918,LENTIL (MASUR),PUSA VAIBHAV (L-4147),,1740 - 1740 Qt/Ha,No,
7919,LENTIL (MASUR),LL-147,,1268 - 1429 Qt/Ha,No,
7920,CHILLIES,Arka Lohit,,,No,
7921,WHEAT,GANGOTRI 9162 (K 9162),,3500 - 4500 Qt/Ha,No,
7922,WHEAT,HALNA (K 7903),,3500 - 4500 Qt/Ha,No,
7923,WHEAT,KSML-3,,,No,
7924,WHEAT,GW-1139,,4402 - 4500 Qt/Ha,No,
7925,LINSEED,Kota Barani Alsi-3,,,No,
7926,LENTIL (MASUR),SAPANA (LH-84-8),,1777 - 1777 Qt/Ha,No,
7927,WHEAT,UP-262,,,No,
7928,WHEAT,A-28 (ARNEJ-28),,,No,
7929,WHEAT,NI-5643,,,No,
7930,LENTIL (MASUR),PANT LENTIL-4,,1727 - 1727 Qt/Ha,No,
7931,AMARANTHUS,Annapurna(IC-42258-1),,1500 - 2000 Qt/Ha,No,
7932,LENTIL (MASUR),LENS-4076,,1450 - 1450 Qt/Ha,No,
7933,WHEAT,RAJ-1114,,,No,
7934,WHEAT,SHAILJA,,,No,
7935,WHEAT,UP-368,,,No,
7936,WHEAT,VL GEHUN-401,,,No,
7937,WHEAT,VL-404,,,No,
7938,WHEAT,N-59,,,No,
7939,WHEAT,LOK-1,,,No,
7940,CHILLIES,VNR - 332 (Rani),"PUNJAB, UTTAR PRADESH, BIHAR, JHARKHAND, KARNATAKA, KERALA, PUDUCHERRY, TAMIL NADU",180 - 250 Qt/Ha,Yes,Early
7941,MOTH BEAN,MARU BAHAR (RMO-435),,600 - 650 Qt/Ha,No,
7942,PEAS,ALANKAR (DMR-7),,2358 - 2358 Qt/Ha,No,
7943,BHINDI (OKRA),Kashi Vardaan (VRO-25),,,No,
7944,LINSEED,Tiara (JRF-2),,,No,
7945,PEAS,MALVIYA MATAR-15 (HUDP-15),,2500 - 3000 Qt/Ha,No,
7946,PEAS,KPMR-522 (JAY),,2289 - 2289 Qt/Ha,No,
7947,PEAS,PUSA PRABHAT (DDR-23),,,No,
7948,PEAS,PEAS (AS KIND),,,No,
7949,PEAS,DAISY DWARF,,,No,
7950,PEAS,JP-179,,1200 - 1500 Qt/Ha,No,
7951,PEAS,PANT P-5,,2143 - 2143 Qt/Ha,No,
7952,WHEAT,COW (W) 1,TAMIL NADU,23.6 - 36.4 Qt/Ha,Yes,Medium
7953,PIGEON PEA (RED GRAM/ARHAR),PUSA PGETI,,,No,
7954,PIGEON PEA (RED GRAM/ARHAR),KONKAN TUR-1,,900 - 1000 Qt/Ha,No,
7955,PIGEON PEA (RED GRAM/ARHAR),BSMR-175,,1200 - 1400 Qt/Ha,No,
7956,PIGEON PEA (RED GRAM/ARHAR),MADHIRA-66,,2200 - 2500 Qt/Ha,No,
7957,WHEAT,KSHIPRA (HD-2236),,,No,
7958,PIGEON PEA (RED GRAM/ARHAR),PPH-4,,600 - 800 Qt/Ha,No,
7959,PIGEON PEA (RED GRAM/ARHAR),BSMR-736,,1200 - 2200 Qt/Ha,No,
7960,PIGEON PEA (RED GRAM/ARHAR),ICPL-87 (PRAGATI),,,No,
7961,PIGEON PEA (RED GRAM/ARHAR),TTB-7,,800 - 1000 Qt/Ha,No,
7962,PIGEON PEA (RED GRAM/ARHAR),ICPH-8,,2000 - 2500 Qt/Ha,No,
7963,WHEAT,HS-86,,,No,
7964,PIGEON PEA (RED GRAM/ARHAR),JA-4,,1500 - 1800 Qt/Ha,No,
7965,PIGEON PEA (RED GRAM/ARHAR),GUJARAT TUR-100,,1650 - 1650 Qt/Ha,No,
7966,PIGEON PEA (RED GRAM/ARHAR),GUJARAT VEGETABLE TUVER-1,,5000 - 6000 Qt/Ha,No,
7967,PIGEON PEA (RED GRAM/ARHAR),ICPL-87119 (ASHA),,1800 - 2500 Qt/Ha,No,
7968,PIGEON PEA (RED GRAM/ARHAR),VAMBAN-1,,800 - 800 Qt/Ha,No,
7969,PIGEON PEA (RED GRAM/ARHAR),PUSA-9,,2599 - 2599 Qt/Ha,No,
7970,PIGEON PEA (RED GRAM/ARHAR),CO (RG)-7 (CORG-9701),,1100 - 1100 Qt/Ha,No,
7971,RAJMA (PULSES),MALVIYA RAJMASH-15,,1928 - 1928 Qt/Ha,No,
7972,RAJMA (PULSES),ARKA KOMAL (SEL-9),,15000 - 15000 Qt/Ha,No,
7973,RAJMA (PULSES),MALVIYA RAJMASH-137 (HUR-137),,2000 - 2500 Qt/Ha,No,
7974,MOCHAI (LAB-LAB),Co.2,,880 - 1460 Qt/Ha,No,
7975,MOCHAI (LAB-LAB),CO.8,,8000 - 15000 Qt/Ha,No,
7976,CASTOR,AKC-1,,1206 - 1206 Qt/Ha,No,
7977,CASTOR,GUJARAT CASTOR-2,,2164 - 2164 Qt/Ha,No,
7978,CASTOR,GCH-5 (SHB-145),,2644 - 2644 Qt/Ha,No,
7979,CASTOR,DEEPTI (DCH-32),,1823 - 2817 Qt/Ha,No,
7980,CASTOR,SAGAR SHAKTI,,2000 - 2000 Qt/Ha,No,
7981,CASTOR,GCH - 6 ( JHB - 665 ) (JP-65),,,No,
7982,Amarphophallus (Surankand/Elephant foot yam),GAJENDRA,,34800 - 34800 Qt/Ha,No,
7983,WHEAT,WH-1025,HARYANA,27.1 - 37.1 Qt/Ha,Yes,Medium
7984,BENGAL GRAM (CHICK PEA),PUSA-212,,,No,
7985,WHEAT,HB-208,,,No,
7986,WHEAT,HUW-37,,,No,
7987,BANYARD MILLET,RAU-3,,,No,
7988,CASTOR,DSP 222 (DSP 222),,2600 - 3000 Qt/Ha,No,
7989,BHINDI (OKRA),Arka Anamika (IIHR-10),,,No,
7990,BHINDI (OKRA),Arka Abhay (IIHR-4),,,No,
7991,GROUNDNUT,BIRSA BOLD-1,,3130 - 3130 Qt/Ha,No,
7992,GROUNDNUT,TG-22,,2000 - 2200 Qt/Ha,No,
7993,GROUNDNUT,ICGV-86325,,2500 - 3000 Qt/Ha,No,
7994,FINGER MILLET (RAGI),VL MADUA-204,,,No,
7995,GROUNDNUT,GG-3,,1283 - 1283 Qt/Ha,No,
7996,WHEAT,PDKV Washim (WSM 1472),MAHARASHTRA,21.3 - 31.6 Qt/Ha,Yes,Medium
7997,GROUNDNUT,MUKTA (DRG-17),,2094 - 1393 Qt/Ha,No,
7998,WHEAT,SKAML-1 (SONALIKA MULTILINE-1),,4000 - 4500 Qt/Ha,No,
7999,GROUNDNUT,MANIKYA (DRG-12),,2604 - 2604 Qt/Ha,No,
8000,GROUNDNUT,MH-4,,3000 - 3500 Qt/Ha,No,
8001,WHEAT,GW-11,GUJARAT,25.9+ Qt/Ha,Yes,Late
8002,GROUNDNUT,VEMANA (K-134),,1650 - 2850 Qt/Ha,No,
8003,GROUNDNUT,TKG-19-A,,1582 - 2260 Qt/Ha,No,
8004,FENUGREEK,KASURI,PUNJAB,40 - 50 Qt/Ha,Yes,Medium
8005,WHEAT,ROHINI (CPAN-1676),,4200 - 4500 Qt/Ha,No,
8006,SPINACH,OOTY-1,,,No,
8007,LINSEED,JLS-27 SUYOG (SLS-27),,1509 - 1509 Qt/Ha,No,
8008,GROUNDNUT,ICGS-11,,,No,
8009,GROUNDNUT,SG-84,,2062 - 2062 Qt/Ha,No,
8010,WHEAT,WL-2265,,,No,
8011,GROUNDNUT,TG-3,,,No,
8012,GROUNDNUT,M-335,,2300 - 2300 Qt/Ha,No,
8013,GROUNDNUT,ICGS-76,,2500 - 3500 Qt/Ha,No,
8014,GROUNDNUT,ALR-1,,1840 - 1840 Qt/Ha,No,
8015,GROUNDNUT,VRI-2,,1791 - 2060 Qt/Ha,No,
8016,GROUNDNUT,ICGS-37,,3000 - 4000 Qt/Ha,No,
8017,GROUNDNUT,ICGS-1 (ICGV-87119),,2527 - 2527 Qt/Ha,No,
8018,GROUNDNUT,ICGS-86 (ICGV-86590),,1770 - 1770 Qt/Ha,No,
8019,GROUNDNUT,VRI-3 (VG-55),,1251 - 1412 Qt/Ha,No,
8020,GROUNDNUT,SOM NATH (TGS-1),,1392 - 1392 Qt/Ha,No,
8021,GROUNDNUT,RG-141,,1500 - 2000 Qt/Ha,No,
8022,RAJMA (PULSES),BIRSA PRIYA,,9000 - 10000 Qt/Ha,No,
8023,GROUNDNUT,TAG-24,,1311 - 1311 Qt/Ha,No,
8024,GROUNDNUT,GG-20,,1960 - 1438 Qt/Ha,No,
8025,GROUNDNUT,GG-12,,1467 - 1467 Qt/Ha,No,
8026,GROUNDNUT,TIRUPATI-3,,2000 - 2200 Qt/Ha,No,
8027,WHEAT,SWATI (HI-784),,4100 - 4500 Qt/Ha,No,
8028,GROUNDNUT,Girnar-3 (PBS 12160),"WEST BENGAL, ODISHA, MANIPUR",1520 - 1520 Qt/Ha,Yes,Medium
8029,GROUNDNUT,HNG-69,"UTTAR PRADESH, PUNJAB, RAJASTHAN",2800 - 2800 Qt/Ha,Yes,Late
8030,LINSEED,Indira Alsi-32 (RLC-81),,735 - 780 Qt/Ha,No,
8031,FINGER MILLET (RAGI),CO-11,,,No,
8032,FINGER MILLET (RAGI),K-7,,,No,
8033,FINGER MILLET (RAGI),CO-12,,,No,
8034,FINGER MILLET (RAGI),PAIYUR-1,,1800 - 1800 Qt/Ha,No,
8035,FINGER MILLET (RAGI),GUJRAT NAGLI-1,,,No,
8036,SOYBEAN,PK-262,"PUNJAB, DELHI, HARYANA",25 - 30 Qt/Ha,Yes,Medium
8037,SOYBEAN,PK-327,"HIMACHAL PRADESH, UTTARAKHAND, PUNJAB, DELHI, HARYANA",20 - 25 Qt/Ha,Yes,Early
8038,BANYARD MILLET,VL MADIRA-29,,2500 - 2500 Qt/Ha,No,
8039,INDIAN MUSTARD,ARAVALI MUSTARD (RN-393),,1462 - 1462 Qt/Ha,No,
8040,INDIAN MUSTARD,VARDAN (RK-1467),,1016 - 1016 Qt/Ha,No,
8041,INDIAN MUSTARD,GUJARAT MUSTARD-1,,2281 - 2281 Qt/Ha,No,
8042,INDIAN MUSTARD,NARENDRA RAI (NDR-8501),,1333 - 1533 Qt/Ha,No,
8043,TOMATO,Kashi Anupam,,,No,
8044,BUCK WHEAT,Himgiri (Shimla B1),,1100 - 1100 Qt/Ha,No,
8045,FINGER MILLET (RAGI),VL Mandua-315,,2200 - 2500 Qt/Ha,No,
8046,FINGER MILLET (RAGI),Rathna (GPU-48),KARNATAKA,20 - 30 Qt/Ha,Yes,Early
8047,FINGER MILLET (RAGI),Divya (MR-6),KARNATAKA,50 - 55 Qt/Ha,Yes,Late
8048,TOMATO,Narendra Tomato- 5(NDT-96),UTTAR PRADESH,385 - 400 Qt/Ha,Yes,Medium
8049,FINGER MILLET (RAGI),Paiyur(Ra)2,,2527 - 2527 Qt/Ha,No,
8050,TOMATO,Pusa Divya (Kt-4),,,No,
8051,BENGAL GRAM (CHICK PEA),B-115 (MAHAMAYA-2),,2200 - 2400 Qt/Ha,No,
8052,FINGER MILLET (RAGI),DHRS 1,,4000 - 4500 Qt/Ha,No,
8053,FINGER MILLET (RAGI),Sri Chaitanya (VR-847),ANDHRA PRADESH,30 - 35 Qt/Ha,Yes,Medium
8054,FINGER MILLET (RAGI),KMR-301 (GOWRI),KARNATAKA,50 - 55 Qt/Ha,Yes,Medium
8055,FINGER MILLET (RAGI),PRM-2,UTTARAKHAND,25 - 28 Qt/Ha,Yes,Medium
8056,ITALIAN MILLET (FOX TAIL MILLET),Co(Te) 7,,5138 - 5138 Qt/Ha,No,
8057,KODO MILLET,Jawarhar Kodo 439,,2000 - 2200 Qt/Ha,No,
8058,KODO MILLET,Jawahar Kodo-65 (RK 65-18),,2300 - 2300 Qt/Ha,No,
8059,LINSEED,JAWAHAR-552 (R-552),,8500 - 9000 Qt/Ha,No,
8060,COWPEA (VEGETABLE),Arka Suman,,,No,
8061,POTATO,Kufri Himalini (SM/91-1515),,,No,
8062,POTATO,Kufri Himsona,,,No,
8063,COWPEA (VEGETABLE),Pusa Phalguni,,,No,
8064,PEA (VEGETABLE),Vivek Matar-8,,,No,
8065,BENGAL GRAM (CHICK PEA),GAURAV (H-75-35),,,No,
8066,LINSEED,PADMNI (LMH-62),,943 - 1000 Qt/Ha,No,
8067,BARLEY,PL-56,,,No,
8068,BARLEY,NP-109,,,No,
8069,BARLEY,RATNA,,,No,
8070,BARLEY,Nurboo,,3900 - 3900 Qt/Ha,No,
8071,BARLEY,BG-25,,,No,
8072,PADDY (DHAN),"KAUM 57-18-1-1 (K-18, MO 19-KRISHNAJANA, IET-15096)",,5000 - 5500 Qt/Ha,No,
8073,WHEAT,MALVIYA-55 (HUW-55),,3500 - 4000 Qt/Ha,No,
8074,BARLEY,RD-2660,"HARYANA, RAJASTHAN, UTTAR PRADESH, PUNJAB",24 - 34 Qt/Ha,Yes,Medium
8075,BARLEY,Pusa Sheetal (BHS 400),"HIMACHAL PRADESH, JAMMU AND KASHMIR, UTTARAKHAND",35 - 38 Qt/Ha,Yes,Medium
8076,PADDY (DHAN),RP-2421,,,No,
8077,MAIZE (MAKKA),32A09 (X1174 WV),,5472 - 5472 Qt/Ha,No,
8078,SOYBEAN,Pusa-9814,"DELHI, PUNJAB, HARYANA",19 - 22 Qt/Ha,Yes,Medium
8079,PADDY (DHAN),IR-8,,,No,
8080,PEARL MILLET,MAINUPUR,,,No,
8081,PADDY (DHAN),Poorna Bhog (CRM-2203-4),,,No,
8082,BENGAL GRAM (CHICK PEA),RSG-974(ABHILASHA),RAJASTHAN,15 - 15 Qt/Ha,Yes,Medium
8083,PADDY (DHAN),DRRH-1,,1000 - 1500 Qt/Ha,No,
8084,PADDY (DHAN),Luna Sankhi,,,No,
8085,PADDY (DHAN),ASD-16,,5600 - 5700 Qt/Ha,No,
8086,PADDY (DHAN),KARNA (lET-7209),,4200 - 4300 Qt/Ha,No,
8087,PADDY (DHAN),T-90,,,No,
8088,PADDY (DHAN),MANDYA VIJAYA,,5500 - 6500 Qt/Ha,No,
8089,PADDY (DHAN),SALEEM,,6500 - 6600 Qt/Ha,No,
8090,PADDY (DHAN),IET-7191,,4000 - 5000 Qt/Ha,No,
8091,PADDY (DHAN),AMULYA (IET - 8989),,3253 - 3535 Qt/Ha,No,
8092,PADDY (DHAN),MDU-3,,4970 - 5070 Qt/Ha,No,
8093,PADDY (DHAN),DHARITRI (IET-6272),,3500 - 4500 Qt/Ha,No,
8094,PADDY (DHAN),GAYATRI (IET-8022),,4000 - 6000 Qt/Ha,No,
8095,PADDY (DHAN),CNR-2 (IET 20235),,,No,
8096,PADDY (DHAN),ADT-38,,5800 - 5800 Qt/Ha,No,
8097,PADDY (DHAN),BNKR-1 (Dhiren) (IET 20760),,,No,
8098,MAIZE (MAKKA),4642 (PRO-312),,5000 - 6000 Qt/Ha,No,
8099,PADDY (DHAN),CSR-10 (IET-10349/10694),,5400 - 6100 Qt/Ha,No,
8100,PADDY (DHAN),SAMBA MAHSURI (BPT-5204),,5500 - 6500 Qt/Ha,No,
8101,PADDY (DHAN),SHAKTIMAN (IET-7316),,3500 - 4500 Qt/Ha,No,
8102,PADDY (DHAN),PALGHAR-1,,4000 - 4500 Qt/Ha,No,
8103,PADDY (DHAN),PANVEL-2,,3300 - 4100 Qt/Ha,No,
8104,PADDY (DHAN),PMK-1,,3185 - 3585 Qt/Ha,No,
8105,PADDY (DHAN),DIVYA,,6000 - 6500 Qt/Ha,No,
8106,PADDY (DHAN),VIBHAVA (IET-6080),,5500 - 6000 Qt/Ha,No,
8107,PADDY (DHAN),LALITAGIRI (IET-13198),,,No,
8108,PADDY (DHAN),UDAYAGIRI (IET-12316),,,No,
8109,PADDY (DHAN),LUNISREE,,4500 - 5000 Qt/Ha,No,
8110,PADDY (DHAN),INDRABATI (IET-13396),,,No,
8111,PADDY (DHAN),PRACHI (IET-12786),,,No,
8112,PADDY (DHAN),CHELARAI (TTB-15-1),,3000 - 3500 Qt/Ha,No,
8113,PADDY (DHAN),LAKHIMI (IET - 6666),,4000 - 4500 Qt/Ha,No,
8114,PADDY (DHAN),ASD-18 (IET - 11749),,5110 - 5510 Qt/Ha,No,
8115,PADDY (DHAN),25P25 (IET 21401),,6000 - 7000 Qt/Ha,No,
8116,BENGAL GRAM (CHICK PEA),GNG-146,,,No,
8117,PADDY (DHAN),NPH 924-1 (IET 21255),,6200 - 6700 Qt/Ha,No,
8118,PADDY (DHAN),PUSA-44,,5065 - 5065 Qt/Ha,No,
8119,PADDY (DHAN),GHANTESHWARI,,3500 - 3500 Qt/Ha,No,
8120,PADDY (DHAN),Sampada (IET 19424),,5200 - 5500 Qt/Ha,No,
8121,WHEAT,PBW-443,,3980 - 4080 Qt/Ha,No,
8122,PADDY (DHAN),MTU 1075 (IET 18482),,6000 - 6000 Qt/Ha,No,
8123,PADDY (DHAN),Vardhan (IET 18940),,5000 - 5500 Qt/Ha,No,
8124,BENGAL GRAM (CHICK PEA),PUSA-240,,,No,
8125,WHEAT,PBW-343,,4510 - 4590 Qt/Ha,No,
8126,WHEAT,SWAPNIL (JWS-17),,2330 - 2330 Qt/Ha,No,
8127,WHEAT,HP 1761,,4247 - 4247 Qt/Ha,No,
8128,WHEAT,RAJESHWARI (HP-1744),,3640 - 3640 Qt/Ha,No,
8129,WHEAT,GANGA (HD-2643),,3600 - 3600 Qt/Ha,No,
8130,PEARL MILLET,Nutrifeed (PAC - 981),,,No,
8131,PADDY (DHAN),RH-1531 (Frontline Gold) (IET 21404),,,No,
8132,PADDY (DHAN),NDGR201 (IET 20048),,,No,
8133,WHEAT,VL GEHUN-738 (VL-738),,2650 - 4540 Qt/Ha,No,
8134,PADDY (DHAN),PR-116,,,No,
8135,WHEAT,MACS-2846,,4000 - 4000 Qt/Ha,No,
8136,WHEAT,HP-1493,,2000 - 2300 Qt/Ha,No,
8137,PADDY (DHAN),Sugandha-4 (PB-1121),,,No,
8138,WHEAT,GW 273,,4470 - 4470 Qt/Ha,No,
8139,WHEAT,HS 365,,1820 - 2700 Qt/Ha,No,
8140,WHEAT,NARENDRA WHEAT-1012,,3500 - 4400 Qt/Ha,No,
8141,BOTTLE GOURD,Singapuri Long,,,No,
8142,WHEAT,BHAVANI (HW-1085),,5740 - 6800 Qt/Ha,No,
8143,PADDY (DHAN),Udeyagiri (IEEET-12136),,,No,
8144,COTTON,G-27,,,No,
8145,WHEAT,KAUSHAMBI (HW-2045),,,No,
8146,WHEAT,NARBADA-4,,,No,
8147,WHEAT,MUKTA,,,No,
8148,WHEAT,MALAVIYA-12,,,No,
8149,PADDY (DHAN),Improved Samba Mahsuri,,,No,
8150,WHEAT,GUJRAT WHEAT-496,,4503 - 4703 Qt/Ha,No,
8151,WHEAT,GUJRAT WHEAT-503,,4570 - 4770 Qt/Ha,No,
8152,INDIAN BEAN (FIELD BEAN),CO-10 (AVARAI),,,No,
8153,WHEAT,DWR-162,,4200 - 4200 Qt/Ha,No,
8154,FENUGREEK,RMt-305(UM-305),,700 - 900 Qt/Ha,No,
8155,WHEAT,Shivalik (HS-420),,2600 - 7000 Qt/Ha,No,
8156,POTATO,KUFRI PUKHRAJ (JEX/C-166),,30000 - 35000 Qt/Ha,No,
8157,WHEAT,Urja (HD-2864),"MADHYA PRADESH, MAHARASHTRA, CHHATTISGARH",41.7 - 51.5 Qt/Ha,Yes,Medium
8158,WHEAT,UAS 446,,,No,
8159,WHEAT,Pusa Basant (HD 2985),"BIHAR, UTTAR PRADESH, JHARKHAND, WEST BENGAL, ASSAM",37.7 - 51.4 Qt/Ha,Yes,Late
8160,WHEAT,Pusa Bahar (HD 2987),"KARNATAKA, KERALA",31.5 - 38.6 Qt/Ha,Yes,Medium
8161,WHEAT,Pusa Prachi (HI 1563),"PUNJAB, HARYANA, UTTARAKHAND, UTTAR PRADESH, RAJASTHAN, HIMACHAL PRADESH, JAMMU AND KASHMIR",37.6 - 51.7 Qt/Ha,Yes,Late
8162,WHEAT,Netravati (NIAW 1415),"MAHARASHTRA, KARNATAKA, KERALA",19.5 - 36.2 Qt/Ha,Yes,Medium
8163,WHEAT,WH 1142,,,No,
8164,WHEAT,Pusa Anmol (HI 8737),"MADHYA PRADESH, CHHATTISGARH, GUJARAT, RAJASTHAN",65 - 70 Qt/Ha,Yes,Medium
8165,WHEAT,Narendra Wheat 5054,,,No,
8166,WHEAT,WHD 948,UTTAR PRADESH,55 - 58 Qt/Ha,Yes,Medium
8167,WHEAT,MP 3336 (JW 3336),"MADHYA PRADESH, MAHARASHTRA, CHHATTISGARH, GUJARAT",44.7 - 64.4 Qt/Ha,Yes,Late
8168,FRENCH BEAN (VEGETABLE),KASHI PURAM (IVFB-1),,13500 - 15000 Qt/Ha,No,
8169,WHEAT,SHIATAS- W6 (AAI-W6),UTTAR PRADESH,55 - 60 Qt/Ha,Yes,Medium
8170,WHEAT,GDW-1255,GUJARAT,47.6 - 66.1 Qt/Ha,Yes,Medium
8171,PADDY (DHAN),PR 122 (RYT 3129),,,No,
8172,POTATO,KUFRI CHIPSONA-2,,25000 - 30000 Qt/Ha,No,
8173,BANYARD MILLET,CHANDAN,,1200 - 1600 Qt/Ha,No,
8174,COMMON MILLET (PROSO MILLET),CO-2,,1600 - 1600 Qt/Ha,No,
8175,COMMON MILLET (PROSO MILLET),NAGARJUNA,,2000 - 2400 Qt/Ha,No,
8176,COMMON MILLET (PROSO MILLET),GPUP-21,,1574 - 4200 Qt/Ha,No,
8177,MAIZE (MAKKA),SSM-510,,4621 - 5930 Qt/Ha,No,
8178,MAIZE (MAKKA),KH-528,,4948 - 4948 Qt/Ha,No,
8179,LINSEED,HEERA,,,No,
8180,MAIZE (MAKKA),KH-598,,6388 - 6388 Qt/Ha,No,
8181,MAIZE (MAKKA),PEARL POP CORN,,1822 - 3434 Qt/Ha,No,
8182,MAIZE (MAKKA),VIJAY COMPOSITE MAKKA,,,No,
8183,MAIZE (MAKKA),RENUKA,,,No,
8184,MAIZE (MAKKA),KH-5981,,6021 - 6021 Qt/Ha,No,
8185,MAIZE (MAKKA),DHAWAL,,4500 - 4500 Qt/Ha,No,
8186,MAIZE (MAKKA),KIRAN (J-660),,,No,
8187,PADDY (DHAN),KOTHA MALAGOLUKULU-72,,,No,
8188,MAIZE (MAKKA),PAC-776 (AH-776),,5000 - 5000 Qt/Ha,No,
8189,MAIZE (MAKKA),GUJARAT MAKKAI-1,,2871 - 2871 Qt/Ha,No,
8190,PADDY (DHAN),PANKAJ,,,No,
8191,PADDY (DHAN),RADHA-1,,,No,
8192,PADDY (DHAN),VL-8,,,No,
8193,MAIZE (MAKKA),VARUN (SYNTHETIC B-41),,4100 - 4100 Qt/Ha,No,
8194,PADDY (DHAN),CR-44-35,,,No,
8195,PADDY (DHAN),ADT-34,,,No,
8196,MAIZE (MAKKA),AZADUTTAM (COMPOSITE R-2),,3200 - 3500 Qt/Ha,No,
8197,PADDY (DHAN),DHAN NARENDRA-1,,,No,
8198,MAIZE (MAKKA),3058 (Y-1402-K),,6081 - 6081 Qt/Ha,No,
8199,MAIZE (MAKKA),JKMH-2492,,6526 - 6526 Qt/Ha,No,
8200,PADDY (DHAN),MTU-7029,,6300 - 6400 Qt/Ha,No,
8201,GUAR (CLUSTER BEAN),MARU GUAR,,,No,
8202,MAIZE (MAKKA),JH-3459,,5110 - 5500 Qt/Ha,No,
8203,PADDY (DHAN),T-141,,3000 - 3100 Qt/Ha,No,
8204,PADDY (DHAN),MAHAVEERA (lET-7791),,2800 - 2900 Qt/Ha,No,
8205,PADDY (DHAN),JGL 3828 (Manair Sona),,,No,
8206,MAIZE (MAKKA),Super Kohinoor (BISCO-2418),,6500 - 7000 Qt/Ha,No,
8207,LINSEED,HIMALINI,,,No,
8208,MAIZE (MAKKA),Deccon 101 (EH 4207),,,No,
8209,MAIZE (MAKKA),PAC 740,,6760 - 6760 Qt/Ha,No,
8210,PADDY (DHAN),TERNA,,2200 - 2500 Qt/Ha,No,
8211,MAIZE (MAKKA),KMH-3426,,5855 - 6519 Qt/Ha,No,
8212,MAIZE (MAKKA),Bisco x 1 (Bisco 506),,8000 - 10000 Qt/Ha,No,
8213,MAIZE (MAKKA),"NSCH - 12 (Misthi),NSCH - 12 (Misthi)",,18 - 22 Qt/Ha,No,
8214,PADDY (DHAN),PRH-122 (A-Line),,,No,
8215,PADDY (DHAN),PRH-122 (B-Line),,,No,
8216,PADDY (DHAN),PRH-122 (R-Line),,,No,
8217,GROUNDNUT,PB.NO.1,,,No,
8218,PADDY (DHAN),GR-8,,600 - 900 Qt/Ha,No,
8219,POTATO,KUFRI BADSHAH,,12000 - 13000 Qt/Ha,No,
8220,TURNIP (SALJAM),4-RED,,,No,
8221,TURNIP (SALJAM),SNOWBALL,,,No,
8222,PADDY (DHAN),Birsamati,,4000 - 4500 Qt/Ha,No,
8223,LITTLE MILLET,JAWAHAR KUTKI-8,,,No,
8224,TURNIP (SALJAM),PURPLE TOP,,,No,
8225,POTATO,KUFRI LALIMA,,,No,
8226,PADDY (DHAN),NK 5251 (IET 19738),,,No,
8227,PEARL MILLET,PUSA BAJRA-266 (MP-266),,2069 - 2299 Qt/Ha,No,
8228,PEARL MILLET,GUJRAT HYBRID BAJRA-235,,2141 - 4606 Qt/Ha,No,
8229,PADDY (DHAN),Kali Khasa,,3000 - 3000 Qt/Ha,No,
8230,PADDY (DHAN),Kohsaar,,4000 - 4100 Qt/Ha,No,
8231,PEARL MILLET,BK-560 (KM-2),,,No,
8232,PEARL MILLET,JBV-2 (GKKV-93191),,1000 - 2400 Qt/Ha,No,
8233,PEARL MILLET,NANDI-35 (MH-889),,2800 - 3400 Qt/Ha,No,
8234,PEARL MILLET,GHB-30,,,No,
8235,PEARL MILLET,HHB-60,,2719 - 2719 Qt/Ha,No,
8236,PEARL MILLET,EKNATH-301 (MH-333/NBH-9),,3500 - 4000 Qt/Ha,No,
8237,PEARL MILLET,MLBH-104 (MH-351),,2800 - 3500 Qt/Ha,No,
8238,PEARL MILLET,HHB-68 (MH-306),,2224 - 2224 Qt/Ha,No,
8239,PEARL MILLET,MP-406 (CZP 9802),,1000 - 1300 Qt/Ha,No,
8240,PEARL MILLET,Nandi-52 (MH-1078) (NMH-45),,2800 - 3200 Qt/Ha,No,
8241,PEARL MILLET,HHB-50 MS-81A,,,No,
8242,PEARL MILLET,HHB-50 H-90/4-5,,,No,
8243,PADDY (DHAN),Sungandhamati (IET-16775),,,No,
8244,PEARL MILLET,JKBH-676 (MH-1299),,3000 - 3000 Qt/Ha,No,
8245,PADDY (DHAN),GR -201 (Rashmi),,,No,
8246,PADDY (DHAN),BPT-3291 (Sonamasuri),,,No,
8247,PADDY (DHAN),WARANGAL SAMBA (WGL-14)(IET-18043),,,No,
8248,PEARL MILLET,NANDI-64 (MSH-199) (NMH-69),,4592 - 4592 Qt/Ha,No,
8249,PADDY (DHAN),SAHBHAGI DHAN (IET 19576) (IR74371-70-1-1-CRR-1),,,No,
8250,PEARL MILLET,86M64(MSH 203),,5043 - 5043 Qt/Ha,No,
8251,PEARL MILLET,Bio 448 (MH 1671),,2800 - 3200 Qt/Ha,No,
8252,PEARL MILLET,"Shine (VBBH 3040), (MH 1578)",,3275 - 3275 Qt/Ha,No,
8253,PEARL MILLET,Nandi-72 (MSH 238) (NMH 75),,18 - 22 Qt/Ha,No,
8254,PEARL MILLET,GHB- 905 (MH 1655),"GUJARAT, HARYANA, DELHI, MADHYA PRADESH, PUNJAB, RAJASTHAN, UTTAR PRADESH",27.36 - 27.36 Qt/Ha,Yes,Medium
8255,PEARL MILLET,HHB 234 (MH 1561),"GUJARAT, HARYANA, RAJASTHAN",17.56 - 17.56 Qt/Ha,Yes,Early
8256,PEARL MILLET,RHB-154 (MH-1340),"RAJASTHAN, HARYANA, GUJARAT",25.52 - 25.52 Qt/Ha,Yes,Early
8257,PADDY (DHAN),Sidhanta (ORS-102-4)IET-15296),,,No,
8258,SORGHUM,Vasudha (TSV Kranti),MAHARASHTRA,25 - 28 Qt/Ha,Yes,Late
8259,LINSEED,SHUBHRA (LHCK-21),,1157 - 1358 Qt/Ha,No,
8260,PADDY (DHAN),KN3,,,No,
8261,SORGHUM,DSH 4R,,3000 - 3500 Qt/Ha,No,
8262,SORGHUM,JKSH-22 (JKSH-161),,3771 - 4210 Qt/Ha,No,
8263,SORGHUM,"CSV-216 (PHULE YASHODA, SPV-1359)",,2000 - 2500 Qt/Ha,No,
8264,SORGHUM,CSH-19R (SPH 1010R),,,No,
8265,SORGHUM,HYBRID JOWAR CSH-2,,,No,
8266,SORGHUM,CSH-3,,,No,
8267,SORGHUM,302,,,No,
8268,SORGHUM,SL-44,,,No,
8269,SORGHUM,CSH-8R,,,No,
8270,SORGHUM,HARYANA CHARI-260 (HC-260),,,No,
8271,SORGHUM,CSV-13,,,No,
8272,SORGHUM,MFSH-3,,58928 - 58928 Qt/Ha,No,
8273,SORGHUM,SPH-388 (AKSH-73),,4300 - 4500 Qt/Ha,No,
8274,LINSEED,KIRAN (RLC-6),,,No,
8275,SORGHUM,SPV-1595 (CSV-18),,8800 - 9000 Qt/Ha,No,
8276,BENGAL GRAM (CHICK PEA),PRAGATI (K-3256),,1800 - 2000 Qt/Ha,No,
8277,SORGHUM,CSV-17 (SPV-1489),,2500 - 2700 Qt/Ha,No,
8278,SORGHUM,CSH 32 (SPH 1674 / DJ 2004),,,No,
8279,CASSAVA (TAPIOCA),Sree Harsha,,,No,
8280,SORGHUM,Palamuru jonna (SPV-2122),,,No,
8281,SORGHUM,Phule Suchitra (RSV 1098),CHHATTISGARH,9 - 11 Qt/Ha,Yes,Late
8282,PEA (VEGETABLE),Narendra Sabji Matar-2 (NDVP-8),,,No,
8283,POTATO,KUFRI SATLEJ (JI-5857),,,No,
8284,BLACK GRAM,MASH-338,,820 - 820 Qt/Ha,No,
8285,BLACK GRAM,BIRSA URID-1,,1500 - 1800 Qt/Ha,No,
8286,BLACK GRAM,IPU-94-1 (Uttra),,1100 - 1200 Qt/Ha,No,
8287,BLACK GRAM,PANT U-35,,1000 - 1200 Qt/Ha,No,
8288,WHEAT,HW-2044,,,No,
8289,BLACK GRAM,PRABHAVA,,2000 - 2200 Qt/Ha,No,
8290,BLACK GRAM,TEJA (LBG-20),,1400 - 1600 Qt/Ha,No,
8291,PEA (VEGETABLE),Vivek Matar 12 (VP 434),,,No,
8292,PEA (VEGETABLE),Solan Nirog,,,No,
8293,WHEAT,SHARBATI SONARA,,,No,
8294,BENGAL GRAM (CHICK PEA),KWR-108,,2000 - 2100 Qt/Ha,No,
8295,WHEAT,WL-410,,,No,
8296,BENGAL GRAM (CHICK PEA),J.G.11,,,No,
8297,BENGAL GRAM (CHICK PEA),DHARWAD PRAGATEE (BGD-72),,2500 - 3000 Qt/Ha,No,
8298,BENGAL GRAM (CHICK PEA),PUSA-413,,2000 - 2000 Qt/Ha,No,
8299,BENGAL GRAM (CHICK PEA),PUSA-417 (GIRNAR),,2000 - 2000 Qt/Ha,No,
8300,BENGAL GRAM (CHICK PEA),PUSA-256,,1756 - 1756 Qt/Ha,No,
8301,BENGAL GRAM (CHICK PEA),PUSA-267 (BG-267),,2000 - 3000 Qt/Ha,No,
8302,BENGAL GRAM (CHICK PEA),SADA BAHAR,,2500 - 3000 Qt/Ha,No,
8303,COWPEA (PULSES),JC-10,,,No,
8304,WHEAT,PBW-120,,5500 - 5500 Qt/Ha,No,
8305,COWPEA (PULSES),UPC-287,,16500 - 16500 Qt/Ha,No,
8306,COWPEA (PULSES),UPC-4200,,27500 - 30000 Qt/Ha,No,
8307,GREEN GRAM,MADHIRA-295,,1500 - 1500 Qt/Ha,No,
8308,GREEN GRAM,PDM-54,,,No,
8309,GREEN GRAM,CO-5,,900 - 900 Qt/Ha,No,
8310,GREEN GRAM,NARENDRA MOONG-1,,1000 - 1200 Qt/Ha,No,
8311,GREEN GRAM,PHULE M-2,,800 - 1000 Qt/Ha,No,
8312,PADDY (DHAN),Sumit (CR Dhan 404),,,No,
8313,HORSE GRAM (KULTHI),KS-2,,600 - 700 Qt/Ha,No,
8314,INDIAN BEAN (FIELD BEAN),FRENCH YELLOW,,,No,
8315,HORSE GRAM (KULTHI),CRIDALATHA (CRHG-4),"ANDHRA PRADESH, TELANGANA, TAMIL NADU, KARNATAKA, KERALA",7.5 - 8 Qt/Ha,Yes,Late
8316,WHEAT,DWR-17,,,No,
8317,INDIAN BEAN (FIELD BEAN),DASARA,,13000 - 15000 Qt/Ha,No,
8318,LENTIL (MASUR),JL-1,,1000 - 1400 Qt/Ha,No,
8319,WHEAT,DVW -14,,,No,
8320,WHEAT,VL Gehun-829,,,No,
8321,MOTH BEAN,RAJASTHAN MOTH-40,,727 - 727 Qt/Ha,No,
8322,WHEAT,RAJ 4037,"KARNATAKA, KERALA, ANDHRA PRADESH",40.9 - 59.3 Qt/Ha,Yes,Medium
8323,MOTH BEAN,IPCMO-912,,500 - 600 Qt/Ha,No,
8324,MOTH BEAN,CAZRI MOTH-1 (CZM-79),,500 - 500 Qt/Ha,No,
8325,MOTH BEAN,JADIA,,,No,
8326,MOTH BEAN,MARU MOTH-1,,700 - 850 Qt/Ha,No,
8327,PEAS,UTTRA (HFP-8909),,2189 - 2189 Qt/Ha,No,
8328,PEAS,SOLAN NIROG,,,No,
8329,PEAS,PUSA PANNA (DDR-27),,1760 - 1760 Qt/Ha,No,
8330,WHEAT,Vimal,,,No,
8331,PEAS,PG-3,,,No,
8332,PEAS,HANS,,,No,
8333,PEAS,JAWAHAR MATAR-2,,,No,
8334,PEAS,RPG-3 (GRAIN TYPE),,2225 - 2225 Qt/Ha,No,
8335,PEAS,MALVIYA MATAR-2,,2000 - 2200 Qt/Ha,No,
8336,PEAS,APARNA,,2600 - 2600 Qt/Ha,No,
8337,WHEAT,PWB-527,PUNJAB,35.6 - 47.8 Qt/Ha,Yes,Medium
8338,WHEAT,Pusa Baker (HS-490),"HIMACHAL PRADESH, UTTARAKHAND, JAMMU AND KASHMIR",31 - 49.7 Qt/Ha,Yes,Late
8339,AMARANTHUS,GA-1,,2500 - 3000 Qt/Ha,No,
8340,PIGEON PEA (RED GRAM/ARHAR),CO 6,,893 - 893 Qt/Ha,No,
8341,PEAS,KFP(103),,1958 - 1958 Qt/Ha,No,
8342,PEAS,JAWAHAR MATAR-6,,1600 - 1700 Qt/Ha,No,
8343,AMARANTHUS,VL Chua-44,,,No,
8344,PIGEON PEA (RED GRAM/ARHAR),AL-201,,1550 - 1550 Qt/Ha,No,
8345,PIGEON PEA (RED GRAM/ARHAR),PUSA-33,,,No,
8346,PIGEON PEA (RED GRAM/ARHAR),T.VISHAKHA-1,,,No,
8347,VEGETABLE RAI/MUSTARD GREEN,Pusa Saag-1 (MR-704),,,No,
8348,WHEAT,MP 3288 (JW 3288),"MADHYA PRADESH, MAHARASHTRA, GUJARAT, CHHATTISGARH",35.1 - 43.9 Qt/Ha,Yes,Medium
8349,OPIUM POPPY,JAWAHAR  OPIUM-539,,,No,
8350,CASTOR,NPH-1,,,No,
8351,GROUNDNUT,ICGV-87128 (ICGS-44),,,No,
8352,GROUNDNUT,ICG-10 (ICGV-87160),,2500 - 4200 Qt/Ha,No,
8353,GROUNDNUT,PRAGATHI (RS-HY-1),,2800 - 3500 Qt/Ha,No,
8354,PADDY (DHAN),SKL-6,,,No,
8355,COMMON MILLET (PROSO MILLET),CO-4,,1400 - 1400 Qt/Ha,No,
8356,INDIAN MUSTARD,KALYANI,,,No,
8357,INDIAN MUSTARD,KRANTI,,,No,
8358,BUCK WHEAT,USDA-1,,2500 - 2800 Qt/Ha,No,
8359,INDIAN MUSTARD,Swarm Jyoti (RH-9801),,1377 - 1500 Qt/Ha,No,
8360,INDIAN MUSTARD,LC-185,,,No,
8361,COMMON MILLET (PROSO MILLET),K-1,,,No,
8362,INDIAN MUSTARD,ASHIRWAD (RK-01-3),,1534 - 1534 Qt/Ha,No,
8363,FRENCH BEAN (VEGETABLE),Arka Anoop,,,No,
8364,FRENCH BEAN (VEGETABLE),Pant Anupama,,,No,
8365,FINGER MILLET (RAGI),SHAKTI,,,No,
8366,FINGER MILLET (RAGI),PR-202,,,No,
8367,SAFFLOWER,MALVIYA KUSUM-305,,1100 - 1300 Qt/Ha,No,
8368,SAFFLOWER,Girna,,600 - 700 Qt/Ha,No,
8369,SAFFLOWER,PBNS-40 (Non-Spiny),,1500 - 1600 Qt/Ha,No,
8370,SESAME (GINGELLY),YELLAMANCHILI-1,,900 - 1000 Qt/Ha,No,
8371,SESAME (GINGELLY),JT-55 (TKG-55),,,No,
8372,SESAME (GINGELLY),RAJESHWARI,,900 - 1100 Qt/Ha,No,
8373,SESAME (GINGELLY),SVPR-1 (TSS-6),,1115 - 1200 Qt/Ha,No,
8374,SOYBEAN,LEE,,,No,
8375,PEA (VEGETABLE),EARLY GIANT,,,No,
8376,ITALIAN MILLET (FOX TAIL MILLET),K-221-1,,,No,
8377,SESAME (GINGELLY),THILARANI,KERALA,,Yes,Medium
8378,SOYBEAN,VL SOYA-2,"HIMACHAL PRADESH, UTTARAKHAND",25 - 28 Qt/Ha,Yes,Early
8379,SOYBEAN,SL-96,PUNJAB,18 - 20 Qt/Ha,Yes,Medium
8380,SOYBEAN,PK-416,"DELHI, HARYANA, PUNJAB",30 - 35 Qt/Ha,Yes,Late
8381,SOYBEAN,PK-472,"MAHARASHTRA, MADHYA PRADESH, UTTARAKHAND, GUJARAT, RAJASTHAN",30 - 35 Qt/Ha,Yes,Early
8382,SOYBEAN,PUSA-20,"DELHI, HARYANA, PUNJAB",25 - 30 Qt/Ha,Yes,Late
8383,WHEAT,TRIVENI,,,No,
8384,MAIZE (MAKKA),TL 2969,,,No,
8385,MAIZE (MAKKA),KDM-438,,,No,
8386,MAIZE (MAKKA),CoH (M)7 (CMH 08-287),,,No,
8387,MAIZE (MAKKA),DHM 121 (BH 41009),,,No,
8388,SORGHUM,CSV-8R,,,No,
8389,BENGAL GRAM (CHICK PEA),G-124,,,No,
8390,SOYBEAN,MAUS-162,"MADHYA PRADESH, MAHARASHTRA, RAJASTHAN, GUJARAT",20 - 25 Qt/Ha,Yes,Early
8391,FINGER MILLET (RAGI),KMR 204,KARNATAKA,35 - 40 Qt/Ha,Yes,Early
8392,SOYBEAN,ANKUR,"PUNJAB, HARYANA, DELHI, UTTARAKHAND",20 - 25 Qt/Ha,Yes,Medium
8393,SUNFLOWER,MSFH-1,,1300 - 1500 Qt/Ha,No,
8394,MAIZE (MAKKA),BASSI SELECTED,,,No,
8395,MAIZE (MAKKA),C-1,,,No,
8396,MAIZE (MAKKA),DECCAN-101,,,No,
8397,MAIZE (MAKKA),Shaktiman-3,,,No,
8398,MAIZE (MAKKA),HIM-128,,,No,
8399,SUNFLOWER,PAC-1091,,1680 - 1680 Qt/Ha,No,
8400,SUNFLOWER,LS-11,,,No,
8401,SUNFLOWER,BSH-1,,,No,
8402,SUNFLOWER,MODREN,,,No,
8403,SUNFLOWER,SURYA (PKV-SUF-72-37),,,No,
8404,SUNFLOWER,CO-2,,,No,
8405,BENGAL GRAM (CHICK PEA),JG-14,,2000 - 2500 Qt/Ha,No,
8406,COTTON,PKV-HYB-3 (CAHH-468),,1500 - 2500 Qt/Ha,No,
8407,COTTON,SRUTHI,,4710 - 2124 Qt/Ha,No,
8408,COTTON,PRATIMA (CNH 120 MB),,1459 - 1459 Qt/Ha,No,
8409,PUMPKIN,SOORAJ (CM-350),,47000 - 47000 Qt/Ha,No,
8410,MAIZE (MAKKA),PROAGRO-9444(MSH-118),,,No,
8411,COTTON,SUJAY (SCS 793),,,No,
8412,COTTON,G. COT 21,,,No,
8413,COTTON,BC-761,,,No,
8414,COTTON,G.COT-DH-7,,1515 - 1515 Qt/Ha,No,
8415,MAIZE (MAKKA),30B 07(X-1280 M),,,No,
8416,COTTON,G.COT HYBRID-8,,2077 - 2077 Qt/Ha,No,
8417,COTTON,HS-45,,1951 - 1951 Qt/Ha,No,
8418,COTTON,MCU-11,,2168 - 2168 Qt/Ha,No,
8419,COTTON,LAM HYBRID-1,,2198 - 2198 Qt/Ha,No,
8420,COTTON,LH-886,,2600 - 2600 Qt/Ha,No,
8421,MAIZE (MAKKA),Shaktiman-4,,,No,
8422,MAIZE (MAKKA),MP-406(CZP-9802),,,No,
8423,COTTON,ABADHITA-1,,1150 - 2420 Qt/Ha,No,
8424,MAIZE (MAKKA),K-11,,,No,
8425,MAIZE (MAKKA),Birsa Vikas Makka-2,,4500 - 5000 Qt/Ha,No,
8426,COTTON,RST-9,,2400 - 2600 Qt/Ha,No,
8427,COTTON,MDCH-201,,1714 - 1714 Qt/Ha,No,
8428,COTTON,KIRAN (CNH-36),,1201 - 1201 Qt/Ha,No,
8429,COTTON,SVPR-1,,1500 - 1600 Qt/Ha,No,
8430,COTTON,Nagnath (PH-93),,1500 - 1500 Qt/Ha,No,
8431,MAIZE (MAKKA),Vivek Maize Hybrid 33 (FH 3352)(A-Line),,,No,
8432,MAIZE (MAKKA),Vivek Maize Hybrid 33 (FH 3352)(R-Line),,,No,
8433,MAIZE (MAKKA),EH-434042 (DH1),,7500 - 7700 Qt/Ha,No,
8434,TOSSA JUTE,JRC-698 (SHRABANTI WHITE PBC-6),,3000 - 3500 Qt/Ha,No,
8435,TOSSA JUTE,SHYAMALI (JRC-7447),,,No,
8436,TOSSA JUTE,BIDHAN PAT-3 (D-110),,2500 - 2700 Qt/Ha,No,
8437,TOSSA JUTE,"JRO-128 (SURYA, CO-28)",,3238 - 3238 Qt/Ha,No,
8438,TOSSA JUTE,BAISAKHI TOSSA (JRO-632),,,No,
8439,FRENCH BEAN (VEGETABLE),Canadian Red (Pole type),,,No,
8440,LINSEED,Sharda (LMS-4-27),,762 - 780 Qt/Ha,No,
8441,COMMON MILLET (PROSO MILLET),SAGAR,,2000 - 2200 Qt/Ha,No,
8442,HS MESTA,Bimal (JBMG-4),,,No,
8443,BERSEEM (EGYPTIAN CLOVER),Hisar Berseem 2 (HB 2),,,No,
8444,LUCERNE (ALFALFA),TYPE-9,,,No,
8445,OAT,Shalimar Fodder Oats - 1 (SKO-20),,,No,
8446,RICE BEAN (RED BEAN),BIDHAN-1 (BC-15/K-1),,2000 - 2400 Qt/Ha,No,
8447,COWPEA (VEGETABLE),Kashi Nidhi (VRCP-6),,,No,
8448,RICE BEAN (RED BEAN),RBL-1,,15000 - 17500 Qt/Ha,No,
8449,SETARIA GRASS (PIGEON GRASS),NANDI,,,No,
8450,SETARIA GRASS (PIGEON GRASS),PSS-1 (GOLDEN TIMOTHY),,,No,
8451,RICE BEAN (RED BEAN),Him Shakti (VRB - 3),"MAHARASHTRA, CHHATTISGARH, JHARKHAND, KARNATAKA, UTTAR PRADESH",17 - 18 Qt/Ha,Yes,Medium
8452,MARVEL GRASS,GUJARAT MARVEL GRASS (GMG-1),,,No,
8453,SUDAN GRASS,MEETHI SUDAN 59-3,,,No,
8454,INDIAN BEAN (DOLICHOS BEAN),Kashi Harithima (IIVRSEM-8),,,No,
8455,LITTLE MILLET,GUJARAT VARI-1,,1500 - 1500 Qt/Ha,No,
8456,SUGARCANE (NOBLE CANE),CO.Pant -90223,,80000 - 85000 Qt/Ha,No,
8457,SUGARCANE (NOBLE CANE),Kalyani (CO 87025),,98200 - 98200 Qt/Ha,No,
8458,SUGARCANE (NOBLE CANE),Nayana (CO 86032),,,No,
8459,PEARL MILLET,"PAC-903 (ICI-903, MH-552)",,2500 - 2800 Qt/Ha,No,
8460,SUGARCANE (NOBLE CANE),GANDAK (CO 89029),,,No,
8461,PEARL MILLET,HS-1 (SYNTHETIC),,,No,
8462,PEARL MILLET,X-4,,,No,
8463,SUGARCANE (NOBLE CANE),RAJBHOG (COSE 92423),,,No,
8464,SUGARCANE (NOBLE CANE),Kanakamahalakshmi,,75780 - 75780 Qt/Ha,No,
8465,SUGARCANE (NOBLE CANE),Pratap Ganna-1 (CoPk-05191),,,No,
8466,SUGARCANE (NOBLE CANE),CoG (SC) 5,,,No,
8467,PEARL MILLET,T-55,,,No,
8468,PEARL MILLET,A-1/3,,,No,
8469,SUGARCANE (NOBLE CANE),Co Pant 97222,,80000 - 90000 Qt/Ha,No,
8470,PEARL MILLET,VIJAYA,,,No,
8471,PEARL MILLET,X-5 (UCH-9),,2000 - 2500 Qt/Ha,No,
8472,RADISH,CHINESE PINK,,,No,
8473,RADISH,NADAUNI,,,No,
8474,RADISH,PUNJAB SAFAID,,,No,
8475,SUGARCANE (NOBLE CANE),Co 0237,,70000 - 80000 Qt/Ha,No,
8476,RADISH,PUNJAB AGETI,,32000 - 37000 Qt/Ha,No,
8477,SESAME (GINGELLY),N-8,,,No,
8478,SUGARCANE (NOBLE CANE),Sankeshwar 049 (Co Snk 05103),,,No,
8479,PADDY (DHAN),PR-124 (IET 22767),"HARYANA, UTTAR PRADESH, ODISHA",74 - 76 Qt/Ha,Yes,Early
8480,SUGARCANE (NOBLE CANE),Sankeshwar 814 (Co Snk 05104),,,No,
8481,INDIAN SQUASH (TINDA),ARKA TINDA,,9000 - 15000 Qt/Ha,No,
8482,COCONUT,Kalpa Samrudhi (IND 376),,,No,
8483,CAPSICUM,NISHAT-1(CAPSICUM SELECTION-2),,18424 - 18424 Qt/Ha,No,
8484,BRINJAL,PUNJAB CHAMKILA,,,No,
8485,BRINJAL,PUNJAB-14,,,No,
8486,BRINJAL,ARKA SHEEL,,35000 - 45000 Qt/Ha,No,
8487,BRINJAL,ARKA NAVNEET,,50000 - 60000 Qt/Ha,No,
8488,CHILLIES,Utkal Ava (BC-14-2),,,No,
8489,BARLEY,PL-172,,1750 - 1750 Qt/Ha,No,
8490,CHILLIES,PUNJAB GUCHHEDAR,,,No,
8491,BHINDI (OKRA),Kashi VIvhuti (VRO-5),,1500 - 1900 Qt/Ha,No,
8492,TOMATO,ARKA VIKAS (Sel. 22),,35000 - 40000 Qt/Ha,No,
8493,TOMATO,BEST OF ALL,,,No,
8494,TOMATO,RAJASHREE HYB.2,,,No,
8495,SORGHUM,AKSV-13R PKV Kranti),MAHARASHTRA,24 - 25 Qt/Ha,Yes,Medium
8496,TOMATO,ATV-1,,38000 - 42000 Qt/Ha,No,
8497,POTATO,Kufri Arun (MS/92-2105),,15000 - 30500 Qt/Ha,No,
8498,POTATO,Kufri Khyati (J.93-86),,25000 - 28000 Qt/Ha,No,
8499,SORGHUM,HARYANA CHARI-308,,1500 - 55000 Qt/Ha,No,
8500,POTATO,Kufri Frysona (MP/98-71),,30000 - 35000 Qt/Ha,No,
8501,PADDY (DHAN),SHAKUNTALA,,3000 - 3500 Qt/Ha,No,
8502,COLOCASIA,SATAMUKHI,,,No,
8503,Lesser Yam (Rafula),DE-11,,,No,
8504,WHITE YAM,SREE PRIYA,,,No,
8505,BARLEY,RD-2503,,4340 - 4340 Qt/Ha,No,
8506,SORGHUM,HYBRID JOWAR CSH-1,,,No,
8507,PADDY (DHAN),NSCH - 12 (Misthi),,,No,
8508,SUNFLOWER,Cargill Advance (SH 41),,,No,
8509,BARLEY,HARITMA (K 560),,3000 - 3500 Qt/Ha,No,
8510,SORGHUM,HYBRID CSH-4,,,No,
8511,SORGHUM,JAWAHAR CHARI-6,,,No,
8512,SORGHUM,PUSA CHARI-6,,,No,
8513,COMMON MILLET (PROSO MILLET),TNAU-151,,1806 - 4103 Qt/Ha,No,
8514,BARLEY,UPB 1008,"HIMACHAL PRADESH, UTTARAKHAND",26.4 - 35 Qt/Ha,Yes,Medium
8515,PADDY (DHAN),SAMANTA,,4500 - 4500 Qt/Ha,No,
8516,PADDY (DHAN),MANIKA,,4500 - 4500 Qt/Ha,No,
8517,PADDY (DHAN),JALNIDHI,,3500 - 4000 Qt/Ha,No,
8518,COTTON,MAHANANDI,,,No,
8519,PADDY (DHAN),RANBIR BASMATI (IET-11348),,2500 - 3000 Qt/Ha,No,
8520,PADDY (DHAN),KPH - 199,,2600 - 2800 Qt/Ha,No,
8521,PADDY (DHAN),NP 124-8,,60 - 65 Qt/Ha,No,
8522,PADDY (DHAN),US 314 (IET 21777),,26 - 30 Qt/Ha,No,
8523,PADDY (DHAN),HUE (CR Dhan 301) (CRK 26-1-2-1),,,No,
8524,PADDY (DHAN),KHARAVELA (IET-13253),,,No,
8525,PADDY (DHAN),V.L. DHAN-81 (IET-13792),,4007 - 4007 Qt/Ha,No,
8526,SOYBEAN,JS 20-34,"MADHYA PRADESH, CHHATTISGARH, MAHARASHTRA",20 - 21 Qt/Ha,Yes,Early
8527,PADDY (DHAN),US 305 (IET 21827 ),,,No,
8528,PADDY (DHAN),CSR 43 (CSR 89-1R8) (IET 18259),,,No,
8529,PADDY (DHAN),PAC 807,,,No,
8530,SORGHUM,ICTP 8203 Fe 10-2,,,No,
8531,SORGHUM,PHULE UTTARA(RSSGV-3),MAHARASHTRA,10 - 12 Qt/Ha,Yes,Late
8532,SORGHUM,CSH-21(MLSH-151)(SPH-1342),,,No,
8533,SORGHUM,GJ-40 (Dual purpose),,,No,
8534,GARLIC,Bhima Omkar (AC 200),"DELHI, GUJARAT, HARYANA, RAJASTHAN",100 - 120 Qt/Ha,Yes,Medium
8535,PADDY (DHAN),Basmati 564 (IET 17269),,,No,
8536,PADDY (DHAN),INH97288 (HRI -178) (IET-22381),"PUNJAB, CHHATTISGARH, UTTAR PRADESH",57 - 60 Qt/Ha,Yes,Medium
8537,PADDY (DHAN),CO 51,TAMIL NADU,61 - 62 Qt/Ha,Yes,Medium
8538,PADDY (DHAN),DRR Dhan 41 (IET 22729) (RP 5311-PR 26703-3B-PJ7),"BIHAR, KARNATAKA",35 - 40 Qt/Ha,Yes,Early
8539,PADDY (DHAN),Indira Aerobic-1 (R1570-2649-1-1546-1) (IET 21686),"CHHATTISGARH, GUJARAT, TAMIL NADU",36 - 45 Qt/Ha,Yes,Medium
8540,PADDY (DHAN),RC Maniphou 12,MANIPUR,40 - 45 Qt/Ha,Yes,Early
8541,SOYBEAN,Raj Vijay Soybean 2001-4 (RVS 2001-4),MADHYA PRADESH,22 - 28 Qt/Ha,Yes,Medium
8542,SUNFLOWER,MSFH-17,,,No,
8543,SUNFLOWER,TNAU-SUF-7,,1114 - 1114 Qt/Ha,No,
8544,SUNFLOWER,GUJARAT SUNFLOWER-1,,870 - 870 Qt/Ha,No,
8545,SUNFLOWER,EC-69874,,,No,
8546,SUNFLOWER,Sunlight (NSFH 1001),,,No,
8547,SUNFLOWER,PSH 996,,,No,
8548,SUNFLOWER,Olisun 3794 (PAC 3794),,1594 - 1594 Qt/Ha,No,
8549,CARROT,Pusa Kesar,,,No,
8550,CUCUMBER,Shalimar Cucumber Hybrid-2,,,No,
8551,TORIA,PT-30,,1500 - 2000 Qt/Ha,No,
8552,TORIA,RAUTS-17,,800 - 1400 Qt/Ha,No,
8553,TORIA,PT-507,,608 - 700 Qt/Ha,No,
8554,TORIA,TH-68,,1737 - 1837 Qt/Ha,No,
8555,GOBHI SARSON,Him Sarson-1,,,No,
8556,COCONUT,KALPARAKSHA (CCS-7),,,No,
8557,GOBHI SARSON,GSL-1,,,No,
8558,BLACK GRAM,NAVIN,,,No,
8559,BLACK GRAM,KHARGAON-3,,,No,
8560,COTTON,HHH-81,,,No,
8561,COTTON,ANKUR-09 (WHH-09),,,No,
8562,BLACK GRAM,JAWAHAR URID-2,,1000 - 1200 Qt/Ha,No,
8563,COTTON,PUSA 8-6,,757 - 2146 Qt/Ha,No,
8564,COTTON,AK-235,,,No,
8565,COTTON,AKH-4,,,No,
8566,BLACK GRAM,Prasad,,,No,
8567,COTTON,Jyoti (CC-1-1-3),,,No,
8568,COTTON,Nimbkar-1,,,No,
8569,COTTON,K-9 (Karunganni),,,No,
8570,CLUSTER BEAN,Gaur Uday (RGC-1055) fodder,,,No,
8571,CLUSTER BEAN,Durgapura Safed,,,No,
8572,PEA (VEGETABLE),Kashi Ageti (VRPE-25),,,No,
8573,COTTON,G.COT-11,,,No,
8574,COTTON,G.COT-12,,,No,
8575,COTTON,G.COT-13,,,No,
8576,BLACK GRAM,Pant Urd-40,UTTARAKHAND,10+ Qt/Ha,Yes,Medium
8577,COTTON,KRISHNA (AC-122),,,No,
8578,COTTON,Jagdish (B-1007),,,No,
8579,BENGAL GRAM (CHICK PEA),WCG-1 (SADBHAVANA),,2000 - 2000 Qt/Ha,No,
8580,TOSSA JUTE,CHAITALI TOSSA (JRO-878),,,No,
8581,COTTON,PA-141 (Namdeo),,1572 - 1572 Qt/Ha,No,
8582,COTTON,NHH-302,,592 - 592 Qt/Ha,No,
8583,COTTON,Shresth (CSHH-198),,3000 - 3000 Qt/Ha,No,
8584,PEA (VEGETABLE),P-8,,,No,
8585,BENGAL GRAM (CHICK PEA),T-87,,,No,
8586,COTTON,FDK 124,,2000 - 2100 Qt/Ha,No,
8587,BENGAL GRAM (CHICK PEA),Haryana Chana-5 (H96-99),HARYANA,20 - 20 Qt/Ha,Yes,Late
8588,FRENCH BEAN (VEGETABLE),PANT BEAN-2,,5000 - 7500 Qt/Ha,No,
8589,HS MESTA,Shanti (JBM-71),,,No,
8590,COTTON,VIRNAR-197-3,,,No,
8591,HS MESTA,Nirmal (MT-150),,25600 - 25600 Qt/Ha,No,
8592,HS MESTA,HC-583,,,No,
8593,CARROT,Ooty-1,,,No,
8594,BENGAL GRAM (CHICK PEA),G-104,,,No,
8595,SUNNHEMP,SUN-053,,9000 - 1100 Qt/Ha,No,
8596,BAJRA NAPIER HYBRID,BNH 10 (BAIF Napier Hybrid 10),"PUNJAB, HARYANA, UTTAR PRADESH, JHARKHAND, ODISHA, GUJARAT, MADHYA PRADESH, MAHARASHTRA, KARNATAKA, ANDHRA PRADESH, KERALA, TAMIL NADU",1431 - 1500 Qt/Ha,Yes,Medium
8597,BAJRA NAPIER HYBRID,NDFB-3(Narendra Chara Bajra-3),,30300 - 48300 Qt/Ha,No,
8598,DINANATH GRASS,PUSA DEENANATH GRASS,,,No,
8599,DINANATH GRASS,BUNDEL-1,,35000 - 36000 Qt/Ha,No,
8600,GOBHI SARSON (FORAGE),Him Sarson-1,,1400 - 1500 Qt/Ha,No,
8601,GUAR (CLUSTER BEAN),BUNDEL GUAR-2,,2500 - 2600 Qt/Ha,No,
8602,GUAR (CLUSTER BEAN),HFG-11,,,No,
8603,OAT,UPO-94,,,No,
8604,GOLDEN THIMOTHY,PBN-83,,,No,
8605,GOLDEN THIMOTHY,PSS-I,,,No,
8606,INDIAN CLOVER,SAFED-76,,,No,
8607,INDIAN CLOVER,FOS-1,,,No,
8608,INDIAN CLOVER,YSL-106,,34600 - 34600 Qt/Ha,No,
8609,NAPIER GRASS (ELEPHANT GRASS),Napier Grass Culture-4,,,No,
8610,ANJAN GRASS,BUNDEL ANJAN-3 (IGFRI-727),"ANDAMAN AND NICOBAR ISLANDS, ANDHRA PRADESH, ARUNACHAL PRADESH, ASSAM, BIHAR, CHANDIGARH, CHHATTISGARH, DADRA AND NAGAR HAVELI, DAMAN AND DIU, DELHI, GOA, GUJARAT, HARYANA, HIMACHAL PRADESH, JAMMU, JAMMU AND KASHMIR, JHARKHAND, KARNATAKA, KASHMIR, KERALA, LADAKH, LAKSHADWEEP, MADHYA PRADESH, MAHARASHTRA, MANIPUR, MEGHALAYA, MIZORAM, NAGALAND, ODISHA, PUDUCHERRY, PUNJAB, RAJASTHAN, SIKKIM, TAMIL NADU, TELANGANA, TRIPURA, UTTARAKHAND, UTTAR PRADESH, WEST BENGAL",286.6 - 287.9 Qt/Ha,Yes,Medium
8611,ANJAN GRASS,Gujarat Anand Anjan Grass - 1 (GAAG-1),,,No,
8612,BENGAL GRAM (CHICK PEA),Jawhar Gram Kabuli-1,,,No,
8613,BENGAL GRAM (CHICK PEA),Gujarat Gram-2,,,No,
8614,RADISH,JAPANESE WHITE,,,No,
8615,BENGAL GRAM (CHICK PEA),CSJD-884 (AKASH),RAJASTHAN,16 - 17 Qt/Ha,Yes,Late
8616,SUGARCANE (NOBLE CANE),Karan-1 (Co.98014),,76000 - 78000 Qt/Ha,No,
8617,SUGARCANE (NOBLE CANE),Shyama (Co94008),,,No,
8618,SUGARCANE (NOBLE CANE),CO-2001-15,,,No,
8619,COTTON,HABRID-4/SHANKAR-4(H-4),,,No,
8620,SUGARCANE (NOBLE CANE),CO-0238,,,No,
8621,SUGARCANE (NOBLE CANE),KARAN-2 (Co-0118),,,No,
8622,BENGAL GRAM (CHICK PEA),Pusa-1108,DELHI,29 - 29 Qt/Ha,Yes,Late
8623,SUGARCANE (NOBLE CANE),Karan 6(Co 0239),,7500 - 8000 Qt/Ha,No,
8624,BOTTLE GOURD,"Anurag,ANURAG",,,No,
8625,SUGARCANE (NOBLE CANE),CoC(SC)24,,,No,
8626,SUGAR BEET,IISR COMP-1,,,No,
8627,BENGAL GRAM (CHICK PEA),PB45,,,No,
8628,GARLIC,Yamuna Safed - 8 (G- 384),,,No,
8629,GARLIC,VL Garlic-1 (VLG-7),,14000 - 15000 Qt/Ha,No,
8630,COTTON,GANGA-1,,,No,
8631,GARLIC,YAMUNA SAFED(G-1),,150 - 175 Qt/Ha,No,
8632,ONION,RO-1 (Rajasthan Onion-1),,34600 - 46900 Qt/Ha,No,
8633,CASHEW,Bhaskara,,,No,
8634,ONION,NHRDF RED 2 (L 355),,,No,
8635,CABBAGE,Golden Acre,,,No,
8636,CABBAGE,Pride of India,,,No,
8637,CABBAGE,Pusa Drum Head,,,No,
8638,CAULIFLOWER,Kashi Kunwari (IVCE-2),,10000 - 30000 Qt/Ha,No,
8639,CAULIFLOWER,Sabour Agrim (SBECF- 01/09),,,No,
8640,CAULIFLOWER,PUSA SNOWBALL K-1,,10000 - 30000 Qt/Ha,No,
8641,CAULIFLOWER,PUSA SHUBRA,,10000 - 30000 Qt/Ha,No,
8642,Chinese cabbage,PUCH-3 (PALAMPUR GREEN),,,No,
8643,BITTER GOURD,KALYANPUR SONA,,18000 - 22000 Qt/Ha,No,
8644,BITTER GOURD,KONKAN  TARA (DPL-BG-2),,,No,
8645,BITTER GOURD,PREETHI,,,No,
8646,BITTER GOURD,Punjab Kareli-1,,,No,
8647,BOTTLE GOURD,Pant Shankar Lauki-1,,,No,
8648,BOTTLE GOURD,Pant Lauki-3 (PBOG-61),,35000 - 40000 Qt/Ha,No,
8649,BOTTLE GOURD,Pusa Summer Prolific Long (PSPL),,,No,
8650,CUCUMBER,SHEETAL,,40000 - 42000 Qt/Ha,No,
8651,CUCUMBER,Solan green,,,No,
8652,CUCUMBER,Punjab Naveen,PUNJAB,177 - 190 Qt/Ha,Yes,Medium
8653,COWPEA (PULSES),CO (CP)-7,"TAMIL NADU, ANDHRA PRADESH, KERALA, KARNATAKA",9.5 - 12.5 Qt/Ha,Yes,Early
8654,PUMPKIN,ARKA CHANDAN (IIHR 105-1-1),,32500 - 32500 Qt/Ha,No,
8655,PUMPKIN,AMBILI,,25000 - 40000 Qt/Ha,No,
8656,MUSK MELON,PUNJAB RASILA (MR-12),,,No,
8657,MUSK MELON,MH-10 (MHI-10),,,No,
8658,MUSK MELON,RM-43,,,No,
8659,MUSK MELON,MHY-3,,,No,
8660,MUSK MELON,Lucknow,,,No,
8661,MUSK MELON,GUJRAT MUSKMELON-1 (SEL.-262),,,No,
8662,MUSK MELON,MHY-5,,15000 - 15000 Qt/Ha,No,
8663,MUSK MELON,ARKA JEET,,14000 - 20000 Qt/Ha,No,
8664,MUSK MELON,ARKA RAJHANS,,25000 - 27000 Qt/Ha,No,
8665,COWPEA (PULSES),RUSSIAN GIANT,,,No,
8666,MUSK MELON,Pusa Sharbati,,,No,
8667,COWPEA (PULSES),EC-4216,,,No,
8668,COWPEA (PULSES),RS-9,,,No,
8669,SPONGE GOURD,Pusa Chikni,,,No,
8670,MUSK MELON,Pusa Rasraj,,25000 - 27000 Qt/Ha,No,
8671,LONG MELON,PUNJAB LONGMELON NO. 1 (H-10),,,No,
8672,RIDGE GOURD,KONKAN HARITA (DPL-RG-1),,,No,
8673,LINSEED,RLC 92(IC 555926),,1187 - 1187 Qt/Ha,No,
8674,BRINJAL,Gujarat Junagarh Brinjal-2 (GJB-2) (JBR-02-11),,,No,
8675,PEAS,Punjab 89,PUNJAB,150 - 160 Qt/Ha,Yes,Medium
8676,RIDGE GOURD,Arka Sumeet (HHR-7),,15000 - 17000 Qt/Ha,No,
8677,RIDGE GOURD,ARKA SUJAT,,,No,
8678,POINTED GOURD (PARWAL),RAJENDRA PARWAL-1,,1720 - 1720 Qt/Ha,No,
8679,POINTED GOURD (PARWAL),RAJENDRA PARWAL-2,,1600 - 1600 Qt/Ha,No,
8680,SPONGE GOURD,PUSA SUPRIYA (SEL. 99),,,No,
8681,COWPEA (PULSES),CO-5,,,No,
8682,COWPEA (PULSES),RC-19,,1000 - 1100 Qt/Ha,No,
8683,SNAKE GOURD,KONKAN SHWETA,,10000 - 20000 Qt/Ha,No,
8684,SNAKE GOURD,CO.2,,35000 - 35000 Qt/Ha,No,
8685,POMEGRANATE,Mridula (61) (3/7),,,No,
8686,SPONGE GOURD,Kashi Divya (VR 1),,26000 - 26000 Qt/Ha,No,
8687,ASH GOURD (PETHA),KASI UJWAL (IVAG-90),,25000 - 30000 Qt/Ha,No,
8688,SPONGE GOURD,Swarna Prabha (CHSG-1),"BIHAR, JHARKHAND, UTTAR PRADESH",200 - 250 Qt/Ha,Yes,Early
8689,BRINJAL,Pusa Cluster,,,No,
8690,ASH GOURD (PETHA),Pusa Ujwal,,40280 - 40280 Qt/Ha,No,
8691,INDIAN SQUASH (TINDA),PUNJAB TINDA (S-48),,,No,
8692,SUMMER SQUASH,EARLY YELLOW PROLIFIC,,,No,
8693,SUMMER SQUASH,PUNJAB CHAPPAN KADDOO-1,,,No,
8694,WATERMELON,CHARLESTON GREY,,,No,
8695,WATERMELON,DURGAPURA KSER,,,No,
8696,WATERMELON,DURGAPURA MEETHA,,,No,
8697,WATERMELON,SHIPPER,,,No,
8698,WATERMELON,WATER MELON (KIND),,,No,
8699,COWPEA (PULSES),UPC-625,,,No,
8700,WATERMELON,ARKA MANIK,,55000 - 60000 Qt/Ha,No,
8701,BANANA,UDHAYAM (NRCB SEL.10),,4000 - 5000 Qt/Ha,No,
8702,GREEN GRAM,PDM-139,,1000 - 1200 Qt/Ha,No,
8703,CAPSICUM,CHINESE GIANT,,,No,
8704,Apple,Shalimar Apple-2,,,No,
8705,CAPSICUM,ARKA BASANT,,15000 - 25000 Qt/Ha,No,
8706,GREEN GRAM,D-66-26,,,No,
8707,SORGHUM,SDM-9,,,No,
8708,COWPEA (PULSES),KM-5,KARNATAKA,9 - 9.5 Qt/Ha,Yes,Late
8709,CAPSICUM,ARKA MOHINI.,,20000 - 25000 Qt/Ha,No,
8710,CAPSICUM,Shalimar Capsicum  Hybrid-1,,,No,
8711,BRINJAL,UTKAL KESHARI (BB-26),,20000 - 40000 Qt/Ha,No,
8712,BRINJAL,NARENDRA HYBRID BRINJAL-1,,,No,
8713,BRINJAL,PUSA UTTAM (DBR-31),,,No,
8714,BRINJAL,PUSA UPKAR (DBR-8),,,No,
8715,BRINJAL,PUSA ANKUR (DBSR-91),,,No,
8716,BRINJAL,AZAD (HYBRID),,,No,
8717,BRINJAL,Utkal Jyoti (BB-13),,40000 - 42000 Qt/Ha,No,
8718,GREEN GRAM,BM-2002-1,,,No,
8719,GREEN GRAM,ML-5,,,No,
8720,BRINJAL,Swarna Pratibha (CHES-309),"BIHAR, JHARKHAND",450 - 500 Qt/Ha,Yes,Early
8721,FABA BEAN,SML-668,,,No,
8722,TOMATO,Bhagya (NTH-301),,,No,
8723,TOMATO,Shalimar Tomato Hybrid-1,,,No,
8724,BRINJAL,Kashi Sandesh (VRBHR-1),,51000 - 59000 Qt/Ha,No,
8725,BRINJAL,PANT SAMRAT (PBR-12-5),,20000 - 40000 Qt/Ha,No,
8726,BRINJAL,Arka Anand (BWBH-3),,60000 - 65000 Qt/Ha,No,
8727,BRINJAL,BLACK BEAUTY,PUNJAB,490 - 500 Qt/Ha,Yes,Late
8728,BRINJAL,Swarna Ajay (HABH-3),"BIHAR, JHARKHAND, PUNJAB, UTTARAKHAND, UTTAR PRADESH",700 - 750 Qt/Ha,Yes,Medium
8729,PADDY (DHAN),BHOI (IET-12443),,,No,
8730,BRINJAL,Hisar Shyamal,,30000 - 40000 Qt/Ha,No,
8731,PADDY (DHAN),GAJAPATI (IET-13251),,,No,
8732,PADDY (DHAN),NP 107-5 (IET 22753),"PUNJAB, HARYANA, UTTARAKHAND",57 - 59 Qt/Ha,Yes,Early
8733,CHILLIES,KONKAN KIRTI,,12000 - 15000 Qt/Ha,No,
8734,COWPEA (VEGETABLE),Arka Samrudhi (IIHR-16),,20000 - 25000 Qt/Ha,No,
8735,CHILLIES,Kashi Surkh (CCH-2),,13000 - 19000 Qt/Ha,No,
8736,CHILLIES,Arka Meghana (MSH-172),,10000 - 15000 Qt/Ha,No,
8737,POTATO,KUFRI JYOTI,,,No,
8738,CHILLIES,Andhra Jyoti (G.S),,,No,
8739,CHILLIES,HOT PORTUGAL,,,No,
8740,CHILLIES,JWALA (PUSA),,,No,
8741,CHILLIES,SANAURI,,,No,
8742,CHILLIES,SWEET BANANA,,,No,
8743,CHILLIES,JAWAHAR MIRCH-218,,8500 - 9700 Qt/Ha,No,
8744,CHILLIES,Kashi Gaurav (VR 338),,9500 - 9900 Qt/Ha,No,
8745,BARLEY,JYOTI,,,No,
8746,CHILLIES,PARBHANI TEJAS,,,No,
8747,Greater Yam,SREE KEERTHI (DA-60),,,No,
8748,BHINDI (OKRA),SHITLA JYOTI (DVR-2),,10896 - 10896 Qt/Ha,No,
8749,BHINDI (OKRA),UTKAL GAURAV,,8000 - 10000 Qt/Ha,No,
8750,BHINDI (OKRA),HISSAR UNNAT,,,No,
8751,PADDY (DHAN),MUKTHI (CTH-1),,4000 - 4500 Qt/Ha,No,
8752,BHINDI (OKRA),Hisar Naveen (HRB 107-4),,10000 - 12000 Qt/Ha,No,
8753,BHINDI (OKRA),Kashi Bhairo (DVR-3),,9000 - 15000 Qt/Ha,No,
8754,GREEN GRAM,PIMS-4 (SABARMATI),,,No,
8755,BHINDI (OKRA),S-13,,,No,
8756,BHINDI (OKRA),PARBHANI KRANTI,,,No,
8757,BHINDI (OKRA),PUNJAB-7,,11500 - 11500 Qt/Ha,No,
8758,BHINDI (OKRA),Gujarat Anand Okra-5 (GAO-5),,,No,
8759,BHINDI (OKRA),Co 3 (Hybrid-8),,,No,
8760,BHINDI (OKRA),P-13,,,No,
8761,GREEN GRAM,SHINING MOONG NO.1,,,No,
8762,GREEN GRAM,MOONG-54,,,No,
8763,GREEN GRAM,MOONG-305,,,No,
8764,PADDY (DHAN),RATNAGIRI-3,,4000 - 4500 Qt/Ha,No,
8765,TOMATO,Utkal Raja (BT 20-2-1),,41500 - 41500 Qt/Ha,No,
8766,INDIAN BEAN (FIELD BEAN),ASPARAGUS BLACK,,,No,
8767,TOMATO,Utkal Pragyan (BT-116-3-2),,40100 - 40100 Qt/Ha,No,
8768,GREEN GRAM,MOHINI,,,No,
8769,BARLEY,BHS-169,,,No,
8770,SWEET POTATO,Konkan Ashwini,,20400 - 37200 Qt/Ha,No,
8771,BARLEY,RD-2052,,4500 - 5000 Qt/Ha,No,
8772,TOMATO,Kashi Vishesh (CH-86),,1035 - 1035 Qt/Ha,No,
8773,TOMATO,HA-101,,,No,
8774,TOMATO,Kashi Shard (IIVR Sel.2),,7600 - 8100 Qt/Ha,No,
8775,GREEN GRAM,PUSA-10,,,No,
8776,TOMATO,Arka Ananya (TLBRH-9),,60000 - 65000 Qt/Ha,No,
8777,PADDY (DHAN),PB-1509,,,No,
8778,PADDY (DHAN),Satyabhama (CR Dhan 100),,,No,
8779,PADDY (DHAN),Improved Lalat (CRMAS 2621-7-1),,,No,
8780,TOMATO,Mani Leima,,25000 - 40000 Qt/Ha,No,
8781,GREEN GRAM,ML-267,,1450 - 1450 Qt/Ha,No,
8782,TOMATO,Pusa Ruby,,25000 - 40000 Qt/Ha,No,
8783,AMARANTHUS,Arka Suguna,,,No,
8784,TOMATO,PANT BAHAR (AC-238),,28000 - 32000 Qt/Ha,No,
8785,TOMATO,PUSA EARLY DWARF,,25000 - 30000 Qt/Ha,No,
8786,TOMATO,MUKTHI (L 79-5),,,No,
8787,TOMATO,UTKAL PALLAVI(BT-1),,37500 - 49100 Qt/Ha,No,
8788,TOMATO,NARENDRA TOMATO-2,,,No,
8789,TOMATO,PUSA HYB.2,,,No,
8790,PADDY (DHAN),PR-113,,,No,
8791,PADDY (DHAN),PR-114,,,No,
8792,TOMATO,UTKAL KUMARI (BT-10),,40000 - 45000 Qt/Ha,No,
8793,PADDY (DHAN),Narendra Sugandha Dhan (NDR 6093) (IET 19768),,,No,
8794,TOMATO,SONALI (SELECTION-2),,30000 - 35000 Qt/Ha,No,
8795,PADDY (DHAN),Ponni (Mahsuri),,,No,
8796,PADDY (DHAN),Jhona-351,,,No,
8797,PADDY (DHAN),Mahsuri,,,No,
8798,GREEN GRAM,R.S-4,,,No,
8799,POTATO,Kufri Girdhari(SM/93-237),,27500 - 30000 Qt/Ha,No,
8800,LUCERNE (ALFALFA),CO-1,,,No,
8801,COLOCASIA,Muktakeshi,,20000 - 21000 Qt/Ha,No,
8802,Greater Yam,ORISSA ELITE,,,No,
8803,COLOCASIA,SREE KARTHIKA (Da-199),,,No,
8804,Greater Yam,Sree Karthika (Da-199),,,No,
8805,PADDY (DHAN),TAICHUNG NATIVE-1,,,No,
8806,PADDY (DHAN),CO-29,,,No,
8807,COWPEA (VEGETABLE),Kashi Shyamal (IVREP-1),,7900 - 79200 Qt/Ha,No,
8808,PADDY (DHAN),PADMA,,,No,
8809,PEA (VEGETABLE),Kashi Nandini (VR-5),,7000 - 9000 Qt/Ha,No,
8810,PADDY (DHAN),KRISHNA,,,No,
8811,PADDY (DHAN),BALA,,,No,
8812,PADDY (DHAN),SONA,,,No,
8813,PEAS,Pant Pea-13,,,No,
8814,GREEN GRAM,Meha (IPM-99-125),"UTTAR PRADESH, BIHAR, ASSAM, WEST BENGAL, JHARKHAND",9 - 10 Qt/Ha,Yes,Early
8815,GREEN GRAM,Sel-4 (Hasirumutta),,,No,
8816,CORIANDER,HISAR SUGANDH (DH-36),,1400 - 1500 Qt/Ha,No,
8817,CORIANDER,APHU-Dhania-1 (LCC-170),,10000 - 12500 Qt/Ha,No,
8818,INDIAN BEAN (DOLICHOS BEAN),Phule Suruchi (GK-1-3),MAHARASHTRA,80 - 90 Qt/Ha,Yes,Medium
8819,PADDY (DHAN),DHANU,,7188 - 7188 Qt/Ha,No,
8820,CORIANDER,RCR-728 (UD-728),,1370 - 1500 Qt/Ha,No,
8821,CORIANDER,Pratap Raj Dhania-1 (RKD- 18),,,No,
8822,CUMIN,RZ-223 (UC-223),,200 - 300 Qt/Ha,No,
8823,BARLEY,RD-2035,,4000 - 4500 Qt/Ha,No,
8824,TURNIP (SALJAM),GOLDEN BALL,,,No,
8825,GREEN GRAM,Pairy Mung,CHHATTISGARH,11 - 13 Qt/Ha,Yes,Early
8826,BARLEY,HBL-113,,2642 - 2642 Qt/Ha,No,
8827,PIGEON PEA (RED GRAM/ARHAR),C-11,,,No,
8828,BARLEY,HBL-316,,2600 - 2800 Qt/Ha,No,
8829,PADDY (DHAN),PVK-SKL-3-11-25-30-36,,,No,
8830,BARLEY,RD-2508,,2610 - 2850 Qt/Ha,No,
8831,BARLEY,MALTY (DL 88),,3580 - 3580 Qt/Ha,No,
8832,GREEN GRAM,BGS-9 (Somanath),KARNATAKA,12 - 13 Qt/Ha,Yes,Early
8833,BARLEY,BH 946,,,No,
8834,GREEN GRAM,MH 421,"RAJASTHAN, DELHI, PUNJAB, HARYANA, UTTARAKHAND, UTTAR PRADESH",10 - 12 Qt/Ha,Yes,Early
8835,BARLEY,NARMADA (K 603),,3000 - 3500 Qt/Ha,No,
8836,PADDY (DHAN),ANNAPURNA,,,No,
8837,BARLEY,HIMADRI (BHS-352),,2100 - 900 Qt/Ha,No,
8838,PIGEON PEA (RED GRAM/ARHAR),VBN(Rg)3,,,No,
8839,BARLEY,RD-2624,"HARYANA, PUNJAB, RAJASTHAN",24 - 38 Qt/Ha,Yes,Medium
8840,WHEAT,AKAW 3722,MAHARASHTRA,42 - 42 Qt/Ha,Yes,Medium
8841,BARLEY,Mahamana 113 (HUB 113),,,No,
8842,BARLEY,BH 959,,,No,
8843,PIGEON PEA (RED GRAM/ARHAR),BRG-4 (BRG 10-2),KARNATAKA,12 - 12.32 Qt/Ha,Yes,Early
8844,BARLEY,RD 2786,"MADHYA PRADESH, GUJARAT, RAJASTHAN",580.2 - 61.4 Qt/Ha,Yes,Medium
8845,BARLEY,Narendra Barley 1445 (NDB-1445),UTTAR PRADESH,32 - 38 Qt/Ha,Yes,Medium
8846,HORSE GRAM (KULTHI),VL Gahat-8,"UTTAR PRADESH, UTTARAKHAND, HIMACHAL PRADESH, HARYANA, PUNJAB, RAJASTHAN, DELHI",9 - 10 Qt/Ha,Yes,Late
8847,HORSE GRAM (KULTHI),VL Gahat-10,"UTTARAKHAND, UTTAR PRADESH, RAJASTHAN, PUNJAB, KERALA, HIMACHAL PRADESH, HARYANA, DELHI",7 - 8 Qt/Ha,Yes,Late
8848,PADDY (DHAN),RONGILEE,,3500 - 3500 Qt/Ha,No,
8849,PADDY (DHAN),DRR-1 (RPRH-25-104-1-2) (IET-20010),,5400 - 6800 Qt/Ha,No,
8850,PADDY (DHAN),KUSHOL,,4000 - 4000 Qt/Ha,No,
8851,WHEAT,K-8962,,1940 - 1940 Qt/Ha,No,
8852,PADDY (DHAN),RANJEET,,4000 - 4000 Qt/Ha,No,
8853,PADDY (DHAN),PNR-162,,5000 - 5000 Qt/Ha,No,
8854,FINGER MILLET (RAGI),CHILIKA (OEB-10),,2620 - 2620 Qt/Ha,No,
8855,PADDY (DHAN),MAHAMAYA,,4300 - 4300 Qt/Ha,No,
8856,PADDY (DHAN),KARNATAKA RICE HYBRID-1,,,No,
8857,WHEAT,SAFED LERMA,,,No,
8858,PADDY (DHAN),PY-5,,6000 - 6000 Qt/Ha,No,
8859,PADDY (DHAN),GAUTAM-B,,6800 - 6800 Qt/Ha,No,
8860,WHEAT,HD-2281,,4300 - 4500 Qt/Ha,No,
8861,PADDY (DHAN),BIRSA DHAN-107,,3000 - 3500 Qt/Ha,No,
8862,PADDY (DHAN),BIRSA DHAN-106,,3200 - 3500 Qt/Ha,No,
8863,PADDY (DHAN),BIRSA DHAN-201,,3000 - 3500 Qt/Ha,No,
8864,INDIAN BEAN (FIELD BEAN),Utkarsh (IPR-98-5),,,No,
8865,INDIAN BEAN (FIELD BEAN),ANKUR (RJS-178),,,No,
8866,INDIAN BEAN (FIELD BEAN),Vikas (IPFD 99-33),,,No,
8867,WHEAT,K-88,,3720 - 4610 Qt/Ha,No,
8868,PADDY (DHAN),BIRSA DHAN-202,,3500 - 4000 Qt/Ha,No,
8869,PADDY (DHAN),VAIDEHI,,3000 - 3000 Qt/Ha,No,
8870,PADDY (DHAN),NIDHIN (IET-9994),,3987 - 3987 Qt/Ha,No,
8871,INDIAN BEAN (FIELD BEAN),BUNDEL SEM-1 (JLP-4),,,No,
8872,INDIAN BEAN (FIELD BEAN),HA-4,,,No,
8873,PADDY (DHAN),Narendra Usar Dhan 2009 (NDRK 50002) (IET 19667),,,No,
8874,PADDY (DHAN),PHB-71,,8750 - 8750 Qt/Ha,No,
8875,PADDY (DHAN),PUSA-677 ( IET- 12617),,5500 - 5500 Qt/Ha,No,
8876,PADDY (DHAN),PURNENDU (IET-10029),,5320 - 5320 Qt/Ha,No,
8877,CASTOR,GCH-3 (JHB-67),,,No,
8878,CASTOR,PUNJAB NO.1,,,No,
8879,PADDY (DHAN),VL DHAN-61 (IET-13485) (VL 89-1179),,5000 - 5400 Qt/Ha,No,
8880,PADDY (DHAN),TRIGUHNA (IET-12875),,4400 - 4400 Qt/Ha,No,
8881,GROUNDNUT,GG-6,,,No,
8882,PADDY (DHAN),KARNATAKA RICE HYBRID-2,,7500 - 8500 Qt/Ha,No,
8883,PADDY (DHAN),Malaviya Basmati Dhan 10-9 (HUBR 10-9),,55 - 60 Qt/Ha,No,
8884,PADDY (DHAN),VNR 2375 PLUS (VNR-203),,18 - 28 Qt/Ha,No,
8885,PADDY (DHAN),Sun Vaaman,,,No,
8886,PADDY (DHAN),NMH - 1242,"ANDHRA PRADESH, PUNJAB, HARYANA, DELHI, UTTAR PRADESH, KARNATAKA, TAMIL NADU, MAHARASHTRA, RAJASTHAN, GUJARAT, CHHATTISGARH, MADHYA PRADESH",85 - 120 Qt/Ha,Yes,Medium
8887,PADDY (DHAN),Improved Tapaswini (CRMAS 2622-7-6),,,No,
8888,CASTOR,DCH-519 (M-574),,,No,
8889,GROUNDNUT,TMV-7,,,No,
8890,GROUNDNUT,POLLACHI-1,,,No,
8891,PADDY (DHAN),POOJA (IET-12241),,4000 - 5000 Qt/Ha,No,
8892,WHEAT,MACS 6478,,,No,
8893,WHEAT,CO W2,,,No,
8894,PADDY (DHAN),6129 (BS- 129) (HRI 152) (IET 18815),"RAJASTHAN, PUNJAB, UTTAR PRADESH, KARNATAKA",60 - 65 Qt/Ha,Yes,Medium
8895,PADDY (DHAN),Pushpa (IET 17509),WEST BENGAL,,Yes,
8896,PADDY (DHAN),CR Dhan 206 (Gopinath) (CR 2996-1-14-29-3-1) (IET 22731),,,No,
8897,PADDY (DHAN),CR Dhan 203 (Sachala lET- 2717-10-IR 84899-B-185) (IET 22731),,,No,
8898,FINGER MILLET (RAGI),BAHIRABI (BM-9-1),,2746 - 4400 Qt/Ha,No,
8899,PADDY (DHAN),"CSR-27 (IET-13765,CSR-88-IR-6)",,6000 - 6500 Qt/Ha,No,
8900,PADDY (DHAN),KONARK (IET-12734),,,No,
8901,PADDY (DHAN),MAHANADI (IET-13356),,,No,
8902,PADDY (DHAN),RAMACHANDI (IET-13354),,,No,
8903,NIGER (RAMTIL),DEOMALI (GA-10),,498 - 498 Qt/Ha,No,
8904,FINGER MILLET (RAGI),NIRMAL,,,No,
8905,FINGER MILLET (RAGI),Phule Nachani-1(KOPN-235),,,No,
8906,FINGER MILLET (RAGI),NILACHAL,,,No,
8907,FINGER MILLET (RAGI),SIMHADRI,"ANDHRA PRADESH, TAMIL NADU",12+ Qt/Ha,Yes,Early
8908,NIGER (RAMTIL),JNS-9,"MADHYA PRADESH, ODISHA, CHHATTISGARH, MAHARASHTRA, KARNATAKA",550 - 700 Qt/Ha,Yes,Medium
8909,PADDY (DHAN),Dhanrasi (IET-15358),,5000 - 6500 Qt/Ha,No,
8910,SUNFLOWER,RSFH-130 (Bhadra),,,No,
8911,PADDY (DHAN),PANT DHAN16 (IET-14807),,2725 - 4116 Qt/Ha,No,
8912,PADDY (DHAN),"VIVEK DHAN 82 (IET-15437,VL 94-3143)",,4500 - 5000 Qt/Ha,No,
8913,PADDY (DHAN),PR-115,,,No,
8914,PADDY (DHAN),VIVEK DHAN-62 (IET-14621),,4614 - 4614 Qt/Ha,No,
8915,MAIZE (MAKKA),Hybrid Maize Ranjit,,,No,
8916,PADDY (DHAN),6201 (CPA 103),,6000 - 6500 Qt/Ha,No,
8917,PADDY (DHAN),KALACHAMPA,ODISHA,70 - 80 Qt/Ha,Yes,Late
8918,PADDY (DHAN),CR DHAN-307 (Maudamani) (CR 2599) IET 20925),,,No,
8919,MAIZE (MAKKA),HM-8(HKH-1188),,6260 - 6260 Qt/Ha,No,
8920,NIGER (RAMTIL),NRS-96-1,,300 - 350 Qt/Ha,No,
8921,GROUNDNUT,HNG-10,,,No,
8922,LENTIL (MASUR),Raj Vijay Lentil 31 (JL 31),MADHYA PRADESH,18 - 19 Qt/Ha,Yes,Medium
8923,PADDY (DHAN),"HYBRID 6444 (IET-16434,HRI-120)",,6000 - 8000 Qt/Ha,No,
8924,MAIZE (MAKKA),NK-30 (NECH - 132),,,No,
8925,KODO MILLET,JAWAHAR KODO-76,,,No,
8926,GROUNDNUT,JL-24,,1800 - 2000 Qt/Ha,No,
8927,GROUNDNUT,CSMG 9510 (Utkarsh),"UTTAR PRADESH, PUNJAB, RAJASTHAN",2000 - 2200 Qt/Ha,Yes,Late
8928,ITALIAN MILLET (FOX TAIL MILLET),SiA 3156,"ANDHRA PRADESH, KARNATAKA, TAMIL NADU, BIHAR",31 - 33 Qt/Ha,Yes,Medium
8929,GROUNDNUT,GG-21 (JSSP 15),"UTTAR PRADESH, PUNJAB, RAJASTHAN",1830 - 1850 Qt/Ha,Yes,Late
8930,PADDY (DHAN),Pant Sugandh Dhan-17(IET-17263)(UPR 2879-98-105),,3862 - 3962 Qt/Ha,No,
8931,PADDY (DHAN),"PUSA SUGANDH-2 (IET-16310,PUSA-204-1-126)",,3747 - 3747 Qt/Ha,No,
8932,PADDY (DHAN),"CSR 30 (88-H5-1-1-2 IET-14720, YAMANI )",,3000 - 3500 Qt/Ha,No,
8933,PADDY (DHAN),Jhona-20,,,No,
8934,PADDY (DHAN),Vijaya,,,No,
8935,BARLEY,RS-6,,,No,
8936,PADDY (DHAN),Pant Sugandh Dhan-15 (IET-14132)(UPRBS 92-4),,3500 - 4100 Qt/Ha,No,
8937,PIGEON PEA (RED GRAM/ARHAR),TYPE-21 (T-21),,,No,
8938,PIGEON PEA (RED GRAM/ARHAR),PRABHAT,,,No,
8939,PIGEON PEA (RED GRAM/ARHAR),HY-1,,,No,
8940,PIGEON PEA (RED GRAM/ARHAR),JA-3,,,No,
8941,SWEET POTATO,SREE  BHADRA,,,No,
8942,SORGHUM,CSH-9,,,No,
8943,MOTH BEAN,MOTH-880,,452 - 452 Qt/Ha,No,
8944,SORGHUM,Phule Rohini (RPASV3),,,No,
8945,NIGER (RAMTIL),DNS 4,,,No,
8946,INDIAN MUSTARD,PBR-210,,,No,
8947,INDIAN MUSTARD,RGN-48,,,No,
8948,PADDY (DHAN),Rajendra Mahsuri-1,,5500 - 5500 Qt/Ha,No,
8949,BARLEY,DWRB-92,"PUNJAB, DELHI, UTTAR PRADESH, HARYANA",26 - 30 Qt/Ha,Yes,Medium
8950,BLACK GRAM,GAU MOTH-1,,,No,
8951,PEAS,AMBIKA (IM-9102),,1200 - 2000 Qt/Ha,No,
8952,PADDY (DHAN),SWETHA (lET - 14735),,5303 - 5403 Qt/Ha,No,
8953,PEAS,P-23,,,No,
8954,PEAS,P-8,,,No,
8955,PADDY (DHAN),Abhishek (IET - 17868)(RR-272-829),,4500 - 5000 Qt/Ha,No,
8956,PADDY (DHAN),PRH-122 (IET -17248),,5600 - 5600 Qt/Ha,No,
8957,PIGEON PEA (RED GRAM/ARHAR),T-7,,1600 - 2000 Qt/Ha,No,
8958,WHEAT,RAJ-911,,,No,
8959,GREEN GRAM,MUM-2,,1200 - 1500 Qt/Ha,No,
8960,GREEN GRAM,DEEPALI (HPK-6),,,No,
8961,BARLEY,Sindhu (NBL-11),JAMMU AND KASHMIR,8 - 15 Qt/Ha,Yes,Medium
8962,BRINJAL,VNR-218,"ASSAM, WEST BENGAL, PUNJAB, JHARKHAND, ODISHA, ANDAMAN AND NICOBAR ISLANDS, ARUNACHAL PRADESH, MEGHALAYA, MANIPUR, MIZORAM, NAGALAND, TRIPURA",250 - 400 Qt/Ha,Yes,Medium
8963,INDIAN BEAN (FIELD BEAN),CO-9,,,No,
8964,INDIAN BEAN (FIELD BEAN),RAJNI (DOLICHOS BEAN),,15000 - 17500 Qt/Ha,No,
8965,MAIZE (MAKKA),Vivek Maize Hybrid 33 (FH 3352)(B-Line),,,No,
8966,PADDY (DHAN),ORUGALLU,,5500 - 6000 Qt/Ha,No,
8967,PEAS,JP-885,,2000 - 2000 Qt/Ha,No,
8968,PEAS,Vikas (IPFD-99-33),,,No,
8969,SPINACH,PUNJAB GREEN,,,No,
8970,PIGEON PEA (RED GRAM/ARHAR),JAWAHAR KM-7,,1311 - 2041 Qt/Ha,No,
8971,PIGEON PEA (RED GRAM/ARHAR),PUSA-74,,,No,
8972,PIGEON PEA (RED GRAM/ARHAR),20(105)(RABI),,2000 - 2500 Qt/Ha,No,
8973,PIGEON PEA (RED GRAM/ARHAR),MANAK (H-77-216),,2024 - 2024 Qt/Ha,No,
8974,PIGEON PEA (RED GRAM/ARHAR),MARUTI (ICP-8863),,1500 - 1500 Qt/Ha,No,
8975,CASTOR,DCS-107,,1762 - 1762 Qt/Ha,No,
8976,PIGEON PEA (RED GRAM/ARHAR),JAGRITI (ICPL-151),,2000 - 2400 Qt/Ha,No,
8977,PIGEON PEA (RED GRAM/ARHAR),S-5 (PUSA AGETI),,,No,
8978,PEAS,IPFD 10-12,"MADHYA PRADESH, CHHATTISGARH, GUJARAT, MAHARASHTRA, RAJASTHAN",22 - 25 Qt/Ha,Yes,Medium
8979,BRINJAL,Shalimar Brinjal Hybrid-2,,,No,
8980,RAJMA (PULSES),Kailash (SRC-74),,,No,
8981,SAFFLOWER,S-144,,,No,
8982,MOCHAI (LAB-LAB),CO.9,,,No,
8983,CASTOR,CH-1,,,No,
8984,CASTOR,GIRIJA (S-248-2),,,No,
8985,GROUNDNUT,"GG-7 (GUJARAT GROUNDNUT-7, J-38)",,2149 - 2149 Qt/Ha,No,
8986,LINSEED,PARVATI (LMH 16-5),,1600 - 1700 Qt/Ha,No,
8987,PADDY (DHAN),SAFRI-17,,,No,
8988,WHEAT,PBW-175,,3650 - 3650 Qt/Ha,No,
8989,GROUNDNUT,MH-2,,,No,
8990,GROUNDNUT,TYPE-28,,,No,
8991,GROUNDNUT,KARAD-4-11,,,No,
8992,GROUNDNUT,UF-70-103,,,No,
8993,GROUNDNUT,KAUSHAL (G-201),,1500 - 1800 Qt/Ha,No,
8994,GROUNDNUT,ICGS-5 (ICGV-87121),,2000 - 2700 Qt/Ha,No,
8995,INDIAN MUSTARD,CS-54 (CS 614-4-1-4),,,No,
8996,GROUNDNUT,Prutha (Dh-86),"GUJARAT, RAJASTHAN, MAHARASHTRA, ODISHA, WEST BENGAL",4020 - 4050 Qt/Ha,Yes,Late
8997,GROUNDNUT,TG-38 (TG-38 B),"ODISHA, WEST BENGAL, BIHAR",2700 - 2800 Qt/Ha,Yes,Late
8998,SESAME (GINGELLY),Thilathara,KERALA,7 - 8.5 Qt/Ha,Yes,Medium
8999,GROUNDNUT,Divya (CSMG-2003-19),"UTTAR PRADESH, RAJASTHAN",2757 - 2760 Qt/Ha,Yes,Late
9000,GROUNDNUT,HNG-123 (HNG-123),"RAJASTHAN, UTTAR PRADESH, PUNJAB",2648 - 2648 Qt/Ha,Yes,Late
9001,GROUNDNUT,Gujarat Junagarh Groundnut-17 (JSP-48),GUJARAT,1790 - 1798 Qt/Ha,Yes,Late
9002,GROUNDNUT,Phule Bharati (JL 776),"MAHARASHTRA, MADHYA PRADESH",2100 - 2110 Qt/Ha,Yes,Medium
9003,INDIAN MUSTARD,RAGINI (MYSL-203),,,No,
9004,INDIAN MUSTARD,SUBINOY (YSB-19-7C),,1100 - 1800 Qt/Ha,No,
9005,SOYBEAN,TYPE-49,,,No,
9006,PEA (VEGETABLE),JAWAHAR MATAR-1,,,No,
9007,INDIAN MUSTARD,CS-56 (CS 234-2),,1300 - 1700 Qt/Ha,No,
9008,INDIAN MUSTARD,YSH 0401,,,No,
9009,INDIAN MUSTARD,RGN-229,,,No,
9010,INDIAN MUSTARD,RGN-236,,,No,
9011,SOYBEAN,SL-4,"PUNJAB, HARYANA, DELHI",16 - 20 Qt/Ha,Yes,Early
9012,TURNIP (SALJAM),4-WHITE,,,No,
9013,PADDY (DHAN),VL. Dhan-85 (IET-16455),,5212 - 5312 Qt/Ha,No,
9014,PADDY (DHAN),JGL 3844 (Jagtial Samba),,,No,
9015,TURMERIC,Punjab Haldi-1,PUNJAB,250 - 290 Qt/Ha,Yes,Late
9016,SWEET POTATO,SREE  RETNA,,,No,
9017,PADDY (DHAN),Virender (IET-17901) (RR 347-2),,1000 - 1000 Qt/Ha,No,
9018,PIGEON PEA (RED GRAM/ARHAR),PALNADU (IRG-30),,,No,
9019,BEET ROOT (GARDEN BEET/STOCK BEET),DETRICT DARK RED,,,No,
9020,PADDY (DHAN),CSR-23 (CSR-89IR-5)(IET-13769),,6500 - 7000 Qt/Ha,No,
9021,PADDY (DHAN),HPR-1156 (IET-16007),,2850 - 2850 Qt/Ha,No,
9022,SOYBEAN,CO-1,TAMIL NADU,17 - 20 Qt/Ha,Yes,Early
9023,SOYBEAN,TAMS-98-21,MAHARASHTRA,22 - 26 Qt/Ha,Yes,Early
9024,PADDY (DHAN),"Chandrama(CR-386-2-10) (IET9354,10419)",,,No,
9025,WHEAT,A-9-13-1,,,No,
9026,WHEAT,JANAK,,,No,
9027,INDIAN MUSTARD,PM-67,,,No,
9028,WHEAT,Himgiri (HS-375),,2660 - 2700 Qt/Ha,No,
9029,WHEAT,Tapovan (NIAW-917),"KERALA, KARNATAKA, MAHARASHTRA",46.6 - 62.5 Qt/Ha,Yes,Medium
9030,MAIZE (MAKKA),CO-1,,,No,
9031,CASTOR,DEEPAK (DCH-177)(DPC-9),,,No,
9032,WHEAT,PBW 658,,,No,
9033,FINGER MILLET (RAGI),RATNAGIRI (PR-1044),,,No,
9034,ITALIAN MILLET (FOX TAIL MILLET),CO-4,,,No,
9035,MAIZE (MAKKA),SARTAJ,"UTTAR PRADESH, PUNJAB, HARYANA, DELHI",280 - 300 Qt/Ha,Yes,Medium
9036,MAIZE (MAKKA),NARMADA MOTI (IC-9001),,4004 - 4004 Qt/Ha,No,
9037,MAIZE (MAKKA),Pusa Composite-3 (Composite-85134),,4388 - 4388 Qt/Ha,No,
9038,PEARL MILLET,BD-111,,,No,
9039,PEARL MILLET,PHB-10,,,No,
9040,PADDY (DHAN),SUREKHA,,,No,
9041,SORGHUM,Gujarat Fodder Sorghum,,5820 - 6490 Qt/Ha,No,
9042,SORGHUM,CSV 26 (SPV-1829),,,No,
9043,SORGHUM,CSV 27 (SPV 1870),,,No,
9044,INDIAN MUSTARD,Geeta (RB-9901) (RB-24),,,No,
9045,SORGHUM,SPH 1635,"TELANGANA, TAMIL NADU, ANDHRA PRADESH, KARNATAKA",18 - 19 Qt/Ha,Yes,Early
9046,BLACK GRAM,TROMBAY UDID 94-2 (TU-94-2),,,No,
9047,BLACK GRAM,T-9,,,No,
9048,BENGAL GRAM (CHICK PEA),G-235,,,No,
9049,BENGAL GRAM (CHICK PEA),PBG-1,,1600 - 1600 Qt/Ha,No,
9050,BENGAL GRAM (CHICK PEA),PHULE G-12,,1000 - 1000 Qt/Ha,No,
9051,BENGAL GRAM (CHICK PEA),BHARATI (ICCV-10),,,No,
9052,BENGAL GRAM (CHICK PEA),Ujjawal (IPCK 2004-29),"MADHYA PRADESH, MAHARASHTRA, CHHATTISGARH, RAJASTHAN, GUJARAT, UTTAR PRADESH",20 - 20 Qt/Ha,Yes,Early
9053,BENGAL GRAM (CHICK PEA),pusa - 547 (BGM-547),"PUNJAB, HARYANA, UTTARAKHAND, UTTAR PRADESH, RAJASTHAN, JAMMU",17 - 17 Qt/Ha,Yes,Late
9054,PADDY (DHAN),IGL-1798 ( JGL-1),,,No,
9055,PADDY (DHAN),CR-5-11,,,No,
9056,PADDY (DHAN),KANNAGI,,,No,
9057,PADDY (DHAN),CHINA-1007,,,No,
9058,PADDY (DHAN),TYPE-21,,,No,
9059,SORGHUM,Phule Revati (RSV 1006),"MAHARASHTRA, GUJARAT",40 - 45 Qt/Ha,Yes,Late
9060,PADDY (DHAN),IET-1722,,4500 - 5000 Qt/Ha,No,
9061,COWPEA (PULSES),UPC-607,,3500 - 4000 Qt/Ha,No,
9062,GREEN GRAM,MOONG GUJARAT-2,,800 - 1000 Qt/Ha,No,
9063,GREEN GRAM,ADT-3,,1000 - 1200 Qt/Ha,No,
9064,INDIAN MUSTARD,Raj Vijay Mustard 2 (RVM 2) (JMWR 08-3),"MADHYA PRADESH, CHHATTISGARH, UTTAR PRADESH",17 - 25 Qt/Ha,Yes,Medium
9065,GREEN GRAM,PKV Green Gold,,,No,
9066,GREEN GRAM,Shalimar Moong-2 (SKUAM-300),JAMMU AND KASHMIR,10 - 11 Qt/Ha,Yes,Medium
9067,INDIAN BEAN (FIELD BEAN),Kashi Harithima (IIVRSEM-8),,,No,
9068,INDIAN MUSTARD,Pusa Mustard 32 (LES 54),"RAJASTHAN, PUNJAB, UTTAR PRADESH, DELHI, HARYANA, HIMACHAL PRADESH, JAMMU AND KASHMIR",18 - 28 Qt/Ha,Yes,Medium
9069,PIGEON PEA (RED GRAM/ARHAR),Pusa-992,,1643 - 2434 Qt/Ha,No,
9070,BRINJAL,Shalimar Brinjal Hybrid-1,,,No,
9071,LENTIL (MASUR),KOTA MASOOR-2 (RKL 14-20),"MADHYA PRADESH, MAHARASHTRA, CHHATTISGARH, GUJARAT, UTTAR PRADESH, RAJASTHAN",11 - 16 Qt/Ha,Yes,Early
9072,GROUNDNUT,M-197,,1800 - 2000 Qt/Ha,No,
9073,INDIAN MUSTARD,M-27,,,No,
9074,SOYBEAN,VLS-47,"HIMACHAL PRADESH, UTTARAKHAND",23 - 24 Qt/Ha,Yes,Medium
9075,SOYBEAN,SHILAJEET,"UTTARAKHAND, HIMACHAL PRADESH, DELHI, PUNJAB, HARYANA, UTTAR PRADESH",20 - 25 Qt/Ha,Yes,Early
9076,INDIAN MUSTARD,Pusa Mustard-25 (NPJ-112),,1469 - 1469 Qt/Ha,No,
9077,INDIAN MUSTARD,MAYA (RK-9902),,2100 - 2200 Qt/Ha,No,
9078,INDIAN MUSTARD,Pitambari (RYSK-05-02),,1536 - 1536 Qt/Ha,No,
9079,INDIAN MUSTARD,CORAL 432 (PAC 432),,2206 - 2206 Qt/Ha,No,
9080,LINSEED,JLS-67 (Shival),,1257 - 1257 Qt/Ha,No,
9081,INDIAN MUSTARD,Pant Pili Sarson-1 (PYS 1),,,No,
9082,LINSEED,KL-1 (SURBHI),,900 - 1000 Qt/Ha,No,
9083,LINSEED,KL-31 (NAGARKOT),,1442 - 1442 Qt/Ha,No,
9084,LINSEED,SHIKHA (LCK-8528),,1233 - 1233 Qt/Ha,No,
9085,WHEAT,SUJATA (HI-617),,,No,
9086,SAFFLOWER,SAGAR MUTYALU,,1300 - 1400 Qt/Ha,No,
9087,SAFFLOWER,JAWAHAR SPINELESS SAFFLOWER-7,,415 - 1300 Qt/Ha,No,
9088,WHEAT,PV-18,,,No,
9089,WHEAT,NP-718,,,No,
9090,SESAME (GINGELLY),RT-103,,855 - 993 Qt/Ha,No,
9091,SESAME (GINGELLY),TKG-22,,6020 - 6020 Qt/Ha,No,
9092,SESAME (GINGELLY),YELLAMANCHILI-2,,800 - 900 Qt/Ha,No,
9093,SESAME (GINGELLY),TAPI (JLT-7),,700 - 800 Qt/Ha,No,
9094,SESAME (GINGELLY),RT-46,,600 - 800 Qt/Ha,No,
9095,SESAME (GINGELLY),KRISHNA,,600 - 1200 Qt/Ha,No,
9096,SESAME (GINGELLY),UMA (OMT 11-6-3),,900 - 1100 Qt/Ha,No,
9097,SESAME (GINGELLY),JT-21,,952 - 952 Qt/Ha,No,
9098,TRITICALE,TL-419,,,No,
9099,WHEAT,KHARCHIA-65,,,No,
9100,WHEAT,NI-747-19,,,No,
9101,MAIZE (MAKKA),KH 9451,,,No,
9102,PADDY (DHAN),Sabour Shree (RAU 724-48-33) (IET 18878),BIHAR,50 - 55 Qt/Ha,Yes,Late
9103,MAIZE (MAKKA),Dragon (NMH-1247),"PUNJAB, HARYANA, DELHI, UTTAR PRADESH",100 - 140 Qt/Ha,Yes,Late
9104,SOYBEAN,JS-93-05 (JAWAHAR SOYBEAN 93-05),"MADHYA PRADESH, RAJASTHAN, MAHARASHTRA",20 - 25 Qt/Ha,Yes,Early
9105,MAIZE (MAKKA),PMH 8 (JH 31244),,,No,
9106,MAIZE (MAKKA),UDAY (DMR-248) Mahabeej-1114,,,No,
9107,Bajra (Fodder),GIANT BAJRA,MAHARASHTRA,10 - 15 Qt/Ha,Yes,Medium
9108,SOYBEAN,PREATISHTHA (MAUS-61-2),"MAHARASHTRA, MADHYA PRADESH, GUJARAT, RAJASTHAN",20 - 25 Qt/Ha,Yes,Early
9109,ITALIAN MILLET (FOX TAIL MILLET),PANT SETARIA-4,,,No,
9110,ITALIAN MILLET (FOX TAIL MILLET),RC-128,,,No,
9111,SOYBEAN,MACS-58,,2000 - 2500 Qt/Ha,No,
9112,ITALIAN MILLET (FOX TAIL MILLET),K-3,,1621 - 1621 Qt/Ha,No,
9113,WHEAT,NP-884,,,No,
9114,MAIZE (MAKKA),PHM-12 (JPMH 4),"JAMMU, JAMMU AND KASHMIR, HIMACHAL PRADESH, UTTARAKHAND",50 - 60 Qt/Ha,Yes,Medium
9115,SOYBEAN,SAMRUDHI (MAUS-71),"MAHARASHTRA, ASSAM, MEGHALAYA",20 - 25 Qt/Ha,Yes,Early
9116,PADDY (DHAN),SRINIVAS (lET -2503),,,No,
9117,WHEAT,HW-657,,,No,
9118,LITTLE MILLET,JAWAHAR KUTKI-2,,700 - 1000 Qt/Ha,No,
9119,PEARL MILLET,RHB-58 (MH-320),,,No,
9120,PEARL MILLET,PUSA-444 (MH-444),,,No,
9121,PEARL MILLET,KBH-1,,,No,
9122,PADDY (DHAN),Gontra Bidhan-1 (IET 17430),"BIHAR, ODISHA, WEST BENGAL, ANDHRA PRADESH, TAMIL NADU, KERALA, KARNATAKA",50 - 55 Qt/Ha,Yes,Medium
9123,WHEAT,HD 2967,"BIHAR, ASSAM, JHARKHAND, ODISHA, WEST BENGAL, UTTAR PRADESH",42 - 46 Qt/Ha,Yes,Medium
9124,PEARL MILLET,MBH-136,,2500 - 3000 Qt/Ha,No,
9125,SORGHUM,GL-39,,,No,
9126,PEARL MILLET,RHB-173 (MH-1446),"RAJASTHAN, GUJARAT, HARYANA, PUNJAB, DELHI, UTTAR PRADESH, MADHYA PRADESH",30.73 - 30.73 Qt/Ha,Yes,Medium
9127,PEARL MILLET,BALAJI,,,No,
9128,PADDY (DHAN),VIJAY,"MAHARASHTRA, MADHYA PRADESH, GUJARAT",23 - 24 Qt/Ha,Yes,Early
9129,SOYBEAN,MACS 1188,"ANDHRA PRADESH, TELANGANA, TAMIL NADU",24.75 - 24.75 Qt/Ha,Yes,Early
9130,PADDY (DHAN),IR-64 Drt I (IR 87707-44-5-B-B-B),"TAMIL NADU, TELANGANA, ANDHRA PRADESH, CHHATTISGARH, MADHYA PRADESH",68 - 70 Qt/Ha,Yes,Medium
9131,SAFFLOWER,MKH-11,,1949 - 2000 Qt/Ha,No,
9132,PEARL MILLET,HB-1,,1500 - 1600 Qt/Ha,No,
9133,WHEAT,DWR-1006,KARNATAKA,37.6 - 46.6 Qt/Ha,Yes,Medium
9134,SOYBEAN,DSb-21,KARNATAKA,25 - 30 Qt/Ha,Yes,Early
9135,MAIZE (MAKKA),HYBRID MAIZE HIM-123,,,No,
9136,WHEAT,WH-283,,4100 - 4200 Qt/Ha,No,
9137,MAIZE (MAKKA),AMBAR COMPOSITE MAKKA,,,No,
9138,SORGHUM,MAU TYPE-1,,,No,
9139,SORGHUM,MOTI,,,No,
9140,PADDY (DHAN),CAUR-1,"MANIPUR, MEGHALAYA",55 - 60 Qt/Ha,Yes,Medium
9141,SORGHUM,CO-22,,,No,
9142,SORGHUM,NSH 55 (SPH 1703),,5500 - 6500 Qt/Ha,No,
9143,WHEAT,Pusa Pachheti (HD 3059 ),"PUNJAB, HARYANA, UTTARAKHAND, UTTAR PRADESH, RAJASTHAN",42.5 - 59.4 Qt/Ha,Yes,Late
9144,MAIZE (MAKKA),GANGA HYBRID MAKKA-9,,,No,
9145,MAIZE (MAKKA),VL AMBER POPCORN,,,No,
9146,PADDY (DHAN),IET 8116,KARNATAKA,65 - 75 Qt/Ha,Yes,Late
9147,SUGARCANE (NOBLE CANE),Him Shakti (VRB  - 3),,,No,
9148,MAIZE (MAKKA),CP 333 Hybrid,"CHHATTISGARH, GUJARAT, MADHYA PRADESH, RAJASTHAN",89 - 90 Qt/Ha,Yes,Late
9149,SUNFLOWER,PKVSF-9 (AKSF-9),,1200 - 1300 Qt/Ha,No,
9150,SUNFLOWER,JWALAMUKHI (PSCL-5015),,2500 - 2800 Qt/Ha,No,
9151,MAIZE (MAKKA),COH (M)-4,,5694 - 5694 Qt/Ha,No,
9152,SUNFLOWER,MSFH-8,,1500 - 1800 Qt/Ha,No,
9153,WHEAT,Hi-Starch,,,No,
9154,WHEAT,Ganga-5,,,No,
9155,WHEAT,Daccan,,,No,
9156,SUNFLOWER,APSH-11,,1500 - 2000 Qt/Ha,No,
9157,SUNFLOWER,LDMRSH-1,,1200 - 1300 Qt/Ha,No,
9158,FINGER MILLET (RAGI),K-5,,,No,
9159,BLACK GRAM,SHEKHAR-2 (KU-300),,1133 - 1133 Qt/Ha,No,
9160,SUNFLOWER,LDMRSH-3,,760 - 760 Qt/Ha,No,
9161,SUNFLOWER,PSFH-67,,2125 - 2125 Qt/Ha,No,
9162,BLACK GRAM,Madhira Minumu-207,,1300 - 1300 Qt/Ha,No,
9163,SUGARCANE (NOBLE CANE),CoOr 04152 (Raghunath),ODISHA,107 - 126 Qt/Ha,Yes,Medium
9164,OAT,Shalimar Fodder Oats-4 (SKO-108),"JAMMU, KASHMIR",455 - 460 Qt/Ha,Yes,Medium
9165,WHEAT,Nilgiri Khapli (HW 1098),"GUJARAT, MAHARASHTRA, KARNATAKA, TAMIL NADU",41 - 47 Qt/Ha,Yes,Medium
9166,GROUNDNUT,TGLPS-3 (TDG-39),KARNATAKA,2500 - 3000 Qt/Ha,Yes,Medium
9167,SUNFLOWER,SH-416,,1500 - 1750 Qt/Ha,No,
9168,RAJMA (PULSES),VL-1,,,No,
9169,WHEAT,Chhoti Lerma,,,No,
9170,BLACK GRAM,VBN (GG) 3,,,No,
9171,WHEAT,RSP 561,"JAMMU, JAMMU AND KASHMIR, HIMACHAL PRADESH",35 - 40 Qt/Ha,Yes,Medium
9172,GROUNDNUT,DSG-1,KARNATAKA,30 - 40 Qt/Ha,Yes,Medium
9173,SUGARCANE (NOBLE CANE),CoOr 05346 (NEELCHAKRA),ODISHA,102 - 139 Qt/Ha,Yes,Medium
9174,GROUNDNUT,Raj Mungfali-2 (RG-578),"WEST BENGAL, ODISHA, MANIPUR",1580 - 1590 Qt/Ha,Yes,Late
9175,SESAME (GINGELLY),SMARAK (OSC 560),"BIHAR, WEST BENGAL, ODISHA",10.52 - 11.23 Qt/Ha,Yes,Medium
9176,SESAME (GINGELLY),SUBHRA (OSC 207),"ODISHA, WEST BENGAL",9 - 11 Qt/Ha,Yes,Medium
9177,LINSEED,LC-54,,,No,
9178,BENGAL GRAM (CHICK PEA),RS-10,,,No,
9179,BENGAL GRAM (CHICK PEA),RS-11,,,No,
9180,INDIAN MUSTARD,PBR-357,PUNJAB,22.24 - 26 Qt/Ha,Yes,Medium
9181,BENGAL GRAM (CHICK PEA),JG-74,,1103 - 1103 Qt/Ha,No,
9182,PADDY (DHAN),HKR-47,,,No,
9183,FRENCH BEAN (VEGETABLE),OOTY 1,,,No,
9184,INDIAN MUSTARD,Giriraj (DRMRIJ 31),,,No,
9185,GREEN GRAM,OTHER VARIETY (GM)(Non-notified),,,No,
9186,INDIAN MUSTARD,RRN-505 (RN-505),,,No,
9187,MAIZE (MAKKA),HM-12 (HKH 313),,,No,
9188,SORGHUM,OTHER VARIETY (S)(Non-notified),,,No,
9189,GUAR (CLUSTER BEAN),OTHER VARIETY GU (Non-notified),,,No,
9190,COWPEA (VEGETABLE),PUSA-KOMAL,,,No,
9191,FRENCH BEAN (VEGETABLE),ARKA KOMAL (SEL-9,,,No,
9192,INDIAN MUSTARD,NARENDRA AGETI RAI-4,,,No,
9193,MOTH BEAN,OTHER VARIETY MB (Non-notified),,,No,
9194,COWPEA (FODDER),UPC 8705,,,No,
9195,PADDY (DHAN),BINA DHA 12,,,No,
9196,MAIZE (MAKKA),HSC 1,,,No,
9197,LATHYRUS,RATAN (BioL-212),,,No,
9198,MAIZE (MAKKA),PMH 5 (JH 31110),,,No,
9199,INDIAN MUSTARD,NRCDR-02,,,No,
9200,INDIAN MUSTARD,KANTI (RK-9807),,,No,
9201,INDIAN MUSTARD,Hyola PAC-401,,,No,
9202,MAIZE (MAKKA),Shalimar Maize Composite-3,,,No,
9203,FRENCH BEAN (VEGETABLE),PHULE SUREKHA (KOF B-4,,,No,
9204,INDIAN MUSTARD,RCC-4,,,No,
9205,PEA (VEGETABLE),PANT MATAR-2,,,No,
9206,FINGER MILLET (RAGI),OTHER VARIETY (FM)(Non-notified),,,No,
9207,PADDY (DHAN),BAHADUR (IET - 13358),,,No,
9208,PEA (VEGETABLE),VL MATAR-3,,,No,
9209,CASTOR,OTHER HYBRID (C)(Non-notified),,,No,
9210,PIGEON PEA (RED GRAM/ARHAR),OTHER VARIETY (RG)(Non-notified),,,No,
9211,Sorghum (fodder),M.P. CHARI,,,No,
9212,COWPEA (FODDER),EC-4216,,,No,
9213,INDIAN MUSTARD,BAUR 9502 (SHIVANI),,,No,
9214,Maize (fodder),Pratap Makka Chari-6,,,No,
9215,KNOL-KHOL,G-40 (SJKK-01),,,No,
9216,INDIAN MUSTARD,RGN 145,,,No,
9217,INDIAN MUSTARD,RH 0406,,,No,
9218,MAIZE (MAKKA),OTHER HYBRID (M)(Non-notified),,,No,
9219,Bajra (Fodder),RAJKO,,,No,
9220,SOYBEAN,NRC 270,,,No,
9221,INDIAN MUSTARD,RH-30,,,No,
9222,PEARL MILLET,OTHER VARIETY (PM)(Non-notified),,,No,
9223,BENGAL GRAM (CHICK PEA),OTHER VARIETY G (Non-notified),,,No,
9224,FINGER MILLET (RAGI),SARADA,,,No,
9225,BARLEY,OTHER VARIETY B (Non-notified),,,No,
9226,MAIZE (MAKKA),DKC 7074RDKC 7074 R (MCH-35),,,No,
9227,INDIAN MUSTARD,Pusa Mustard 26 (NPJ-113),,,No,
9228,PADDY (DHAN),Annada,,,No,
9229,BLACK GRAM,OTHER VARIETY BG (Non-notified),,,No,
9230,INDIAN MUSTARD,Jawahar Mustard-2 (JMWR-941-1-2),,,No,
9231,Bajra (Fodder),Hybrid Bajra-3,,,No,
9232,BARLEY,RD2668,,,No,
9233,MAIZE (MAKKA),Win Orange Sweet Corn,,,No,
9234,INDIAN MUSTARD,Pant Rai-19 (PR-2006-1),,,No,
9235,SUNFLOWER,OTHER HYBRID (SN)(Non-notified),,,No,
9236,WHEAT,KPH-460 (IET 22938),,,No,
9237,INDIAN MUSTARD,DIVYA -33,,,No,
9238,Bajra (Fodder),BAIF Bajra-1,,,No,
9239,PADDY (DHAN),Bina Dhan 11,,,No,
9240,POTATO,OTHER VARIETY (PO)(Non-notified),,,No,
9241,Bajra (Fodder),Avika Bajra Chari (AVKS-19),,,No,
9242,TORIA,ORT-2-4 (PARVATI-1),,,No,
9243,PADDY (DHAN),Pusa Basmati 1121,,,No,
9244,SORGHUM,OTHER HYBRID (S)(Non-notified),,,No,
9245,COWPEA (FODDER),KONKAN FODDER COWPEA-1 (DFC-1),,,No,
9246,ARECANUT (SUPARI),NALBARI (VTL 75),,,No,
9247,PADDY (DHAN),OTHER VARIETY (Non-notified),,,No,
9248,FRENCH BEAN (VEGETABLE),VL 2,,,No,
9249,PEA (VEGETABLE),VIVEK-6 (VL-6),,,No,
9250,SOYBEAN,NRC 268,,,No,
9251,INDIAN MUSTARD,Pusa MUSTARD 29 (LET - 36),,,No,
9252,COWPEA (PULSES),OTHER VARIETY CP (Non-notified),,,No,
9253,PADDY (DHAN),SUKHADHAN 6,,,No,
9254,BHINDI (OKRA),NBH-180,,,No,
9255,GROUNDNUT,OTHER VARIETY GNUT (Non-notified),,,No,
9256,MAIZE (MAKKA),OTHER VARIETY (M)(Non-notified),,,No,
9257,PADDY (DHAN),OTHER HYBRID (Non-notified),,,No,
9258,COWPEA (FODDER),BUNDEL LOBIA 2,,,No,
9259,COTTON,OTHER HYBRID (COTN)(Non-notified),,,No,
9260,MAIZE (MAKKA),Partap Makka Chari-6 (EC 3135),,,No,
9261,WHEAT,OTHER VARIETY W (Non-notified),,,No,
9262,MAIZE (MAKKA),HM-12,,,No,
9263,Bajra (Fodder),BAIF Bajra-7,,,No,
9264,ARECANUT (SUPARI),Madhuramangala (VTL-62) (SHRIWARDHAN1),,,No,
9265,INDIAN MUSTARD,RGN-298,,,No,
9266,INDIAN MUSTARD,DURGAMANI,,,No,
9267,MAIZE (MAKKA),Pant Shankar Makka-1,,,No,
9268,SOYBEAN,OTHER VARIETY SOYA (Non-notified),,,No,
9269,WHEAT,Himgiri (Shimla B-1),,,No,
9270,PEA (VEGETABLE),VL AGETI MATAR-7,,,No,
9271,Sorghum (fodder),PUSA CHARI-9 (PC-9),,,No,
9272,SESAME (GINGELLY),TMV (Sv)-2,,,No,
9273,PEA (VEGETABLE),AZAD P-2,,,No,
9274,Bajra (Fodder),FBC 16,,,No,
9275,INDIAN MUSTARD,OTHER VARIETY IM (Non-notified),,,No,
9276,PEARL MILLET,OTHER HYBRID (PM)(Non-notified),,,No,
9277,AMARANTHUS,Co-2,,,No,
9278,PADDY (DHAN),SUKHADHAN 5,,,No,
9279,PADDY (DHAN),BINA DHAN 8,,,No,
9280,PEA (VEGETABLE),MATAR AGETA-6,,,No,
9281,Sorghum (fodder),PUSA CHARI-23 (PC-23),,,No,
9282,INDIAN MUSTARD,RGN 73,,,No,
9283,SAFFLOWER,Sharda,,,No,
9284,SOYBEAN,NRC 164,,,No,
9285,SESAME (GINGELLY),OTHER VARIETY S (Non-notified),,,No,
9286,Bajra (Fodder),HC-20 (HMP 9102),,,No,
9287,Sorghum (fodder),HC 136,,,No,
9288,SUGARCANE (NOBLE CANE),Bhima ( Co 8371),,,No,
9289,PEA (VEGETABLE),MITHI PHALLI (OREGAN SUGAR-POD),,,No,
9290,Bajra (Fodder),Raj Bajra Chari-2,,,No,
9291,INDIAN MUSTARD,RL-18,,,No,
9292,Bajra (Fodder),CO--8,,,No,
9293,WHEAT,Narendera wheat 4018,,,No,
9294,INDIAN MUSTARD,Pusa Mustard 27(EJ-17),,,No,
9295,TORIA,Agrani (B-54),,,No,
9296,PADDY (DHAN),BINA DHA 10,,,No,
9297,WHEAT,Sangla (Sangla B-1),,,No,
